0 verbose cli C:\Program Files\nodejs\node.exe C:\Users\Joe_E\AppData\Roaming\npm\node_modules\npm\bin\npm-cli.js
1 info using npm@11.6.3
2 info using node@v25.2.1
3 silly config load:file:C:\Users\Joe_E\AppData\Roaming\npm\node_modules\npm\npmrc
4 silly config load:file:D:\Users\coding\hr_frontend\.npmrc
5 silly config load:file:C:\Users\Joe_E\.npmrc
6 silly config load:file:C:\Users\Joe_E\AppData\Roaming\npm\etc\npmrc
7 verbose title npm install
8 verbose argv "install" "--legacy-peer-deps" "--cache" ".npm-cache" "--prefer-online"
9 verbose logfile logs-max:10 dir:D:\Users\coding\hr_frontend\.npm-cache\_logs\2026-03-30T11_14_46_252Z-
10 verbose logfile D:\Users\coding\hr_frontend\.npm-cache\_logs\2026-03-30T11_14_46_252Z-debug-0.log
11 silly logfile done cleaning log files
12 silly packumentCache heap:4496293888 maxSize:1124073472 maxEntrySize:562036736
13 silly idealTree buildDeps
14 silly reify moves {}
15 http fetch GET 200 https://registry.npmjs.org/npm 778ms
16 silly audit bulk request {
16 silly audit   '@ampproject/remapping': [ '2.3.0' ],
16 silly audit   '@angular-devkit/architect': [ '0.1802.21' ],
16 silly audit   rxjs: [ '7.8.1', '7.8.2' ],
16 silly audit   '@angular-devkit/build-angular': [ '18.2.21' ],
16 silly audit   tslib: [ '2.6.3', '2.8.1' ],
16 silly audit   '@angular-devkit/build-webpack': [ '0.1802.21' ],
16 silly audit   '@angular-devkit/core': [ '18.2.21' ],
16 silly audit   '@angular-devkit/schematics': [ '18.2.21' ],
16 silly audit   '@angular/animations': [ '18.2.14' ],
16 silly audit   '@angular/build': [ '18.2.21' ],
16 silly audit   '@babel/core': [ '7.25.2', '7.26.10' ],
16 silly audit   semver: [ '6.3.1', '5.7.2', '7.6.3' ],
16 silly audit   '@babel/helper-annotate-as-pure': [ '7.24.7', '7.25.9', '7.27.3' ],
16 silly audit   'convert-source-map': [ '2.0.0', '1.9.0' ],
16 silly audit   '@angular/cli': [ '18.2.21' ],
16 silly audit   '@angular/common': [ '18.2.14' ],
16 silly audit   '@angular/compiler': [ '18.2.14' ],
16 silly audit   '@angular/compiler-cli': [ '18.2.14' ],
16 silly audit   chokidar: [ '4.0.3', '3.6.0' ],
16 silly audit   readdirp: [ '4.1.2', '3.6.0' ],
16 silly audit   '@angular/core': [ '18.2.14' ],
16 silly audit   '@angular/forms': [ '18.2.14' ],
16 silly audit   '@angular/platform-browser': [ '18.2.14' ],
16 silly audit   '@angular/platform-browser-dynamic': [ '18.2.14' ],
16 silly audit   '@angular/router': [ '18.2.14' ],
16 silly audit   '@babel/code-frame': [ '7.29.0' ],
16 silly audit   '@babel/compat-data': [ '7.29.0' ],
16 silly audit   '@babel/generator': [ '7.26.10', '7.29.1' ],
16 silly audit   '@babel/helper-compilation-targets': [ '7.28.6' ],
16 silly audit   '@babel/helper-create-class-features-plugin': [ '7.28.6' ],
16 silly audit   '@babel/helper-create-regexp-features-plugin': [ '7.28.5' ],
16 silly audit   '@babel/helper-define-polyfill-provider': [ '0.6.8' ],
16 silly audit   resolve: [ '1.22.11', '1.22.8' ],
16 silly audit   '@babel/helper-globals': [ '7.28.0' ],
16 silly audit   '@babel/helper-member-expression-to-functions': [ '7.28.5' ],
16 silly audit   '@babel/helper-module-imports': [ '7.28.6' ],
16 silly audit   '@babel/helper-module-transforms': [ '7.28.6' ],
16 silly audit   '@babel/helper-optimise-call-expression': [ '7.27.1' ],
16 silly audit   '@babel/helper-plugin-utils': [ '7.28.6' ],
16 silly audit   '@babel/helper-remap-async-to-generator': [ '7.27.1' ],
16 silly audit   '@babel/helper-replace-supers': [ '7.28.6' ],
16 silly audit   '@babel/helper-skip-transparent-expression-wrappers': [ '7.27.1' ],
16 silly audit   '@babel/helper-split-export-declaration': [ '7.24.7' ],
16 silly audit   '@babel/helper-string-parser': [ '7.27.1' ],
16 silly audit   '@babel/helper-validator-identifier': [ '7.28.5' ],
16 silly audit   '@babel/helper-validator-option': [ '7.27.1' ],
16 silly audit   '@babel/helper-wrap-function': [ '7.28.6' ],
16 silly audit   '@babel/helpers': [ '7.29.2' ],
16 silly audit   '@babel/parser': [ '7.29.2' ],
16 silly audit   '@babel/plugin-bugfix-firefox-class-in-computed-class-key': [ '7.28.5' ],
16 silly audit   '@babel/plugin-bugfix-safari-class-field-initializer-scope': [ '7.27.1' ],
16 silly audit   '@babel/plugin-bugfix-safari-id-destructuring-collision-in-function-expression': [ '7.27.1' ],
16 silly audit   '@babel/plugin-bugfix-v8-spread-parameters-in-optional-chaining': [ '7.27.1' ],
16 silly audit   '@babel/plugin-bugfix-v8-static-class-fields-redefine-readonly': [ '7.28.6' ],
16 silly audit   '@babel/plugin-proposal-private-property-in-object': [ '7.21.0-placeholder-for-preset-env.2' ],
16 silly audit   '@babel/plugin-syntax-import-assertions': [ '7.28.6' ],
16 silly audit   '@babel/plugin-syntax-import-attributes': [ '7.24.7', '7.28.6' ],
16 silly audit   '@babel/plugin-syntax-unicode-sets-regex': [ '7.18.6' ],
16 silly audit   '@babel/plugin-transform-arrow-functions': [ '7.27.1' ],
16 silly audit   '@babel/plugin-transform-async-generator-functions': [ '7.26.8' ],
16 silly audit   '@babel/plugin-transform-async-to-generator': [ '7.25.9' ],
16 silly audit   '@babel/plugin-transform-block-scoped-functions': [ '7.27.1' ],
16 silly audit   '@babel/plugin-transform-block-scoping': [ '7.28.6' ],
16 silly audit   '@babel/plugin-transform-class-properties': [ '7.28.6' ],
16 silly audit   '@babel/plugin-transform-class-static-block': [ '7.28.6' ],
16 silly audit   '@babel/plugin-transform-classes': [ '7.28.6' ],
16 silly audit   '@babel/plugin-transform-computed-properties': [ '7.28.6' ],
16 silly audit   '@babel/plugin-transform-destructuring': [ '7.28.5' ],
16 silly audit   '@babel/plugin-transform-dotall-regex': [ '7.28.6' ],
16 silly audit   '@babel/plugin-transform-duplicate-keys': [ '7.27.1' ],
16 silly audit   '@babel/plugin-transform-duplicate-named-capturing-groups-regex': [ '7.29.0' ],
16 silly audit   '@babel/plugin-transform-dynamic-import': [ '7.27.1' ],
16 silly audit   '@babel/plugin-transform-exponentiation-operator': [ '7.28.6' ],
16 silly audit   '@babel/plugin-transform-export-namespace-from': [ '7.27.1' ],
16 silly audit   '@babel/plugin-transform-for-of': [ '7.27.1' ],
16 silly audit   '@babel/plugin-transform-function-name': [ '7.27.1' ],
16 silly audit   '@babel/plugin-transform-json-strings': [ '7.28.6' ],
16 silly audit   '@babel/plugin-transform-literals': [ '7.27.1' ],
16 silly audit   '@babel/plugin-transform-logical-assignment-operators': [ '7.28.6' ],
16 silly audit   '@babel/plugin-transform-member-expression-literals': [ '7.27.1' ],
16 silly audit   '@babel/plugin-transform-modules-amd': [ '7.27.1' ],
16 silly audit   '@babel/plugin-transform-modules-commonjs': [ '7.28.6' ],
16 silly audit   '@babel/plugin-transform-modules-systemjs': [ '7.29.0' ],
16 silly audit   '@babel/plugin-transform-modules-umd': [ '7.27.1' ],
16 silly audit   '@babel/plugin-transform-named-capturing-groups-regex': [ '7.29.0' ],
16 silly audit   '@babel/plugin-transform-new-target': [ '7.27.1' ],
16 silly audit   '@babel/plugin-transform-nullish-coalescing-operator': [ '7.28.6' ],
16 silly audit   '@babel/plugin-transform-numeric-separator': [ '7.28.6' ],
16 silly audit   '@babel/plugin-transform-object-rest-spread': [ '7.28.6' ],
16 silly audit   '@babel/plugin-transform-object-super': [ '7.27.1' ],
16 silly audit   '@babel/plugin-transform-optional-catch-binding': [ '7.28.6' ],
16 silly audit   '@babel/plugin-transform-optional-chaining': [ '7.28.6' ],
16 silly audit   '@babel/plugin-transform-parameters': [ '7.27.7' ],
16 silly audit   '@babel/plugin-transform-private-methods': [ '7.28.6' ],
16 silly audit   '@babel/plugin-transform-private-property-in-object': [ '7.28.6' ],
16 silly audit   '@babel/plugin-transform-property-literals': [ '7.27.1' ],
16 silly audit   '@babel/plugin-transform-regenerator': [ '7.29.0' ],
16 silly audit   '@babel/plugin-transform-regexp-modifiers': [ '7.28.6' ],
16 silly audit   '@babel/plugin-transform-reserved-words': [ '7.27.1' ],
16 silly audit   '@babel/plugin-transform-runtime': [ '7.26.10' ],
16 silly audit   '@babel/plugin-transform-shorthand-properties': [ '7.27.1' ],
16 silly audit   '@babel/plugin-transform-spread': [ '7.28.6' ],
16 silly audit   '@babel/plugin-transform-sticky-regex': [ '7.27.1' ],
16 silly audit   '@babel/plugin-transform-template-literals': [ '7.27.1' ],
16 silly audit   '@babel/plugin-transform-typeof-symbol': [ '7.27.1' ],
16 silly audit   '@babel/plugin-transform-unicode-escapes': [ '7.27.1' ],
16 silly audit   '@babel/plugin-transform-unicode-property-regex': [ '7.28.6' ],
16 silly audit   '@babel/plugin-transform-unicode-regex': [ '7.27.1' ],
16 silly audit   '@babel/plugin-transform-unicode-sets-regex': [ '7.28.6' ],
16 silly audit   '@babel/preset-env': [ '7.26.9' ],
16 silly audit   '@babel/preset-modules': [ '0.1.6-no-external-plugins' ],
16 silly audit   '@babel/runtime': [ '7.26.10' ],
16 silly audit   '@babel/template': [ '7.28.6' ],
16 silly audit   '@babel/traverse': [ '7.29.0' ],
16 silly audit   '@babel/types': [ '7.29.0' ],
16 silly audit   '@colors/colors': [ '1.5.0' ],
16 silly audit   '@discoveryjs/json-ext': [ '0.6.1' ],
16 silly audit   '@esbuild/aix-ppc64': [ '0.23.0', '0.21.5' ],
16 silly audit   '@esbuild/android-arm': [ '0.23.0', '0.21.5' ],
16 silly audit   '@esbuild/android-arm64': [ '0.23.0', '0.21.5' ],
16 silly audit   '@esbuild/android-x64': [ '0.23.0', '0.21.5' ],
16 silly audit   '@esbuild/darwin-arm64': [ '0.23.0', '0.21.5' ],
16 silly audit   '@esbuild/darwin-x64': [ '0.23.0', '0.21.5' ],
16 silly audit   '@esbuild/freebsd-arm64': [ '0.23.0', '0.21.5' ],
16 silly audit   '@esbuild/freebsd-x64': [ '0.23.0', '0.21.5' ],
16 silly audit   '@esbuild/linux-arm': [ '0.23.0', '0.21.5' ],
16 silly audit   '@esbuild/linux-arm64': [ '0.23.0', '0.21.5' ],
16 silly audit   '@esbuild/linux-ia32': [ '0.23.0', '0.21.5' ],
16 silly audit   '@esbuild/linux-loong64': [ '0.23.0', '0.21.5' ],
16 silly audit   '@esbuild/linux-mips64el': [ '0.23.0', '0.21.5' ],
16 silly audit   '@esbuild/linux-ppc64': [ '0.23.0', '0.21.5' ],
16 silly audit   '@esbuild/linux-riscv64': [ '0.23.0', '0.21.5' ],
16 silly audit   '@esbuild/linux-s390x': [ '0.23.0', '0.21.5' ],
16 silly audit   '@esbuild/linux-x64': [ '0.23.0', '0.21.5' ],
16 silly audit   '@esbuild/netbsd-x64': [ '0.23.0', '0.21.5' ],
16 silly audit   '@esbuild/openbsd-arm64': [ '0.23.0' ],
16 silly audit   '@esbuild/openbsd-x64': [ '0.23.0', '0.21.5' ],
16 silly audit   '@esbuild/sunos-x64': [ '0.23.0', '0.21.5' ],
16 silly audit   '@esbuild/win32-arm64': [ '0.23.0', '0.21.5' ],
16 silly audit   '@esbuild/win32-ia32': [ '0.23.0', '0.21.5' ],
16 silly audit   '@esbuild/win32-x64': [ '0.23.0', '0.21.5' ],
16 silly audit   '@inquirer/checkbox': [ '2.5.0' ],
16 silly audit   '@inquirer/confirm': [ '3.1.22' ],
16 silly audit   '@inquirer/core': [ '9.2.1' ],
16 silly audit   '@inquirer/type': [ '2.0.0', '1.5.5' ],
16 silly audit   '@inquirer/editor': [ '2.2.0' ],
16 silly audit   '@inquirer/expand': [ '2.3.0' ],
16 silly audit   '@inquirer/figures': [ '1.0.15' ],
16 silly audit   '@inquirer/input': [ '2.3.0' ],
16 silly audit   '@inquirer/number': [ '1.1.0' ],
16 silly audit   '@inquirer/password': [ '2.2.0' ],
16 silly audit   '@inquirer/prompts': [ '5.3.8' ],
16 silly audit   '@inquirer/rawlist': [ '2.3.0' ],
16 silly audit   '@inquirer/search': [ '1.1.0' ],
16 silly audit   '@inquirer/select': [ '2.5.0' ],
16 silly audit   '@isaacs/cliui': [ '8.0.2' ],
16 silly audit   'ansi-regex': [ '6.2.2', '5.0.1' ],
16 silly audit   'ansi-styles': [ '6.2.3', '4.3.0' ],
16 silly audit   'emoji-regex': [ '9.2.2', '8.0.0', '10.6.0' ],
16 silly audit   'string-width': [ '5.1.2', '4.2.3', '7.2.0' ],
16 silly audit   'strip-ansi': [ '7.2.0', '6.0.1' ],
16 silly audit   'wrap-ansi': [ '8.1.0', '7.0.0', '9.0.2', '6.2.0' ],
16 silly audit   '@istanbuljs/schema': [ '0.1.3' ],
16 silly audit   '@jridgewell/gen-mapping': [ '0.3.13' ],
16 silly audit   '@jridgewell/resolve-uri': [ '3.1.2' ],
16 silly audit   '@jridgewell/source-map': [ '0.3.11' ],
16 silly audit   '@jridgewell/sourcemap-codec': [ '1.5.5' ],
16 silly audit   '@jridgewell/trace-mapping': [ '0.3.31' ],
16 silly audit   '@jsonjoy.com/base64': [ '1.1.2', '17.67.0' ],
16 silly audit   '@jsonjoy.com/buffers': [ '17.67.0', '1.2.1' ],
16 silly audit   '@jsonjoy.com/codegen': [ '1.0.0', '17.67.0' ],
16 silly audit   '@jsonjoy.com/fs-core': [ '4.57.1' ],
16 silly audit   '@jsonjoy.com/fs-fsa': [ '4.57.1' ],
16 silly audit   '@jsonjoy.com/fs-node': [ '4.57.1' ],
16 silly audit   '@jsonjoy.com/fs-node-builtins': [ '4.57.1' ],
16 silly audit   '@jsonjoy.com/fs-node-to-fsa': [ '4.57.1' ],
16 silly audit   '@jsonjoy.com/fs-node-utils': [ '4.57.1' ],
16 silly audit   '@jsonjoy.com/fs-print': [ '4.57.1' ],
16 silly audit   '@jsonjoy.com/fs-snapshot': [ '4.57.1' ],
16 silly audit   '@jsonjoy.com/json-pack': [ '17.67.0', '1.21.0' ],
16 silly audit   '@jsonjoy.com/json-pointer': [ '17.67.0', '1.0.2' ],
16 silly audit   '@jsonjoy.com/util': [ '17.67.0', '1.9.0' ],
16 silly audit   '@leichtgewicht/ip-codec': [ '2.0.5' ],
16 silly audit   '@listr2/prompt-adapter-inquirer': [ '2.0.15' ],
16 silly audit   '@lmdb/lmdb-darwin-arm64': [ '3.0.13' ],
16 silly audit   '@lmdb/lmdb-darwin-x64': [ '3.0.13' ],
16 silly audit   '@lmdb/lmdb-linux-arm': [ '3.0.13' ],
16 silly audit   '@lmdb/lmdb-linux-arm64': [ '3.0.13' ],
16 silly audit   '@lmdb/lmdb-linux-x64': [ '3.0.13' ],
16 silly audit   '@lmdb/lmdb-win32-x64': [ '3.0.13' ],
16 silly audit   '@msgpackr-extract/msgpackr-extract-darwin-arm64': [ '3.0.3' ],
16 silly audit   '@msgpackr-extract/msgpackr-extract-darwin-x64': [ '3.0.3' ],
16 silly audit   '@msgpackr-extract/msgpackr-extract-linux-arm': [ '3.0.3' ],
16 silly audit   '@msgpackr-extract/msgpackr-extract-linux-arm64': [ '3.0.3' ],
16 silly audit   '@msgpackr-extract/msgpackr-extract-linux-x64': [ '3.0.3' ],
16 silly audit   '@msgpackr-extract/msgpackr-extract-win32-x64': [ '3.0.3' ],
16 silly audit   '@ngtools/webpack': [ '18.2.21' ],
16 silly audit   '@nodelib/fs.scandir': [ '2.1.5' ],
16 silly audit   '@nodelib/fs.stat': [ '2.0.5' ],
16 silly audit   '@nodelib/fs.walk': [ '1.2.8' ],
16 silly audit   '@npmcli/agent': [ '2.2.2' ],
16 silly audit   'lru-cache': [ '10.4.3', '5.1.1' ],
16 silly audit   '@npmcli/fs': [ '3.1.1' ],
16 silly audit   '@npmcli/git': [ '5.0.8' ],
16 silly audit   isexe: [ '3.1.5', '2.0.0' ],
16 silly audit   which: [ '4.0.0', '2.0.2', '1.3.1' ],
16 silly audit   '@npmcli/installed-package-contents': [ '2.1.0' ],
16 silly audit   '@npmcli/node-gyp': [ '3.0.0' ],
16 silly audit   '@npmcli/package-json': [ '5.2.1' ],
16 silly audit   'brace-expansion': [ '2.0.3', '1.1.13' ],
16 silly audit   glob: [ '10.5.0', '7.2.3' ],
16 silly audit   minimatch: [ '9.0.9', '3.1.5' ],
16 silly audit   '@npmcli/promise-spawn': [ '7.0.2' ],
16 silly audit   '@npmcli/redact': [ '2.0.1' ],
16 silly audit   '@npmcli/run-script': [ '8.1.0' ],
16 silly audit   '@pkgjs/parseargs': [ '0.11.0' ],
16 silly audit   '@rollup/rollup-android-arm-eabi': [ '4.22.4' ],
16 silly audit   '@rollup/rollup-android-arm64': [ '4.22.4' ],
16 silly audit   '@rollup/rollup-darwin-arm64': [ '4.22.4' ],
16 silly audit   '@rollup/rollup-darwin-x64': [ '4.22.4' ],
16 silly audit   '@rollup/rollup-linux-arm-gnueabihf': [ '4.22.4' ],
16 silly audit   '@rollup/rollup-linux-arm-musleabihf': [ '4.22.4' ],
16 silly audit   '@rollup/rollup-linux-arm64-gnu': [ '4.22.4' ],
16 silly audit   '@rollup/rollup-linux-arm64-musl': [ '4.22.4' ],
16 silly audit   '@rollup/rollup-linux-powerpc64le-gnu': [ '4.22.4' ],
16 silly audit   '@rollup/rollup-linux-riscv64-gnu': [ '4.22.4' ],
16 silly audit   '@rollup/rollup-linux-s390x-gnu': [ '4.22.4' ],
16 silly audit   '@rollup/rollup-linux-x64-gnu': [ '4.22.4' ],
16 silly audit   '@rollup/rollup-linux-x64-musl': [ '4.22.4' ],
16 silly audit   '@rollup/rollup-win32-arm64-msvc': [ '4.22.4' ],
16 silly audit   '@rollup/rollup-win32-ia32-msvc': [ '4.22.4' ],
16 silly audit   '@rollup/rollup-win32-x64-msvc': [ '4.22.4' ],
16 silly audit   '@schematics/angular': [ '18.2.21' ],
16 silly audit   '@sigstore/bundle': [ '2.3.2' ],
16 silly audit   '@sigstore/core': [ '1.1.0' ],
16 silly audit   '@sigstore/protobuf-specs': [ '0.3.3' ],
16 silly audit   '@sigstore/sign': [ '2.3.2' ],
16 silly audit   '@sigstore/tuf': [ '2.3.4' ],
16 silly audit   '@sigstore/verify': [ '1.2.1' ],
16 silly audit   '@sindresorhus/merge-streams': [ '2.3.0' ],
16 silly audit   '@socket.io/component-emitter': [ '3.1.2' ],
16 silly audit   '@tufjs/canonical-json': [ '2.0.0' ],
16 silly audit   '@tufjs/models': [ '2.0.1' ],
16 silly audit   '@types/body-parser': [ '1.19.6' ],
16 silly audit   '@types/bonjour': [ '3.5.13' ],
16 silly audit   '@types/connect': [ '3.4.38' ],
16 silly audit   '@types/connect-history-api-fallback': [ '1.5.4' ],
16 silly audit   '@types/cors': [ '2.8.19' ],
16 silly audit   '@types/estree': [ '1.0.5' ],
16 silly audit   '@types/express': [ '4.17.25' ],
16 silly audit   '@types/express-serve-static-core': [ '4.19.8' ],
16 silly audit   '@types/http-errors': [ '2.0.5' ],
16 silly audit   '@types/http-proxy': [ '1.17.17' ],
16 silly audit   '@types/jasmine': [ '5.1.15' ],
16 silly audit   '@types/json-schema': [ '7.0.15' ],
16 silly audit   '@types/mime': [ '1.3.5' ],
16 silly audit   '@types/mute-stream': [ '0.0.4' ],
16 silly audit   '@types/node': [ '22.19.15' ],
16 silly audit   '@types/node-forge': [ '1.3.14' ],
16 silly audit   '@types/qs': [ '6.15.0' ],
16 silly audit   '@types/range-parser': [ '1.2.7' ],
16 silly audit   '@types/retry': [ '0.12.2' ],
16 silly audit   '@types/send': [ '1.2.1', '0.17.6' ],
16 silly audit   '@types/serve-index': [ '1.9.4' ],
16 silly audit   '@types/serve-static': [ '1.15.10' ],
16 silly audit   '@types/sockjs': [ '0.3.36' ],
16 silly audit   '@types/wrap-ansi': [ '3.0.0' ],
16 silly audit   '@types/ws': [ '8.18.1' ],
16 silly audit   '@vitejs/plugin-basic-ssl': [ '1.1.0' ],
16 silly audit   '@webassemblyjs/ast': [ '1.14.1' ],
16 silly audit   '@webassemblyjs/floating-point-hex-parser': [ '1.13.2' ],
16 silly audit   '@webassemblyjs/helper-api-error': [ '1.13.2' ],
16 silly audit   '@webassemblyjs/helper-buffer': [ '1.14.1' ],
16 silly audit   '@webassemblyjs/helper-numbers': [ '1.13.2' ],
16 silly audit   '@webassemblyjs/helper-wasm-bytecode': [ '1.13.2' ],
16 silly audit   '@webassemblyjs/helper-wasm-section': [ '1.14.1' ],
16 silly audit   '@webassemblyjs/ieee754': [ '1.13.2' ],
16 silly audit   '@webassemblyjs/leb128': [ '1.13.2' ],
16 silly audit   '@webassemblyjs/utf8': [ '1.13.2' ],
16 silly audit   '@webassemblyjs/wasm-edit': [ '1.14.1' ],
16 silly audit   '@webassemblyjs/wasm-gen': [ '1.14.1' ],
16 silly audit   '@webassemblyjs/wasm-opt': [ '1.14.1' ],
16 silly audit   '@webassemblyjs/wasm-parser': [ '1.14.1' ],
16 silly audit   '@webassemblyjs/wast-printer': [ '1.14.1' ],
16 silly audit   '@xtuc/ieee754': [ '1.2.0' ],
16 silly audit   '@xtuc/long': [ '4.2.2' ],
16 silly audit   '@yarnpkg/lockfile': [ '1.1.0' ],
16 silly audit   abbrev: [ '2.0.0' ],
16 silly audit   accepts: [ '1.3.8' ],
16 silly audit   negotiator: [ '0.6.3', '0.6.4' ],
16 silly audit   acorn: [ '8.16.0' ],
16 silly audit   'acorn-import-attributes': [ '1.9.5' ],
16 silly audit   'adjust-sourcemap-loader': [ '4.0.0' ],
16 silly audit   'loader-utils': [ '2.0.4', '3.3.1' ],
16 silly audit   'agent-base': [ '7.1.4' ],
16 silly audit   'aggregate-error': [ '3.1.0' ],
16 silly audit   ajv: [ '8.17.1', '6.14.0' ],
16 silly audit   'ajv-formats': [ '3.0.1', '2.1.1' ],
16 silly audit   'ajv-keywords': [ '5.1.0', '3.5.2' ],
16 silly audit   'ansi-colors': [ '4.1.3' ],
16 silly audit   'ansi-escapes': [ '4.3.2', '7.3.0' ],
16 silly audit   'ansi-html-community': [ '0.0.8' ],
16 silly audit   anymatch: [ '3.1.3' ],
16 silly audit   picomatch: [ '2.3.2', '4.0.2' ],
16 silly audit   argparse: [ '2.0.1' ],
16 silly audit   'array-flatten': [ '1.1.1' ],
16 silly audit   autoprefixer: [ '10.4.20' ],
16 silly audit   'babel-loader': [ '9.1.3' ],
16 silly audit   'babel-plugin-polyfill-corejs2': [ '0.4.17' ],
16 silly audit   'babel-plugin-polyfill-corejs3': [ '0.11.1' ],
16 silly audit   'babel-plugin-polyfill-regenerator': [ '0.6.8' ],
16 silly audit   'balanced-match': [ '1.0.2' ],
16 silly audit   'base64-js': [ '1.5.1' ],
16 silly audit   base64id: [ '2.0.0' ],
16 silly audit   'baseline-browser-mapping': [ '2.10.12' ],
16 silly audit   batch: [ '0.6.1' ],
16 silly audit   'big.js': [ '5.2.2' ],
16 silly audit   'binary-extensions': [ '2.3.0' ],
16 silly audit   bl: [ '4.1.0' ],
16 silly audit   'body-parser': [ '1.20.4' ],
16 silly audit   debug: [ '2.6.9', '4.4.3' ],
16 silly audit   ms: [ '2.0.0', '2.1.3' ],
16 silly audit   'bonjour-service': [ '1.3.0' ],
16 silly audit   boolbase: [ '1.0.0' ],
16 silly audit   braces: [ '3.0.3' ],
16 silly audit   browserslist: [ '4.28.1' ],
16 silly audit   buffer: [ '5.7.1' ],
16 silly audit   'buffer-from': [ '1.1.2' ],
16 silly audit   'bundle-name': [ '4.1.0' ],
16 silly audit   bytes: [ '3.1.2' ],
16 silly audit   cacache: [ '18.0.4' ],
16 silly audit   'call-bind-apply-helpers': [ '1.0.2' ],
16 silly audit   'call-bound': [ '1.0.4' ],
16 silly audit   callsites: [ '3.1.0' ],
16 silly audit   'caniuse-lite': [ '1.0.30001782' ],
16 silly audit   chalk: [ '4.1.2' ],
16 silly audit   chardet: [ '0.7.0' ],
16 silly audit   'glob-parent': [ '5.1.2', '6.0.2' ],
16 silly audit   chownr: [ '2.0.0' ],
16 silly audit   'chrome-trace-event': [ '1.0.4' ],
16 silly audit   'clean-stack': [ '2.2.0' ],
16 silly audit   'cli-cursor': [ '5.0.0', '3.1.0' ],
16 silly audit   'cli-spinners': [ '2.9.2' ],
16 silly audit   'cli-truncate': [ '4.0.0' ],
16 silly audit   'cli-width': [ '4.1.0' ],
16 silly audit   cliui: [ '8.0.1', '7.0.4' ],
16 silly audit   'is-fullwidth-code-point': [ '3.0.0', '4.0.0', '5.1.0' ],
16 silly audit   clone: [ '1.0.4' ],
16 silly audit   'clone-deep': [ '4.0.1' ],
16 silly audit   'is-plain-object': [ '2.0.4', '5.0.0' ],
16 silly audit   'color-convert': [ '2.0.1' ],
16 silly audit   'color-name': [ '1.1.4' ],
16 silly audit   colorette: [ '2.0.20' ],
16 silly audit   commander: [ '2.20.3' ],
16 silly audit   'common-path-prefix': [ '3.0.0' ],
16 silly audit   compressible: [ '2.0.18' ],
16 silly audit   compression: [ '1.8.1' ],
16 silly audit   'concat-map': [ '0.0.1' ],
16 silly audit   connect: [ '3.7.0' ],
16 silly audit   'connect-history-api-fallback': [ '2.0.0' ],
16 silly audit   'content-disposition': [ '0.5.4' ],
16 silly audit   'content-type': [ '1.0.5' ],
16 silly audit   cookie: [ '0.7.2' ],
16 silly audit   'cookie-signature': [ '1.0.7' ],
16 silly audit   'copy-anything': [ '2.0.6' ],
16 silly audit   'copy-webpack-plugin': [ '12.0.2' ],
16 silly audit   'core-js-compat': [ '3.49.0' ],
16 silly audit   'core-util-is': [ '1.0.3' ],
16 silly audit   cors: [ '2.8.6' ],
16 silly audit   cosmiconfig: [ '9.0.1' ],
16 silly audit   critters: [ '0.0.24' ],
16 silly audit   'cross-spawn': [ '7.0.6' ],
16 silly audit   'css-loader': [ '7.1.2' ],
16 silly audit   'css-select': [ '5.2.2' ],
16 silly audit   'css-what': [ '6.2.2' ],
16 silly audit   cssesc: [ '3.0.0' ],
16 silly audit   'custom-event': [ '1.0.1' ],
16 silly audit   'date-format': [ '4.0.14' ],
16 silly audit   'default-browser': [ '5.5.0' ],
16 silly audit   'default-browser-id': [ '5.0.1' ],
16 silly audit   defaults: [ '1.0.4' ],
16 silly audit   'define-lazy-prop': [ '3.0.0' ],
16 silly audit   depd: [ '2.0.0', '1.1.2' ],
16 silly audit   destroy: [ '1.2.0' ],
16 silly audit   'detect-libc': [ '2.1.2' ],
16 silly audit   'detect-node': [ '2.1.0' ],
16 silly audit   di: [ '0.0.1' ],
16 silly audit   'dns-packet': [ '5.6.1' ],
16 silly audit   'dom-serialize': [ '2.2.1' ],
16 silly audit   'dom-serializer': [ '2.0.0' ],
16 silly audit   domelementtype: [ '2.3.0' ],
16 silly audit   domhandler: [ '5.0.3' ],
16 silly audit   domutils: [ '3.2.2' ],
16 silly audit   'dunder-proto': [ '1.0.1' ],
16 silly audit   eastasianwidth: [ '0.2.0' ],
16 silly audit   'ee-first': [ '1.1.1' ],
16 silly audit   'electron-to-chromium': [ '1.5.328' ],
16 silly audit   'emojis-list': [ '3.0.0' ],
16 silly audit   encodeurl: [ '1.0.2', '2.0.0' ],
16 silly audit   encoding: [ '0.1.13' ],
16 silly audit   'iconv-lite': [ '0.6.3', '0.4.24' ],
16 silly audit   'engine.io': [ '6.6.6' ],
16 silly audit   'engine.io-parser': [ '5.2.3' ],
16 silly audit   'enhanced-resolve': [ '5.20.1' ],
16 silly audit   ent: [ '2.2.2' ],
16 silly audit   entities: [ '4.5.0', '6.0.1' ],
16 silly audit   'env-paths': [ '2.2.1' ],
16 silly audit   environment: [ '1.1.0' ],
16 silly audit   'err-code': [ '2.0.3' ],
16 silly audit   errno: [ '0.1.8' ],
16 silly audit   'error-ex': [ '1.3.4' ],
16 silly audit   'es-define-property': [ '1.0.1' ],
16 silly audit   'es-errors': [ '1.3.0' ],
16 silly audit   'es-module-lexer': [ '1.7.0' ],
16 silly audit   'es-object-atoms': [ '1.1.1' ],
16 silly audit   esbuild: [ '0.23.0', '0.21.5' ],
16 silly audit   'esbuild-wasm': [ '0.23.0' ],
16 silly audit   escalade: [ '3.2.0' ],
16 silly audit   'escape-html': [ '1.0.3' ],
16 silly audit   'eslint-scope': [ '5.1.1' ],
16 silly audit   esrecurse: [ '4.3.0' ],
16 silly audit   estraverse: [ '5.3.0', '4.3.0' ],
16 silly audit   esutils: [ '2.0.3' ],
16 silly audit   etag: [ '1.8.1' ],
16 silly audit   eventemitter3: [ '4.0.7', '5.0.4' ],
16 silly audit   events: [ '3.3.0' ],
16 silly audit   'exponential-backoff': [ '3.1.3' ],
16 silly audit   express: [ '4.22.1' ],
16 silly audit   finalhandler: [ '1.3.2', '1.1.2' ],
16 silly audit   statuses: [ '2.0.2', '1.5.0' ],
16 silly audit   extend: [ '3.0.2' ],
16 silly audit   'external-editor': [ '3.1.0' ],
16 silly audit   'fast-deep-equal': [ '3.1.3' ],
16 silly audit   'fast-glob': [ '3.3.2', '3.3.3' ],
16 silly audit   'fast-json-stable-stringify': [ '2.1.0' ],
16 silly audit   'fast-uri': [ '3.1.0' ],
16 silly audit   fastq: [ '1.20.1' ],
16 silly audit   'faye-websocket': [ '0.11.4' ],
16 silly audit   'fill-range': [ '7.1.1' ],
16 silly audit   'on-finished': [ '2.3.0', '2.4.1' ],
16 silly audit   'find-cache-dir': [ '4.0.0' ],
16 silly audit   'find-up': [ '6.3.0' ],
16 silly audit   flat: [ '5.0.2' ],
16 silly audit   flatted: [ '3.4.2' ],
16 silly audit   'follow-redirects': [ '1.15.11' ],
16 silly audit   'foreground-child': [ '3.3.1' ],
16 silly audit   forwarded: [ '0.2.0' ],
16 silly audit   'fraction.js': [ '4.3.7' ],
16 silly audit   fresh: [ '0.5.2' ],
16 silly audit   'fs-extra': [ '8.1.0' ],
16 silly audit   'fs-minipass': [ '3.0.3', '2.1.0' ],
16 silly audit   'fs.realpath': [ '1.0.0' ],
16 silly audit   fsevents: [ '2.3.3' ],
16 silly audit   'function-bind': [ '1.1.2' ],
16 silly audit   gensync: [ '1.0.0-beta.2' ],
16 silly audit   'get-caller-file': [ '2.0.5' ],
16 silly audit   'get-east-asian-width': [ '1.5.0' ],
16 silly audit   'get-intrinsic': [ '1.3.0' ],
16 silly audit   'get-proto': [ '1.0.1' ],
16 silly audit   'glob-to-regex.js': [ '1.2.0' ],
16 silly audit   'glob-to-regexp': [ '0.4.1' ],
16 silly audit   globby: [ '14.1.0' ],
16 silly audit   gopd: [ '1.2.0' ],
16 silly audit   'graceful-fs': [ '4.2.11' ],
16 silly audit   'handle-thing': [ '2.0.1' ],
16 silly audit   'has-flag': [ '4.0.0' ],
16 silly audit   'has-symbols': [ '1.1.0' ],
16 silly audit   'has-tostringtag': [ '1.0.2' ],
16 silly audit   hasown: [ '2.0.2' ],
16 silly audit   'hosted-git-info': [ '7.0.2' ],
16 silly audit   'hpack.js': [ '2.1.6' ],
16 silly audit   'readable-stream': [ '2.3.8', '3.6.2' ],
16 silly audit   'safe-buffer': [ '5.1.2', '5.2.1' ],
16 silly audit   string_decoder: [ '1.1.1', '1.3.0' ],
16 silly audit   'html-escaper': [ '2.0.2' ],
16 silly audit   htmlparser2: [ '8.0.2' ],
16 silly audit   'http-cache-semantics': [ '4.2.0' ],
16 silly audit   'http-deceiver': [ '1.2.7' ],
16 silly audit   'http-errors': [ '2.0.1', '1.8.1' ],
16 silly audit   'http-parser-js': [ '0.5.10' ],
16 silly audit   'http-proxy': [ '1.18.1' ],
16 silly audit   'http-proxy-agent': [ '7.0.2' ],
16 silly audit   'http-proxy-middleware': [ '3.0.5', '2.0.9' ],
16 silly audit   'https-proxy-agent': [ '7.0.5' ],
16 silly audit   hyperdyperid: [ '1.2.0' ],
16 silly audit   'icss-utils': [ '5.1.0' ],
16 silly audit   ieee754: [ '1.2.1' ],
16 silly audit   ignore: [ '7.0.5' ],
16 silly audit   'ignore-walk': [ '6.0.5' ],
16 silly audit   'image-size': [ '0.5.5' ],
16 silly audit   immutable: [ '4.3.8' ],
16 silly audit   'import-fresh': [ '3.3.1' ],
16 silly audit   imurmurhash: [ '0.1.4' ],
16 silly audit   'indent-string': [ '4.0.0' ],
16 silly audit   inflight: [ '1.0.6' ],
16 silly audit   inherits: [ '2.0.4' ],
16 silly audit   ini: [ '4.1.3' ],
16 silly audit   'ip-address': [ '10.1.0' ],
16 silly audit   'ipaddr.js': [ '2.3.0', '1.9.1' ],
16 silly audit   'is-arrayish': [ '0.2.1' ],
16 silly audit   'is-binary-path': [ '2.1.0' ],
16 silly audit   'is-core-module': [ '2.16.1' ],
16 silly audit   'is-docker': [ '3.0.0' ],
16 silly audit   'is-extglob': [ '2.1.1' ],
16 silly audit   'is-glob': [ '4.0.3' ],
16 silly audit   'is-inside-container': [ '1.0.0' ],
16 silly audit   'is-interactive': [ '1.0.0' ],
16 silly audit   'is-lambda': [ '1.0.1' ],
16 silly audit   'is-network-error': [ '1.3.1' ],
16 silly audit   'is-number': [ '7.0.0' ],
16 silly audit   'is-plain-obj': [ '3.0.0' ],
16 silly audit   'is-regex': [ '1.2.1' ],
16 silly audit   'is-unicode-supported': [ '0.1.0' ],
16 silly audit   'is-what': [ '3.14.1' ],
16 silly audit   'is-wsl': [ '3.1.1' ],
16 silly audit   isarray: [ '1.0.0' ],
16 silly audit   isbinaryfile: [ '4.0.10' ],
16 silly audit   isobject: [ '3.0.1' ],
16 silly audit   'istanbul-lib-coverage': [ '3.2.2' ],
16 silly audit   'istanbul-lib-instrument': [ '6.0.3', '5.2.1' ],
16 silly audit   'istanbul-lib-report': [ '3.0.1' ],
16 silly audit   'istanbul-lib-source-maps': [ '4.0.1' ],
16 silly audit   'source-map': [ '0.6.1', '0.7.4' ],
16 silly audit   'istanbul-reports': [ '3.2.0' ],
16 silly audit   jackspeak: [ '3.4.3' ],
16 silly audit   'jasmine-core': [ '5.2.0', '4.6.1' ],
16 silly audit   'jest-worker': [ '27.5.1' ],
16 silly audit   'supports-color': [ '8.1.1', '7.2.0' ],
16 silly audit   jiti: [ '1.21.7' ],
16 silly audit   'js-tokens': [ '4.0.0' ],
16 silly audit   'js-yaml': [ '4.1.1' ],
16 silly audit   jsesc: [ '3.1.0' ],
16 silly audit   'json-parse-even-better-errors': [ '3.0.2', '2.3.1' ],
16 silly audit   'json-schema-traverse': [ '1.0.0', '0.4.1' ],
16 silly audit   json5: [ '2.2.3' ],
16 silly audit   'jsonc-parser': [ '3.3.1' ],
16 silly audit   jsonfile: [ '4.0.0' ],
16 silly audit   jsonparse: [ '1.3.1' ],
16 silly audit   karma: [ '6.4.4' ],
16 silly audit   'karma-chrome-launcher': [ '3.2.0' ],
16 silly audit   'karma-coverage': [ '2.2.1' ],
16 silly audit   'karma-jasmine': [ '5.1.0' ],
16 silly audit   'karma-jasmine-html-reporter': [ '2.1.0' ],
16 silly audit   'karma-source-map-support': [ '1.4.0' ],
16 silly audit   tmp: [ '0.2.5', '0.0.33' ],
16 silly audit   yargs: [ '16.2.0', '17.7.2' ],
16 silly audit   'yargs-parser': [ '20.2.9', '21.1.1' ],
16 silly audit   'kind-of': [ '6.0.3' ],
16 silly audit   'launch-editor': [ '2.13.2' ],
16 silly audit   less: [ '4.2.0' ],
16 silly audit   'less-loader': [ '12.2.0' ],
16 silly audit   'make-dir': [ '2.1.0', '4.0.0' ],
16 silly audit   mime: [ '1.6.0', '2.6.0' ],
16 silly audit   'license-webpack-plugin': [ '4.0.2' ],
16 silly audit   'lines-and-columns': [ '1.2.4' ],
16 silly audit   listr2: [ '8.2.4' ],
16 silly audit   lmdb: [ '3.0.13' ],
16 silly audit   'loader-runner': [ '4.3.1' ],
16 silly audit   'locate-path': [ '7.2.0' ],
16 silly audit   lodash: [ '4.17.23' ],
16 silly audit   'lodash.debounce': [ '4.0.8' ],
16 silly audit   'log-symbols': [ '4.1.0' ],
16 silly audit   'log-update': [ '6.1.0' ],
16 silly audit   'slice-ansi': [ '7.1.2', '5.0.0' ],
16 silly audit   log4js: [ '6.9.1' ],
16 silly audit   'magic-string': [ '0.30.11' ],
16 silly audit   'make-fetch-happen': [ '13.0.1' ],
16 silly audit   'math-intrinsics': [ '1.1.0' ],
16 silly audit   'media-typer': [ '0.3.0' ],
16 silly audit   memfs: [ '4.57.1' ],
16 silly audit   'merge-descriptors': [ '1.0.3' ],
16 silly audit   'merge-stream': [ '2.0.0' ],
16 silly audit   merge2: [ '1.4.1' ],
16 silly audit   methods: [ '1.1.2' ],
16 silly audit   micromatch: [ '4.0.8' ],
16 silly audit   'mime-db': [ '1.52.0' ],
16 silly audit   'mime-types': [ '2.1.35' ],
16 silly audit   'mimic-fn': [ '2.1.0' ],
16 silly audit   'mimic-function': [ '5.0.1' ],
16 silly audit   'mini-css-extract-plugin': [ '2.9.0' ],
16 silly audit   'minimalistic-assert': [ '1.0.1' ],
16 silly audit   minimist: [ '1.2.8' ],
16 silly audit   minipass: [ '7.1.3', '3.3.6', '5.0.0' ],
16 silly audit   'minipass-collect': [ '2.0.1' ],
16 silly audit   'minipass-fetch': [ '3.0.5' ],
16 silly audit   'minipass-flush': [ '1.0.7' ],
16 silly audit   yallist: [ '4.0.0', '3.1.1' ],
16 silly audit   'minipass-pipeline': [ '1.2.4' ],
16 silly audit   'minipass-sized': [ '1.0.3' ],
16 silly audit   minizlib: [ '2.1.2' ],
16 silly audit   mkdirp: [ '0.5.6', '1.0.4' ],
16 silly audit   mrmime: [ '2.0.0' ],
16 silly audit   msgpackr: [ '1.11.9' ],
16 silly audit   'msgpackr-extract': [ '3.0.3' ],
16 silly audit   'multicast-dns': [ '7.2.5' ],
16 silly audit   'mute-stream': [ '1.0.0' ],
16 silly audit   nanoid: [ '3.3.11' ],
16 silly audit   needle: [ '3.5.0' ],
16 silly audit   'neo-async': [ '2.6.2' ],
16 silly audit   'nice-napi': [ '1.0.2' ],
16 silly audit   'node-addon-api': [ '3.2.1', '6.1.0' ],
16 silly audit   'node-forge': [ '1.4.0' ],
16 silly audit   'node-gyp': [ '10.3.1' ],
16 silly audit   'node-gyp-build': [ '4.8.4' ],
16 silly audit   'node-gyp-build-optional-packages': [ '5.2.2' ],
16 silly audit   'node-releases': [ '2.0.36' ],
16 silly audit   nopt: [ '7.2.1' ],
16 silly audit   'normalize-package-data': [ '6.0.2' ],
16 silly audit   'normalize-path': [ '3.0.0' ],
16 silly audit   'normalize-range': [ '0.1.2' ],
16 silly audit   'npm-bundled': [ '3.0.1' ],
16 silly audit   'npm-install-checks': [ '6.3.0' ],
16 silly audit   'npm-normalize-package-bin': [ '3.0.1' ],
16 silly audit   'npm-package-arg': [ '11.0.3' ],
16 silly audit   'npm-packlist': [ '8.0.2' ],
16 silly audit   'npm-pick-manifest': [ '9.1.0' ],
16 silly audit   'npm-registry-fetch': [ '17.1.0' ],
16 silly audit   'nth-check': [ '2.1.1' ],
16 silly audit   'object-assign': [ '4.1.1' ],
16 silly audit   'object-inspect': [ '1.13.4' ],
16 silly audit   obuf: [ '1.1.2' ],
16 silly audit   'on-headers': [ '1.1.0' ],
16 silly audit   once: [ '1.4.0' ],
16 silly audit   onetime: [ '7.0.0', '5.1.2' ],
16 silly audit   open: [ '10.1.0' ],
16 silly audit   ora: [ '5.4.1' ],
16 silly audit   'restore-cursor': [ '3.1.0', '5.1.0' ],
16 silly audit   'signal-exit': [ '3.0.7', '4.1.0' ],
16 silly audit   'ordered-binary': [ '1.6.1' ],
16 silly audit   'os-tmpdir': [ '1.0.2' ],
16 silly audit   'p-limit': [ '4.0.0' ],
16 silly audit   'p-locate': [ '6.0.0' ],
16 silly audit   'p-map': [ '4.0.0' ],
16 silly audit   'p-retry': [ '6.2.1' ],
16 silly audit   retry: [ '0.13.1', '0.12.0' ],
16 silly audit   'package-json-from-dist': [ '1.0.1' ],
16 silly audit   pacote: [ '18.0.6' ],
16 silly audit   'parent-module': [ '1.0.1' ],
16 silly audit   'parse-json': [ '5.2.0' ],
16 silly audit   'parse-node-version': [ '1.0.1' ],
16 silly audit   parse5: [ '7.3.0' ],
16 silly audit   'parse5-html-rewriting-stream': [ '7.0.0' ],
16 silly audit   'parse5-sax-parser': [ '7.0.0' ],
16 silly audit   parseurl: [ '1.3.3' ],
16 silly audit   'path-exists': [ '5.0.0' ],
16 silly audit   'path-is-absolute': [ '1.0.1' ],
16 silly audit   'path-key': [ '3.1.1' ],
16 silly audit   'path-parse': [ '1.0.7' ],
16 silly audit   'path-scurry': [ '1.11.1' ],
16 silly audit   'path-to-regexp': [ '0.1.13' ],
16 silly audit   'path-type': [ '6.0.0' ],
16 silly audit   picocolors: [ '1.1.1' ],
16 silly audit   pify: [ '4.0.1' ],
16 silly audit   piscina: [ '4.6.1' ],
16 silly audit   'pkg-dir': [ '7.0.0' ],
16 silly audit   postcss: [ '8.4.41', '8.5.8' ],
16 silly audit   'postcss-loader': [ '8.1.1' ],
16 silly audit   'postcss-media-query-parser': [ '0.2.3' ],
16 silly audit   'postcss-modules-extract-imports': [ '3.1.0' ],
16 silly audit   'postcss-modules-local-by-default': [ '4.2.0' ],
16 silly audit   'postcss-modules-scope': [ '3.2.1' ],
16 silly audit   'postcss-modules-values': [ '4.0.0' ],
16 silly audit   'postcss-selector-parser': [ '7.1.1' ],
16 silly audit   'postcss-value-parser': [ '4.2.0' ],
16 silly audit   'proc-log': [ '4.2.0' ],
16 silly audit   'process-nextick-args': [ '2.0.1' ],
16 silly audit   'promise-inflight': [ '1.0.1' ],
16 silly audit   'promise-retry': [ '2.0.1' ],
16 silly audit   'proxy-addr': [ '2.0.7' ],
16 silly audit   prr: [ '1.0.1' ],
16 silly audit   punycode: [ '1.4.1', '2.3.1' ],
16 silly audit   qjobs: [ '1.2.0' ],
16 silly audit   qs: [ '6.14.2' ],
16 silly audit   'queue-microtask': [ '1.2.3' ],
16 silly audit   randombytes: [ '2.1.0' ],
16 silly audit   'range-parser': [ '1.2.1' ],
16 silly audit   'raw-body': [ '2.5.3' ],
16 silly audit   'reflect-metadata': [ '0.2.2' ],
16 silly audit   regenerate: [ '1.4.2' ],
16 silly audit   'regenerate-unicode-properties': [ '10.2.2' ],
16 silly audit   'regenerator-runtime': [ '0.14.1' ],
16 silly audit   'regex-parser': [ '2.3.1' ],
16 silly audit   'regexpu-core': [ '6.4.0' ],
16 silly audit   regjsgen: [ '0.8.0' ],
16 silly audit   regjsparser: [ '0.13.0' ],
16 silly audit   'require-directory': [ '2.1.1' ],
16 silly audit   'require-from-string': [ '2.0.2' ],
16 silly audit   'requires-port': [ '1.0.0' ],
16 silly audit   'resolve-from': [ '4.0.0' ],
16 silly audit   'resolve-url-loader': [ '5.0.0' ],
16 silly audit   reusify: [ '1.1.0' ],
16 silly audit   rfdc: [ '1.4.1' ],
16 silly audit   rimraf: [ '3.0.2' ],
16 silly audit   rollup: [ '4.22.4' ],
16 silly audit   'run-applescript': [ '7.1.0' ],
16 silly audit   'run-parallel': [ '1.2.0' ],
16 silly audit   'safe-regex-test': [ '1.1.0' ],
16 silly audit   'safer-buffer': [ '2.1.2' ],
16 silly audit   sass: [ '1.77.6' ],
16 silly audit   'sass-loader': [ '16.0.0' ],
16 silly audit   sax: [ '1.6.0' ],
16 silly audit   'schema-utils': [ '4.3.3', '3.3.0' ],
16 silly audit   'select-hose': [ '2.0.0' ],
16 silly audit   selfsigned: [ '2.4.1' ],
16 silly audit   send: [ '0.19.2' ],
16 silly audit   'serialize-javascript': [ '6.0.2' ],
16 silly audit   'serve-index': [ '1.9.2' ],
16 silly audit   'serve-static': [ '1.16.3' ],
16 silly audit   setprototypeof: [ '1.2.0' ],
16 silly audit   'shallow-clone': [ '3.0.1' ],
16 silly audit   'shebang-command': [ '2.0.0' ],
16 silly audit   'shebang-regex': [ '3.0.0' ],
16 silly audit   'shell-quote': [ '1.8.3' ],
16 silly audit   'side-channel': [ '1.1.0' ],
16 silly audit   'side-channel-list': [ '1.0.0' ],
16 silly audit   'side-channel-map': [ '1.0.1' ],
16 silly audit   'side-channel-weakmap': [ '1.0.2' ],
16 silly audit   sigstore: [ '2.3.1' ],
16 silly audit   slash: [ '5.1.0' ],
16 silly audit   'smart-buffer': [ '4.2.0' ],
16 silly audit   'socket.io': [ '4.8.3' ],
16 silly audit   'socket.io-adapter': [ '2.5.6' ],
16 silly audit   'socket.io-parser': [ '4.2.6' ],
16 silly audit   sockjs: [ '0.3.24' ],
16 silly audit   socks: [ '2.8.7' ],
16 silly audit   'socks-proxy-agent': [ '8.0.5' ],
16 silly audit   'source-map-js': [ '1.2.1' ],
16 silly audit   'source-map-loader': [ '5.0.0' ],
16 silly audit   'source-map-support': [ '0.5.21' ],
16 silly audit   'spdx-correct': [ '3.2.0' ],
16 silly audit   'spdx-exceptions': [ '2.5.0' ],
16 silly audit   'spdx-expression-parse': [ '3.0.1' ],
16 silly audit   'spdx-license-ids': [ '3.0.23' ],
16 silly audit   spdy: [ '4.0.2' ],
16 silly audit   'spdy-transport': [ '3.0.0' ],
16 silly audit   ssri: [ '10.0.6' ],
16 silly audit   streamroller: [ '3.1.5' ],
16 silly audit   'supports-preserve-symlinks-flag': [ '1.0.0' ],
16 silly audit   'symbol-observable': [ '4.0.0' ],
16 silly audit   tapable: [ '2.3.2' ],
16 silly audit   tar: [ '6.2.1' ],
16 silly audit   terser: [ '5.31.6' ],
16 silly audit   'terser-webpack-plugin': [ '5.4.0' ],
16 silly audit   thingies: [ '2.6.0' ],
16 silly audit   thunky: [ '1.1.0' ],
16 silly audit   'to-regex-range': [ '5.0.1' ],
16 silly audit   toidentifier: [ '1.0.1' ],
16 silly audit   'tree-dump': [ '1.1.0' ],
16 silly audit   'tree-kill': [ '1.2.2' ],
16 silly audit   'tuf-js': [ '2.2.1' ],
16 silly audit   'type-fest': [ '0.21.3' ],
16 silly audit   'type-is': [ '1.6.18' ],
16 silly audit   'typed-assert': [ '1.0.9' ],
16 silly audit   typescript: [ '5.5.4' ],
16 silly audit   'ua-parser-js': [ '0.7.41' ],
16 silly audit   'undici-types': [ '6.21.0' ],
16 silly audit   'unicode-canonical-property-names-ecmascript': [ '2.0.1' ],
16 silly audit   'unicode-match-property-ecmascript': [ '2.0.0' ],
16 silly audit   'unicode-match-property-value-ecmascript': [ '2.2.1' ],
16 silly audit   'unicode-property-aliases-ecmascript': [ '2.2.0' ],
16 silly audit   'unicorn-magic': [ '0.3.0' ],
16 silly audit   'unique-filename': [ '3.0.0' ],
16 silly audit   'unique-slug': [ '4.0.0' ],
16 silly audit   universalify: [ '0.1.2' ],
16 silly audit   unpipe: [ '1.0.0' ],
16 silly audit   'update-browserslist-db': [ '1.2.3' ],
16 silly audit   'uri-js': [ '4.4.1' ],
16 silly audit   'util-deprecate': [ '1.0.2' ],
16 silly audit   'utils-merge': [ '1.0.1' ],
16 silly audit   uuid: [ '8.3.2' ],
16 silly audit   'validate-npm-package-license': [ '3.0.4' ],
16 silly audit   'validate-npm-package-name': [ '5.0.1' ],
16 silly audit   vary: [ '1.1.2' ],
16 silly audit   vite: [ '5.4.21' ],
16 silly audit   'void-elements': [ '2.0.1' ],
16 silly audit   watchpack: [ '2.4.1' ],
16 silly audit   wbuf: [ '1.7.3' ],
16 silly audit   wcwidth: [ '1.0.1' ],
16 silly audit   'weak-lru-cache': [ '1.2.2' ],
16 silly audit   webpack: [ '5.94.0' ],
16 silly audit   'webpack-dev-middleware': [ '7.4.2' ],
16 silly audit   'webpack-dev-server': [ '5.2.2' ],
16 silly audit   'webpack-merge': [ '6.0.1' ],
16 silly audit   'webpack-sources': [ '3.3.4' ],
16 silly audit   'webpack-subresource-integrity': [ '5.1.0' ],
16 silly audit   'websocket-driver': [ '0.7.4' ],
16 silly audit   'websocket-extensions': [ '0.1.4' ],
16 silly audit   wildcard: [ '2.0.1' ],
16 silly audit   wrappy: [ '1.0.2' ],
16 silly audit   ws: [ '8.18.3' ],
16 silly audit   y18n: [ '5.0.8' ],
16 silly audit   'yocto-queue': [ '1.2.2' ],
16 silly audit   'yoctocolors-cjs': [ '2.1.3' ],
16 silly audit   'zone.js': [ '0.14.10' ]
16 silly audit }
17 http fetch POST 200 https://registry.npmjs.org/-/npm/v1/security/advisories/bulk 672ms
18 silly audit report {
18 silly audit report   '@angular/common': [
18 silly audit report     {
18 silly audit report       id: 1111063,
18 silly audit report       url: 'https://github.com/advisories/GHSA-58c5-g7wp-6w37',
18 silly audit report       title: 'Angular is Vulnerable to XSRF Token Leakage via Protocol-Relative URLs in Angular HTTP Client',
18 silly audit report       severity: 'high',
18 silly audit report       vulnerable_versions: '<19.2.16',
18 silly audit report       cwe: [Array],
18 silly audit report       cvss: [Object]
18 silly audit report     }
18 silly audit report   ],
18 silly audit report   '@angular/compiler': [
18 silly audit report     {
18 silly audit report       id: 1111180,
18 silly audit report       url: 'https://github.com/advisories/GHSA-v4hv-rgfq-gp49',
18 silly audit report       title: 'Angular Stored XSS Vulnerability via SVG Animation, SVG URL and MathML Attributes',
18 silly audit report       severity: 'high',
18 silly audit report       vulnerable_versions: '<=18.2.14',
18 silly audit report       cwe: [Array],
18 silly audit report       cvss: [Object]
18 silly audit report     },
18 silly audit report     {
18 silly audit report       id: 1112156,
18 silly audit report       url: 'https://github.com/advisories/GHSA-jrmj-c5cx-3cw6',
18 silly audit report       title: 'Angular has XSS Vulnerability via Unsanitized SVG Script Attributes',
18 silly audit report       severity: 'high',
18 silly audit report       vulnerable_versions: '<=18.2.14',
18 silly audit report       cwe: [Array],
18 silly audit report       cvss: [Object]
18 silly audit report     },
18 silly audit report     {
18 silly audit report       id: 1114730,
18 silly audit report       url: 'https://github.com/advisories/GHSA-g93w-mfhg-p222',
18 silly audit report       title: 'Angular vulnerable to XSS in i18n attribute bindings',
18 silly audit report       severity: 'high',
18 silly audit report       vulnerable_versions: '>=17.0.0-next.0 <=18.2.14',
18 silly audit report       cwe: [Array],
18 silly audit report       cvss: [Object]
18 silly audit report     }
18 silly audit report   ],
18 silly audit report   '@angular/core': [
18 silly audit report     {
18 silly audit report       id: 1112155,
18 silly audit report       url: 'https://github.com/advisories/GHSA-jrmj-c5cx-3cw6',
18 silly audit report       title: 'Angular has XSS Vulnerability via Unsanitized SVG Script Attributes',
18 silly audit report       severity: 'high',
18 silly audit report       vulnerable_versions: '<=18.2.14',
18 silly audit report       cwe: [Array],
18 silly audit report       cvss: [Object]
18 silly audit report     },
18 silly audit report     {
18 silly audit report       id: 1113587,
18 silly audit report       url: 'https://github.com/advisories/GHSA-prjf-86w9-mfqv',
18 silly audit report       title: 'Angular i18n vulnerable to Cross-Site Scripting',
18 silly audit report       severity: 'high',
18 silly audit report       vulnerable_versions: '<=18.2.14',
18 silly audit report       cwe: [Array],
18 silly audit report       cvss: [Object]
18 silly audit report     },
18 silly audit report     {
18 silly audit report       id: 1114732,
18 silly audit report       url: 'https://github.com/advisories/GHSA-g93w-mfhg-p222',
18 silly audit report       title: 'Angular vulnerable to XSS in i18n attribute bindings',
18 silly audit report       severity: 'high',
18 silly audit report       vulnerable_versions: '>=17.0.0-next.0 <=18.2.14',
18 silly audit report       cwe: [Array],
18 silly audit report       cvss: [Object]
18 silly audit report     }
18 silly audit report   ],
18 silly audit report   ajv: [
18 silly audit report     {
18 silly audit report       id: 1113715,
18 silly audit report       url: 'https://github.com/advisories/GHSA-2g4f-4pwh-qvx6',
18 silly audit report       title: 'ajv has ReDoS when using `$data` option',
18 silly audit report       severity: 'moderate',
18 silly audit report       vulnerable_versions: '>=7.0.0-alpha.0 <8.18.0',
18 silly audit report       cwe: [Array],
18 silly audit report       cvss: [Object]
18 silly audit report     }
18 silly audit report   ],
18 silly audit report   picomatch: [
18 silly audit report     {
18 silly audit report       id: 1115551,
18 silly audit report       url: 'https://github.com/advisories/GHSA-3v7f-55p6-f55p',
18 silly audit report       title: 'Picomatch: Method Injection in POSIX Character Classes causes incorrect Glob Matching',
18 silly audit report       severity: 'moderate',
18 silly audit report       vulnerable_versions: '>=4.0.0 <4.0.4',
18 silly audit report       cwe: [Array],
18 silly audit report       cvss: [Object]
18 silly audit report     },
18 silly audit report     {
18 silly audit report       id: 1115554,
18 silly audit report       url: 'https://github.com/advisories/GHSA-c2c7-rcm5-vvqj',
18 silly audit report       title: 'Picomatch has a ReDoS vulnerability via extglob quantifiers',
18 silly audit report       severity: 'high',
18 silly audit report       vulnerable_versions: '>=4.0.0 <4.0.4',
18 silly audit report       cwe: [Array],
18 silly audit report       cvss: [Object]
18 silly audit report     }
18 silly audit report   ],
18 silly audit report   esbuild: [
18 silly audit report     {
18 silly audit report       id: 1102341,
18 silly audit report       url: 'https://github.com/advisories/GHSA-67mh-4wv8-2f99',
18 silly audit report       title: 'esbuild enables any website to send any requests to the development server and read the response',
18 silly audit report       severity: 'moderate',
18 silly audit report       vulnerable_versions: '<=0.24.2',
18 silly audit report       cwe: [Array],
18 silly audit report       cvss: [Object]
18 silly audit report     }
18 silly audit report   ],
18 silly audit report   tmp: [
18 silly audit report     {
18 silly audit report       id: 1109537,
18 silly audit report       url: 'https://github.com/advisories/GHSA-52f5-9888-hmc6',
18 silly audit report       title: 'tmp allows arbitrary temporary file / directory write via symbolic link `dir` parameter',
18 silly audit report       severity: 'low',
18 silly audit report       vulnerable_versions: '<=0.2.3',
18 silly audit report       cwe: [Array],
18 silly audit report       cvss: [Object]
18 silly audit report     }
18 silly audit report   ],
18 silly audit report   rollup: [
18 silly audit report     {
18 silly audit report       id: 1113515,
18 silly audit report       url: 'https://github.com/advisories/GHSA-mw96-cpmx-2vgc',
18 silly audit report       title: 'Rollup 4 has Arbitrary File Write via Path Traversal',
18 silly audit report       severity: 'high',
18 silly audit report       vulnerable_versions: '>=4.0.0 <4.59.0',
18 silly audit report       cwe: [Array],
18 silly audit report       cvss: [Object]
18 silly audit report     }
18 silly audit report   ],
18 silly audit report   'serialize-javascript': [
18 silly audit report     {
18 silly audit report       id: 1113686,
18 silly audit report       url: 'https://github.com/advisories/GHSA-5c6j-r48x-rmvq',
18 silly audit report       title: 'Serialize JavaScript is Vulnerable to RCE via RegExp.flags and Date.prototype.toISOString()',
18 silly audit report       severity: 'high',
18 silly audit report       vulnerable_versions: '<=7.0.2',
18 silly audit report       cwe: [Array],
18 silly audit report       cvss: [Object]
18 silly audit report     },
18 silly audit report     {
18 silly audit report       id: 1115519,
18 silly audit report       url: 'https://github.com/advisories/GHSA-qj8w-gfj5-8c6v',
18 silly audit report       title: 'Serialize JavaScript has CPU Exhaustion Denial of Service via crafted array-like objects',
18 silly audit report       severity: 'moderate',
18 silly audit report       vulnerable_versions: '<7.0.5',
18 silly audit report       cwe: [Array],
18 silly audit report       cvss: [Object]
18 silly audit report     }
18 silly audit report   ],
18 silly audit report   tar: [
18 silly audit report     {
18 silly audit report       id: 1112659,
18 silly audit report       url: 'https://github.com/advisories/GHSA-34x7-hfp2-rc4v',
18 silly audit report       title: 'node-tar Vulnerable to Arbitrary File Creation/Overwrite via Hardlink Path Traversal',
18 silly audit report       severity: 'high',
18 silly audit report       vulnerable_versions: '<7.5.7',
18 silly audit report       cwe: [Array],
18 silly audit report       cvss: [Object]
18 silly audit report     },
18 silly audit report     {
18 silly audit report       id: 1113300,
18 silly audit report       url: 'https://github.com/advisories/GHSA-8qq5-rm4j-mr97',
18 silly audit report       title: 'node-tar is Vulnerable to Arbitrary File Overwrite and Symlink Poisoning via Insufficient Path Sanitization',
18 silly audit report       severity: 'high',
18 silly audit report       vulnerable_versions: '<=7.5.2',
18 silly audit report       cwe: [Array],
18 silly audit report       cvss: [Object]
18 silly audit report     },
18 silly audit report     {
18 silly audit report       id: 1113375,
18 silly audit report       url: 'https://github.com/advisories/GHSA-83g3-92jg-28cx',
18 silly audit report       title: 'Arbitrary File Read/Write via Hardlink Target Escape Through Symlink Chain in node-tar Extraction',
18 silly audit report       severity: 'high',
18 silly audit report       vulnerable_versions: '<7.5.8',
18 silly audit report       cwe: [Array],
18 silly audit report       cvss: [Object]
18 silly audit report     },
18 silly audit report     {
18 silly audit report       id: 1114200,
18 silly audit report       url: 'https://github.com/advisories/GHSA-qffp-2rhf-9h96',
18 silly audit report       title: 'tar has Hardlink Path Traversal via Drive-Relative Linkpath',
18 silly audit report       severity: 'high',
18 silly audit report       vulnerable_versions: '<=7.5.9',
18 silly audit report       cwe: [Array],
18 silly audit report       cvss: [Object]
18 silly audit report     },
18 silly audit report     {
18 silly audit report       id: 1114302,
18 silly audit report       url: 'https://github.com/advisories/GHSA-9ppj-qmqm-q256',
18 silly audit report       title: 'node-tar Symlink Path Traversal via Drive-Relative Linkpath',
18 silly audit report       severity: 'high',
18 silly audit report       vulnerable_versions: '<=7.5.10',
18 silly audit report       cwe: [Array],
18 silly audit report       cvss: [Object]
18 silly audit report     },
18 silly audit report     {
18 silly audit report       id: 1114680,
18 silly audit report       url: 'https://github.com/advisories/GHSA-r6q2-hw4h-h46w',
18 silly audit report       title: 'Race Condition in node-tar Path Reservations via Unicode Ligature Collisions on macOS APFS',
18 silly audit report       severity: 'high',
18 silly audit report       vulnerable_versions: '<=7.5.3',
18 silly audit report       cwe: [Array],
18 silly audit report       cvss: [Object]
18 silly audit report     }
18 silly audit report   ],
18 silly audit report   webpack: [
18 silly audit report     {
18 silly audit report       id: 1113041,
18 silly audit report       url: 'https://github.com/advisories/GHSA-8fgc-7cc6-rx7x',
18 silly audit report       title: 'webpack buildHttp: allowedUris allow-list bypass via URL userinfo (@) leading to build-time SSRF behavior',
18 silly audit report       severity: 'low',
18 silly audit report       vulnerable_versions: '>=5.49.0 <=5.104.0',
18 silly audit report       cwe: [Array],
18 silly audit report       cvss: [Object]
18 silly audit report     },
18 silly audit report     {
18 silly audit report       id: 1113042,
18 silly audit report       url: 'https://github.com/advisories/GHSA-38r7-794h-5758',
18 silly audit report       title: 'webpack buildHttp HttpUriPlugin allowedUris bypass via HTTP redirects → SSRF + cache persistence',
18 silly audit report       severity: 'low',
18 silly audit report       vulnerable_versions: '>=5.49.0 <5.104.0',
18 silly audit report       cwe: [Array],
18 silly audit report       cvss: [Object]
18 silly audit report     }
18 silly audit report   ]
18 silly audit report }
19 silly packumentCache corgi:https://registry.npmjs.org/@angular%2fcommon cache-miss
20 silly packumentCache corgi:https://registry.npmjs.org/@angular%2fcompiler cache-miss
21 silly packumentCache corgi:https://registry.npmjs.org/@angular%2fcore cache-miss
22 silly packumentCache corgi:https://registry.npmjs.org/ajv cache-miss
23 silly packumentCache corgi:https://registry.npmjs.org/picomatch cache-miss
24 silly packumentCache corgi:https://registry.npmjs.org/esbuild cache-miss
25 silly packumentCache corgi:https://registry.npmjs.org/tmp cache-miss
26 silly packumentCache corgi:https://registry.npmjs.org/rollup cache-miss
27 silly packumentCache corgi:https://registry.npmjs.org/serialize-javascript cache-miss
28 silly packumentCache corgi:https://registry.npmjs.org/tar cache-miss
29 silly packumentCache corgi:https://registry.npmjs.org/webpack cache-miss
30 http fetch GET 200 https://registry.npmjs.org/yoctocolors-cjs/-/yoctocolors-cjs-2.1.3.tgz 444ms (cache miss)
31 http fetch GET 200 https://registry.npmjs.org/webpack-sources/-/webpack-sources-3.3.4.tgz 590ms (cache miss)
32 http fetch GET 200 https://registry.npmjs.org/yocto-queue/-/yocto-queue-1.2.2.tgz 729ms (cache miss)
33 http fetch GET 200 https://registry.npmjs.org/yallist/-/yallist-3.1.1.tgz 730ms (cache miss)
34 http fetch GET 200 https://registry.npmjs.org/wrappy/-/wrappy-1.0.2.tgz 729ms (cache miss)
35 http fetch GET 200 https://registry.npmjs.org/wrap-ansi/-/wrap-ansi-6.2.0.tgz 729ms (cache miss)
36 http fetch GET 200 https://registry.npmjs.org/which/-/which-1.3.1.tgz 730ms (cache miss)
37 http fetch GET 200 https://registry.npmjs.org/wrap-ansi/-/wrap-ansi-7.0.0.tgz 737ms (cache miss)
38 http fetch GET 200 https://registry.npmjs.org/y18n/-/y18n-5.0.8.tgz 754ms (cache miss)
39 http fetch GET 200 https://registry.npmjs.org/wildcard/-/wildcard-2.0.1.tgz 757ms (cache miss)
40 http fetch GET 200 https://registry.npmjs.org/websocket-extensions/-/websocket-extensions-0.1.4.tgz 764ms (cache miss)
41 http fetch GET 200 https://registry.npmjs.org/yargs-parser/-/yargs-parser-21.1.1.tgz 784ms (cache miss)
42 http fetch GET 200 https://registry.npmjs.org/webpack-subresource-integrity/-/webpack-subresource-integrity-5.1.0.tgz 791ms (cache miss)
43 http fetch GET 200 https://registry.npmjs.org/websocket-driver/-/websocket-driver-0.7.4.tgz 828ms (cache miss)
44 http fetch GET 200 https://registry.npmjs.org/ws/-/ws-8.18.3.tgz 832ms (cache miss)
45 http fetch GET 200 https://registry.npmjs.org/wbuf/-/wbuf-1.7.3.tgz 829ms (cache miss)
46 http fetch GET 200 https://registry.npmjs.org/wcwidth/-/wcwidth-1.0.1.tgz 835ms (cache miss)
47 http fetch GET 200 https://registry.npmjs.org/weak-lru-cache/-/weak-lru-cache-1.2.2.tgz 839ms (cache miss)
48 http fetch GET 200 https://registry.npmjs.org/watchpack/-/watchpack-2.4.1.tgz 853ms (cache miss)
49 http fetch GET 200 https://registry.npmjs.org/void-elements/-/void-elements-2.0.1.tgz 869ms (cache miss)
50 http fetch GET 200 https://registry.npmjs.org/validate-npm-package-name/-/validate-npm-package-name-5.0.1.tgz 872ms (cache miss)
51 http fetch GET 200 https://registry.npmjs.org/vary/-/vary-1.1.2.tgz 885ms (cache miss)
52 http fetch GET 200 https://registry.npmjs.org/validate-npm-package-license/-/validate-npm-package-license-3.0.4.tgz 891ms (cache miss)
53 http fetch GET 200 https://registry.npmjs.org/webpack-merge/-/webpack-merge-6.0.1.tgz 899ms (cache miss)
54 http fetch GET 200 https://registry.npmjs.org/util-deprecate/-/util-deprecate-1.0.2.tgz 898ms (cache miss)
55 http fetch GET 200 https://registry.npmjs.org/utils-merge/-/utils-merge-1.0.1.tgz 913ms (cache miss)
56 http fetch GET 200 https://registry.npmjs.org/universalify/-/universalify-0.1.2.tgz 914ms (cache miss)
57 http fetch GET 200 https://registry.npmjs.org/unpipe/-/unpipe-1.0.0.tgz 943ms (cache miss)
58 http fetch GET 200 https://registry.npmjs.org/unique-slug/-/unique-slug-4.0.0.tgz 954ms (cache miss)
59 http fetch GET 200 https://registry.npmjs.org/unique-filename/-/unique-filename-3.0.0.tgz 962ms (cache miss)
60 http fetch GET 200 https://registry.npmjs.org/unicode-property-aliases-ecmascript/-/unicode-property-aliases-ecmascript-2.2.0.tgz 964ms (cache miss)
61 http fetch GET 200 https://registry.npmjs.org/unicorn-magic/-/unicorn-magic-0.3.0.tgz 969ms (cache miss)
62 http fetch GET 200 https://registry.npmjs.org/update-browserslist-db/-/update-browserslist-db-1.2.3.tgz 971ms (cache miss)
63 http fetch GET 200 https://registry.npmjs.org/unicode-match-property-value-ecmascript/-/unicode-match-property-value-ecmascript-2.2.1.tgz 977ms (cache miss)
64 http fetch GET 200 https://registry.npmjs.org/webpack-dev-middleware/-/webpack-dev-middleware-7.4.2.tgz 987ms (cache miss)
65 http fetch GET 200 https://registry.npmjs.org/unicode-match-property-ecmascript/-/unicode-match-property-ecmascript-2.0.0.tgz 1009ms (cache miss)
66 http fetch GET 200 https://registry.npmjs.org/unicode-canonical-property-names-ecmascript/-/unicode-canonical-property-names-ecmascript-2.0.1.tgz 1012ms (cache miss)
67 http fetch GET 200 https://registry.npmjs.org/webpack-dev-server/-/webpack-dev-server-5.2.2.tgz 1041ms (cache miss)
68 http fetch GET 200 https://registry.npmjs.org/yargs/-/yargs-17.7.2.tgz 1055ms (cache miss)
69 http fetch GET 200 https://registry.npmjs.org/type-is/-/type-is-1.6.18.tgz 1083ms (cache miss)
70 http fetch GET 200 https://registry.npmjs.org/tree-kill/-/tree-kill-1.2.2.tgz 1099ms (cache miss)
71 http fetch GET 200 https://registry.npmjs.org/toidentifier/-/toidentifier-1.0.1.tgz 1112ms (cache miss)
72 http fetch GET 200 https://registry.npmjs.org/ua-parser-js/-/ua-parser-js-0.7.41.tgz 1122ms (cache miss)
73 http fetch GET 200 https://registry.npmjs.org/tslib/-/tslib-2.8.1.tgz 1125ms (cache miss)
74 http fetch GET 200 https://registry.npmjs.org/tree-dump/-/tree-dump-1.1.0.tgz 1127ms (cache miss)
75 http fetch GET 200 https://registry.npmjs.org/typed-assert/-/typed-assert-1.0.9.tgz 1155ms (cache miss)
76 http fetch GET 200 https://registry.npmjs.org/tuf-js/-/tuf-js-2.2.1.tgz 1157ms (cache miss)
77 http fetch GET 200 https://registry.npmjs.org/thunky/-/thunky-1.1.0.tgz 1192ms (cache miss)
78 http fetch GET 200 https://registry.npmjs.org/tmp/-/tmp-0.0.33.tgz 1195ms (cache miss)
79 http fetch GET 200 https://registry.npmjs.org/to-regex-range/-/to-regex-range-5.0.1.tgz 1208ms (cache miss)
80 http fetch GET 200 https://registry.npmjs.org/undici-types/-/undici-types-6.21.0.tgz 1229ms (cache miss)
81 http fetch GET 200 https://registry.npmjs.org/supports-preserve-symlinks-flag/-/supports-preserve-symlinks-flag-1.0.0.tgz 1231ms (cache miss)
82 http fetch GET 200 https://registry.npmjs.org/terser-webpack-plugin/-/terser-webpack-plugin-5.4.0.tgz 1244ms (cache miss)
83 http fetch GET 200 https://registry.npmjs.org/symbol-observable/-/symbol-observable-4.0.0.tgz 1247ms (cache miss)
84 http fetch GET 200 https://registry.npmjs.org/supports-color/-/supports-color-7.2.0.tgz 1268ms (cache miss)
85 http fetch GET 200 https://registry.npmjs.org/strip-ansi/-/strip-ansi-6.0.1.tgz 1269ms (cache miss)
86 http fetch GET 200 https://registry.npmjs.org/strip-ansi/-/strip-ansi-6.0.1.tgz 1295ms (cache miss)
87 http fetch GET 200 https://registry.npmjs.org/string-width/-/string-width-7.2.0.tgz 1302ms (cache miss)
88 http fetch GET 200 https://registry.npmjs.org/string-width/-/string-width-4.2.3.tgz 1303ms (cache miss)
89 http fetch GET 200 https://registry.npmjs.org/string_decoder/-/string_decoder-1.3.0.tgz 1314ms (cache miss)
90 http fetch GET 200 https://registry.npmjs.org/ssri/-/ssri-10.0.6.tgz 1318ms (cache miss)
91 http fetch GET 200 https://registry.npmjs.org/tapable/-/tapable-2.3.2.tgz 1337ms (cache miss)
92 http fetch GET 200 https://registry.npmjs.org/type-fest/-/type-fest-0.21.3.tgz 1345ms (cache miss)
93 http fetch GET 200 https://registry.npmjs.org/statuses/-/statuses-1.5.0.tgz 1341ms (cache miss)
94 http fetch GET 200 https://registry.npmjs.org/uuid/-/uuid-8.3.2.tgz 1349ms (cache miss)
95 http fetch GET 200 https://registry.npmjs.org/streamroller/-/streamroller-3.1.5.tgz 1345ms (cache miss)
96 http fetch GET 200 https://registry.npmjs.org/uri-js/-/uri-js-4.4.1.tgz 1357ms (cache miss)
97 http fetch GET 200 https://registry.npmjs.org/spdx-expression-parse/-/spdx-expression-parse-3.0.1.tgz 1368ms (cache miss)
98 http fetch GET 200 https://registry.npmjs.org/spdx-license-ids/-/spdx-license-ids-3.0.23.tgz 1375ms (cache miss)
99 http fetch GET 200 https://registry.npmjs.org/spdx-exceptions/-/spdx-exceptions-2.5.0.tgz 1385ms (cache miss)
100 http fetch GET 200 https://registry.npmjs.org/spdx-correct/-/spdx-correct-3.2.0.tgz 1386ms (cache miss)
101 http fetch GET 200 https://registry.npmjs.org/source-map-support/-/source-map-support-0.5.21.tgz 1399ms (cache miss)
102 http fetch GET 200 https://registry.npmjs.org/tar/-/tar-6.2.1.tgz 1410ms (cache miss)
103 warn deprecated tar@6.2.1: Old versions of tar are not supported, and contain widely publicized security vulnerabilities, which have been fixed in the current version. Please update. Support for old versions may be purchased (at exorbitant rates) by contacting i@izs.me
104 http fetch GET 200 https://registry.npmjs.org/source-map-loader/-/source-map-loader-5.0.0.tgz 1425ms (cache miss)
105 http fetch GET 200 https://registry.npmjs.org/socks-proxy-agent/-/socks-proxy-agent-8.0.5.tgz 1443ms (cache miss)
106 http fetch GET 200 https://registry.npmjs.org/spdy/-/spdy-4.0.2.tgz 1447ms (cache miss)
107 http fetch GET 200 https://registry.npmjs.org/socket.io-adapter/-/socket.io-adapter-2.5.6.tgz 1451ms (cache miss)
108 http fetch GET 200 https://registry.npmjs.org/vite/-/vite-5.4.21.tgz 1480ms (cache miss)
109 http fetch GET 200 https://registry.npmjs.org/source-map-js/-/source-map-js-1.2.1.tgz 1482ms (cache miss)
110 http fetch GET 200 https://registry.npmjs.org/slice-ansi/-/slice-ansi-5.0.0.tgz 1520ms (cache miss)
111 http fetch GET 200 https://registry.npmjs.org/side-channel-weakmap/-/side-channel-weakmap-1.0.2.tgz 1520ms (cache miss)
112 http fetch GET 200 https://registry.npmjs.org/slash/-/slash-5.1.0.tgz 1521ms (cache miss)
113 http fetch GET 200 https://registry.npmjs.org/sockjs/-/sockjs-0.3.24.tgz 1526ms (cache miss)
114 http fetch GET 200 https://registry.npmjs.org/source-map/-/source-map-0.7.4.tgz 1527ms (cache miss)
115 http fetch GET 200 https://registry.npmjs.org/smart-buffer/-/smart-buffer-4.2.0.tgz 1548ms (cache miss)
116 http fetch GET 200 https://registry.npmjs.org/sigstore/-/sigstore-2.3.1.tgz 1550ms (cache miss)
117 http fetch GET 200 https://registry.npmjs.org/shebang-command/-/shebang-command-2.0.0.tgz 1566ms (cache miss)
118 http fetch GET 200 https://registry.npmjs.org/side-channel-map/-/side-channel-map-1.0.1.tgz 1579ms (cache miss)
119 http fetch GET 200 https://registry.npmjs.org/spdy-transport/-/spdy-transport-3.0.0.tgz 1588ms (cache miss)
120 http fetch GET 200 https://registry.npmjs.org/shebang-regex/-/shebang-regex-3.0.0.tgz 1600ms (cache miss)
121 http fetch GET 200 https://registry.npmjs.org/side-channel-list/-/side-channel-list-1.0.0.tgz 1602ms (cache miss)
122 http fetch GET 200 https://registry.npmjs.org/socket.io-parser/-/socket.io-parser-4.2.6.tgz 1615ms (cache miss)
123 http fetch GET 200 https://registry.npmjs.org/side-channel/-/side-channel-1.1.0.tgz 1625ms (cache miss)
124 http fetch GET 200 https://registry.npmjs.org/shallow-clone/-/shallow-clone-3.0.1.tgz 1635ms (cache miss)
125 http fetch GET 200 https://registry.npmjs.org/zone.js/-/zone.js-0.14.10.tgz 1661ms (cache miss)
126 http fetch GET 200 https://registry.npmjs.org/send/-/send-0.19.2.tgz 1642ms (cache miss)
127 http fetch GET 200 https://registry.npmjs.org/shell-quote/-/shell-quote-1.8.3.tgz 1648ms (cache miss)
128 http fetch GET 200 https://registry.npmjs.org/setprototypeof/-/setprototypeof-1.2.0.tgz 1645ms (cache miss)
129 http fetch GET 200 https://registry.npmjs.org/serve-static/-/serve-static-1.16.3.tgz 1651ms (cache miss)
130 http fetch GET 200 https://registry.npmjs.org/thingies/-/thingies-2.6.0.tgz 1662ms (cache miss)
131 http fetch GET 200 https://registry.npmjs.org/socks/-/socks-2.8.7.tgz 1681ms (cache miss)
132 http fetch GET 200 https://registry.npmjs.org/terser/-/terser-5.31.6.tgz 1707ms (cache miss)
133 http fetch GET 200 https://registry.npmjs.org/serialize-javascript/-/serialize-javascript-6.0.2.tgz 1694ms (cache miss)
134 http fetch GET 200 https://registry.npmjs.org/selfsigned/-/selfsigned-2.4.1.tgz 1699ms (cache miss)
135 http fetch GET 200 https://registry.npmjs.org/socket.io/-/socket.io-4.8.3.tgz 1709ms (cache miss)
136 http fetch GET 200 https://registry.npmjs.org/signal-exit/-/signal-exit-4.1.0.tgz 1712ms (cache miss)
137 http fetch GET 200 https://registry.npmjs.org/sax/-/sax-1.6.0.tgz 1724ms (cache miss)
138 http fetch GET 200 https://registry.npmjs.org/sass-loader/-/sass-loader-16.0.0.tgz 1750ms (cache miss)
139 http fetch GET 200 https://registry.npmjs.org/schema-utils/-/schema-utils-4.3.3.tgz 1761ms (cache miss)
140 http fetch GET 200 https://registry.npmjs.org/safe-regex-test/-/safe-regex-test-1.1.0.tgz 1765ms (cache miss)
141 http fetch GET 200 https://registry.npmjs.org/safe-buffer/-/safe-buffer-5.2.1.tgz 1777ms (cache miss)
142 http fetch GET 200 https://registry.npmjs.org/semver/-/semver-7.6.3.tgz 1794ms (cache miss)
143 http fetch GET 200 https://registry.npmjs.org/run-applescript/-/run-applescript-7.1.0.tgz 1814ms (cache miss)
144 http fetch GET 200 https://registry.npmjs.org/safer-buffer/-/safer-buffer-2.1.2.tgz 1833ms (cache miss)
145 http fetch GET 200 https://registry.npmjs.org/rfdc/-/rfdc-1.4.1.tgz 1833ms (cache miss)
146 http fetch GET 200 https://registry.npmjs.org/rimraf/-/rimraf-3.0.2.tgz 1879ms (cache miss)
147 warn deprecated rimraf@3.0.2: Rimraf versions prior to v4 are no longer supported
148 http fetch GET 200 https://registry.npmjs.org/run-parallel/-/run-parallel-1.2.0.tgz 1882ms (cache miss)
149 http fetch GET 200 https://registry.npmjs.org/select-hose/-/select-hose-2.0.0.tgz 1893ms (cache miss)
150 http fetch GET 200 https://registry.npmjs.org/resolve-from/-/resolve-from-4.0.0.tgz 1950ms (cache miss)
151 http fetch GET 200 https://registry.npmjs.org/restore-cursor/-/restore-cursor-5.1.0.tgz 1956ms (cache miss)
152 http fetch GET 200 https://registry.npmjs.org/retry/-/retry-0.12.0.tgz 1972ms (cache miss)
153 http fetch GET 200 https://registry.npmjs.org/reusify/-/reusify-1.1.0.tgz 1978ms (cache miss)
154 http fetch GET 200 https://registry.npmjs.org/serve-index/-/serve-index-1.9.2.tgz 1993ms (cache miss)
155 http fetch GET 200 https://registry.npmjs.org/requires-port/-/requires-port-1.0.0.tgz 2006ms (cache miss)
156 http fetch GET 200 https://registry.npmjs.org/require-from-string/-/require-from-string-2.0.2.tgz 2007ms (cache miss)
157 http fetch GET 200 https://registry.npmjs.org/resolve-url-loader/-/resolve-url-loader-5.0.0.tgz 2017ms (cache miss)
158 http fetch GET 200 https://registry.npmjs.org/regjsgen/-/regjsgen-0.8.0.tgz 2028ms (cache miss)
159 http fetch GET 200 https://registry.npmjs.org/require-directory/-/require-directory-2.1.1.tgz 2035ms (cache miss)
160 http fetch GET 200 https://registry.npmjs.org/regjsparser/-/regjsparser-0.13.0.tgz 2040ms (cache miss)
161 http fetch GET 200 https://registry.npmjs.org/regex-parser/-/regex-parser-2.3.1.tgz 2071ms (cache miss)
162 http fetch GET 200 https://registry.npmjs.org/rollup/-/rollup-4.22.4.tgz 2091ms (cache miss)
163 http fetch GET 200 https://registry.npmjs.org/regenerator-runtime/-/regenerator-runtime-0.14.1.tgz 2098ms (cache miss)
164 http fetch GET 200 https://registry.npmjs.org/regenerate/-/regenerate-1.4.2.tgz 2102ms (cache miss)
165 http fetch GET 200 https://registry.npmjs.org/readdirp/-/readdirp-3.6.0.tgz 2109ms (cache miss)
166 http fetch GET 200 https://registry.npmjs.org/range-parser/-/range-parser-1.2.1.tgz 2109ms (cache miss)
167 http fetch GET 200 https://registry.npmjs.org/raw-body/-/raw-body-2.5.3.tgz 2112ms (cache miss)
168 http fetch GET 200 https://registry.npmjs.org/randombytes/-/randombytes-2.1.0.tgz 2113ms (cache miss)
169 http fetch GET 200 https://registry.npmjs.org/queue-microtask/-/queue-microtask-1.2.3.tgz 2118ms (cache miss)
170 http fetch GET 200 https://registry.npmjs.org/regexpu-core/-/regexpu-core-6.4.0.tgz 2128ms (cache miss)
171 http fetch GET 200 https://registry.npmjs.org/reflect-metadata/-/reflect-metadata-0.2.2.tgz 2134ms (cache miss)
172 http fetch GET 200 https://registry.npmjs.org/prr/-/prr-1.0.1.tgz 2151ms (cache miss)
173 http fetch GET 200 https://registry.npmjs.org/punycode/-/punycode-1.4.1.tgz 2159ms (cache miss)
174 http fetch GET 200 https://registry.npmjs.org/promise-inflight/-/promise-inflight-1.0.1.tgz 2197ms (cache miss)
175 http fetch GET 200 https://registry.npmjs.org/process-nextick-args/-/process-nextick-args-2.0.1.tgz 2197ms (cache miss)
176 http fetch GET 200 https://registry.npmjs.org/proxy-addr/-/proxy-addr-2.0.7.tgz 2200ms (cache miss)
177 http fetch GET 200 https://registry.npmjs.org/proc-log/-/proc-log-4.2.0.tgz 2201ms (cache miss)
178 http fetch GET 200 https://registry.npmjs.org/postcss-modules-values/-/postcss-modules-values-4.0.0.tgz 2203ms (cache miss)
179 http fetch GET 200 https://registry.npmjs.org/postcss-modules-scope/-/postcss-modules-scope-3.2.1.tgz 2205ms (cache miss)
180 http fetch GET 200 https://registry.npmjs.org/postcss-modules-local-by-default/-/postcss-modules-local-by-default-4.2.0.tgz 2208ms (cache miss)
181 http fetch GET 200 https://registry.npmjs.org/promise-retry/-/promise-retry-2.0.1.tgz 2212ms (cache miss)
182 http fetch GET 200 https://registry.npmjs.org/postcss-value-parser/-/postcss-value-parser-4.2.0.tgz 2221ms (cache miss)
183 http fetch GET 200 https://registry.npmjs.org/qjobs/-/qjobs-1.2.0.tgz 2224ms (cache miss)
184 http fetch GET 200 https://registry.npmjs.org/qs/-/qs-6.14.2.tgz 2240ms (cache miss)
185 http fetch GET 200 https://registry.npmjs.org/postcss-modules-extract-imports/-/postcss-modules-extract-imports-3.1.0.tgz 2244ms (cache miss)
186 http fetch GET 200 https://registry.npmjs.org/pify/-/pify-4.0.1.tgz 2249ms (cache miss)
187 http fetch GET 200 https://registry.npmjs.org/readable-stream/-/readable-stream-3.6.2.tgz 2255ms (cache miss)
188 http fetch GET 200 https://registry.npmjs.org/pkg-dir/-/pkg-dir-7.0.0.tgz 2256ms (cache miss)
189 http fetch GET 200 https://registry.npmjs.org/postcss-media-query-parser/-/postcss-media-query-parser-0.2.3.tgz 2265ms (cache miss)
190 http fetch GET 200 https://registry.npmjs.org/picocolors/-/picocolors-1.1.1.tgz 2266ms (cache miss)
191 http fetch GET 200 https://registry.npmjs.org/path-type/-/path-type-6.0.0.tgz 2267ms (cache miss)
192 http fetch GET 200 https://registry.npmjs.org/path-key/-/path-key-3.1.1.tgz 2272ms (cache miss)
193 http fetch GET 200 https://registry.npmjs.org/path-parse/-/path-parse-1.0.7.tgz 2274ms (cache miss)
194 http fetch GET 200 https://registry.npmjs.org/path-to-regexp/-/path-to-regexp-0.1.13.tgz 2283ms (cache miss)
195 http fetch GET 200 https://registry.npmjs.org/path-is-absolute/-/path-is-absolute-1.0.1.tgz 2288ms (cache miss)
196 http fetch GET 200 https://registry.npmjs.org/postcss-loader/-/postcss-loader-8.1.1.tgz 2291ms (cache miss)
197 http fetch GET 200 https://registry.npmjs.org/path-exists/-/path-exists-5.0.0.tgz 2315ms (cache miss)
198 http fetch GET 200 https://registry.npmjs.org/picomatch/-/picomatch-4.0.2.tgz 2333ms (cache miss)
199 http fetch GET 200 https://registry.npmjs.org/parseurl/-/parseurl-1.3.3.tgz 2335ms (cache miss)
200 http fetch GET 200 https://registry.npmjs.org/parse5-html-rewriting-stream/-/parse5-html-rewriting-stream-7.0.0.tgz 2341ms (cache miss)
201 http fetch GET 200 https://registry.npmjs.org/parse-json/-/parse-json-5.2.0.tgz 2352ms (cache miss)
202 http fetch GET 200 https://registry.npmjs.org/p-map/-/p-map-4.0.0.tgz 2353ms (cache miss)
203 http fetch GET 200 https://registry.npmjs.org/parse-node-version/-/parse-node-version-1.0.1.tgz 2353ms (cache miss)
204 http fetch GET 200 https://registry.npmjs.org/parent-module/-/parent-module-1.0.1.tgz 2357ms (cache miss)
205 http fetch GET 200 https://registry.npmjs.org/parse5-sax-parser/-/parse5-sax-parser-7.0.0.tgz 2362ms (cache miss)
206 http fetch GET 200 https://registry.npmjs.org/p-retry/-/p-retry-6.2.1.tgz 2363ms (cache miss)
207 http fetch GET 200 https://registry.npmjs.org/p-locate/-/p-locate-6.0.0.tgz 2366ms (cache miss)
208 http fetch GET 200 https://registry.npmjs.org/os-tmpdir/-/os-tmpdir-1.0.2.tgz 2376ms (cache miss)
209 http fetch GET 200 https://registry.npmjs.org/p-limit/-/p-limit-4.0.0.tgz 2387ms (cache miss)
210 http fetch GET 200 https://registry.npmjs.org/open/-/open-10.1.0.tgz 2399ms (cache miss)
211 http fetch GET 200 https://registry.npmjs.org/ora/-/ora-5.4.1.tgz 2424ms (cache miss)
212 http fetch GET 200 https://registry.npmjs.org/on-headers/-/on-headers-1.1.0.tgz 2429ms (cache miss)
213 http fetch GET 200 https://registry.npmjs.org/on-finished/-/on-finished-2.4.1.tgz 2433ms (cache miss)
214 http fetch GET 200 https://registry.npmjs.org/nth-check/-/nth-check-2.1.1.tgz 2433ms (cache miss)
215 http fetch GET 200 https://registry.npmjs.org/object-assign/-/object-assign-4.1.1.tgz 2433ms (cache miss)
216 http fetch GET 200 https://registry.npmjs.org/once/-/once-1.4.0.tgz 2437ms (cache miss)
217 http fetch GET 200 https://registry.npmjs.org/path-scurry/-/path-scurry-1.11.1.tgz 2443ms (cache miss)
218 http fetch GET 200 https://registry.npmjs.org/onetime/-/onetime-7.0.0.tgz 2442ms (cache miss)
219 http fetch GET 200 https://registry.npmjs.org/npm-registry-fetch/-/npm-registry-fetch-17.1.0.tgz 2442ms (cache miss)
220 http fetch GET 200 https://registry.npmjs.org/npm-packlist/-/npm-packlist-8.0.2.tgz 2446ms (cache miss)
221 http fetch GET 200 https://registry.npmjs.org/npm-normalize-package-bin/-/npm-normalize-package-bin-3.0.1.tgz 2454ms (cache miss)
222 http fetch GET 200 https://registry.npmjs.org/package-json-from-dist/-/package-json-from-dist-1.0.1.tgz 2459ms (cache miss)
223 http fetch GET 200 https://registry.npmjs.org/npm-package-arg/-/npm-package-arg-11.0.3.tgz 2457ms (cache miss)
224 http fetch GET 200 https://registry.npmjs.org/obuf/-/obuf-1.1.2.tgz 2459ms (cache miss)
225 http fetch GET 200 https://registry.npmjs.org/npm-pick-manifest/-/npm-pick-manifest-9.1.0.tgz 2458ms (cache miss)
226 http fetch GET 200 https://registry.npmjs.org/ordered-binary/-/ordered-binary-1.6.1.tgz 2472ms (cache miss)
227 http fetch GET 200 https://registry.npmjs.org/npm-install-checks/-/npm-install-checks-6.3.0.tgz 2471ms (cache miss)
228 http fetch GET 200 https://registry.npmjs.org/npm-bundled/-/npm-bundled-3.0.1.tgz 2538ms (cache miss)
229 http fetch GET 200 https://registry.npmjs.org/normalize-path/-/normalize-path-3.0.0.tgz 2538ms (cache miss)
230 http fetch GET 200 https://registry.npmjs.org/normalize-range/-/normalize-range-0.1.2.tgz 2542ms (cache miss)
231 http fetch GET 200 https://registry.npmjs.org/normalize-package-data/-/normalize-package-data-6.0.2.tgz 2541ms (cache miss)
232 http fetch GET 200 https://registry.npmjs.org/node-gyp-build-optional-packages/-/node-gyp-build-optional-packages-5.2.2.tgz 2541ms (cache miss)
233 http fetch GET 200 https://registry.npmjs.org/nanoid/-/nanoid-3.3.11.tgz 2544ms (cache miss)
234 http fetch GET 200 https://registry.npmjs.org/node-releases/-/node-releases-2.0.36.tgz 2547ms (cache miss)
235 http fetch GET 200 https://registry.npmjs.org/pacote/-/pacote-18.0.6.tgz 2552ms (cache miss)
236 http fetch GET 200 https://registry.npmjs.org/postcss-selector-parser/-/postcss-selector-parser-7.1.1.tgz 2560ms (cache miss)
237 http fetch GET 200 https://registry.npmjs.org/mute-stream/-/mute-stream-1.0.0.tgz 2554ms (cache miss)
238 http fetch GET 200 https://registry.npmjs.org/mrmime/-/mrmime-2.0.0.tgz 2577ms (cache miss)
239 http fetch GET 200 https://registry.npmjs.org/sass/-/sass-1.77.6.tgz 2596ms (cache miss)
240 http fetch GET 200 https://registry.npmjs.org/nopt/-/nopt-7.2.1.tgz 2590ms (cache miss)
241 http fetch GET 200 https://registry.npmjs.org/minizlib/-/minizlib-2.1.2.tgz 2597ms (cache miss)
242 http fetch GET 200 https://registry.npmjs.org/msgpackr-extract/-/msgpackr-extract-3.0.3.tgz 2598ms (cache miss)
243 http fetch GET 200 https://registry.npmjs.org/ms/-/ms-2.1.3.tgz 2604ms (cache miss)
244 http fetch GET 200 https://registry.npmjs.org/negotiator/-/negotiator-0.6.4.tgz 2606ms (cache miss)
245 http fetch GET 200 https://registry.npmjs.org/mkdirp/-/mkdirp-0.5.6.tgz 2608ms (cache miss)
246 http fetch GET 200 https://registry.npmjs.org/minipass-flush/-/minipass-flush-1.0.7.tgz 2611ms (cache miss)
247 http fetch GET 200 https://registry.npmjs.org/multicast-dns/-/multicast-dns-7.2.5.tgz 2618ms (cache miss)
248 http fetch GET 200 https://registry.npmjs.org/minipass-pipeline/-/minipass-pipeline-1.2.4.tgz 2618ms (cache miss)
249 http fetch GET 200 https://registry.npmjs.org/minimatch/-/minimatch-3.1.5.tgz 2638ms (cache miss)
250 http fetch GET 200 https://registry.npmjs.org/minipass-sized/-/minipass-sized-1.0.3.tgz 2648ms (cache miss)
251 http fetch GET 200 https://registry.npmjs.org/minipass-collect/-/minipass-collect-2.0.1.tgz 2648ms (cache miss)
252 http fetch GET 200 https://registry.npmjs.org/minipass-fetch/-/minipass-fetch-3.0.5.tgz 2655ms (cache miss)
253 http fetch GET 200 https://registry.npmjs.org/minimalistic-assert/-/minimalistic-assert-1.0.1.tgz 2660ms (cache miss)
254 http fetch GET 200 https://registry.npmjs.org/mimic-function/-/mimic-function-5.0.1.tgz 2661ms (cache miss)
255 http fetch GET 200 https://registry.npmjs.org/mimic-fn/-/mimic-fn-2.1.0.tgz 2661ms (cache miss)
256 http fetch GET 200 https://registry.npmjs.org/mime-types/-/mime-types-2.1.35.tgz 2692ms (cache miss)
257 http fetch GET 200 https://registry.npmjs.org/merge2/-/merge2-1.4.1.tgz 2695ms (cache miss)
258 http fetch GET 200 https://registry.npmjs.org/micromatch/-/micromatch-4.0.8.tgz 2704ms (cache miss)
259 http fetch GET 200 https://registry.npmjs.org/node-addon-api/-/node-addon-api-6.1.0.tgz 2724ms (cache miss)
260 http fetch GET 200 https://registry.npmjs.org/methods/-/methods-1.1.2.tgz 2734ms (cache miss)
261 http fetch GET 200 https://registry.npmjs.org/mime-db/-/mime-db-1.52.0.tgz 2738ms (cache miss)
262 http fetch GET 200 https://registry.npmjs.org/merge-stream/-/merge-stream-2.0.0.tgz 2739ms (cache miss)
263 http fetch GET 200 https://registry.npmjs.org/math-intrinsics/-/math-intrinsics-1.1.0.tgz 2740ms (cache miss)
264 http fetch GET 200 https://registry.npmjs.org/merge-descriptors/-/merge-descriptors-1.0.3.tgz 2742ms (cache miss)
265 http fetch GET 200 https://registry.npmjs.org/memfs/-/memfs-4.57.1.tgz 2743ms (cache miss)
266 http fetch GET 200 https://registry.npmjs.org/make-dir/-/make-dir-4.0.0.tgz 2743ms (cache miss)
267 http fetch GET 200 https://registry.npmjs.org/media-typer/-/media-typer-0.3.0.tgz 2747ms (cache miss)
268 http fetch GET 200 https://registry.npmjs.org/lru-cache/-/lru-cache-5.1.1.tgz 2764ms (cache miss)
269 http fetch GET 200 https://registry.npmjs.org/mime/-/mime-2.6.0.tgz 2779ms (cache miss)
270 http fetch GET 200 https://registry.npmjs.org/log-update/-/log-update-6.1.0.tgz 2777ms (cache miss)
271 http fetch GET 200 https://registry.npmjs.org/locate-path/-/locate-path-7.2.0.tgz 2782ms (cache miss)
272 http fetch GET 200 https://registry.npmjs.org/log-symbols/-/log-symbols-4.1.0.tgz 2786ms (cache miss)
273 http fetch GET 200 https://registry.npmjs.org/object-inspect/-/object-inspect-1.13.4.tgz 2799ms (cache miss)
274 http fetch GET 200 https://registry.npmjs.org/postcss/-/postcss-8.4.41.tgz 2814ms (cache miss)
275 http fetch GET 200 https://registry.npmjs.org/minipass/-/minipass-7.1.3.tgz 2809ms (cache miss)
276 http fetch GET 200 https://registry.npmjs.org/lodash.debounce/-/lodash.debounce-4.0.8.tgz 2804ms (cache miss)
277 http fetch GET 200 https://registry.npmjs.org/mini-css-extract-plugin/-/mini-css-extract-plugin-2.9.0.tgz 2829ms (cache miss)
278 http fetch GET 200 https://registry.npmjs.org/loader-utils/-/loader-utils-3.3.1.tgz 2826ms (cache miss)
279 http fetch GET 200 https://registry.npmjs.org/loader-runner/-/loader-runner-4.3.1.tgz 2837ms (cache miss)
280 http fetch GET 200 https://registry.npmjs.org/minimist/-/minimist-1.2.8.tgz 2858ms (cache miss)
281 http fetch GET 200 https://registry.npmjs.org/lines-and-columns/-/lines-and-columns-1.2.4.tgz 2853ms (cache miss)
282 http fetch GET 200 https://registry.npmjs.org/less-loader/-/less-loader-12.2.0.tgz 2854ms (cache miss)
283 http fetch GET 200 https://registry.npmjs.org/make-fetch-happen/-/make-fetch-happen-13.0.1.tgz 2866ms (cache miss)
284 http fetch GET 200 https://registry.npmjs.org/launch-editor/-/launch-editor-2.13.2.tgz 2874ms (cache miss)
285 http fetch GET 200 https://registry.npmjs.org/kind-of/-/kind-of-6.0.3.tgz 2880ms (cache miss)
286 http fetch GET 200 https://registry.npmjs.org/karma-jasmine-html-reporter/-/karma-jasmine-html-reporter-2.1.0.tgz 2884ms (cache miss)
287 http fetch GET 200 https://registry.npmjs.org/karma-source-map-support/-/karma-source-map-support-1.4.0.tgz 2886ms (cache miss)
288 http fetch GET 200 https://registry.npmjs.org/magic-string/-/magic-string-0.30.11.tgz 2906ms (cache miss)
289 http fetch GET 200 https://registry.npmjs.org/karma-chrome-launcher/-/karma-chrome-launcher-3.2.0.tgz 2909ms (cache miss)
290 http fetch GET 200 https://registry.npmjs.org/karma-jasmine/-/karma-jasmine-5.1.0.tgz 2911ms (cache miss)
291 http fetch GET 200 https://registry.npmjs.org/jsonfile/-/jsonfile-4.0.0.tgz 2917ms (cache miss)
292 http fetch GET 200 https://registry.npmjs.org/listr2/-/listr2-8.2.4.tgz 2930ms (cache miss)
293 http fetch GET 200 https://registry.npmjs.org/json-schema-traverse/-/json-schema-traverse-1.0.0.tgz 2992ms (cache miss)
294 http fetch GET 200 https://registry.npmjs.org/js-tokens/-/js-tokens-4.0.0.tgz 3002ms (cache miss)
295 http fetch GET 200 https://registry.npmjs.org/json-parse-even-better-errors/-/json-parse-even-better-errors-3.0.2.tgz 3008ms (cache miss)
296 http fetch GET 200 https://registry.npmjs.org/jsesc/-/jsesc-3.1.0.tgz 3021ms (cache miss)
297 http fetch GET 200 https://registry.npmjs.org/istanbul-lib-report/-/istanbul-lib-report-3.0.1.tgz 3034ms (cache miss)
298 http fetch GET 200 https://registry.npmjs.org/istanbul-lib-coverage/-/istanbul-lib-coverage-3.2.2.tgz 3051ms (cache miss)
299 http fetch GET 200 https://registry.npmjs.org/isobject/-/isobject-3.0.1.tgz 3064ms (cache miss)
300 http fetch GET 200 https://registry.npmjs.org/is-wsl/-/is-wsl-3.1.1.tgz 3070ms (cache miss)
301 http fetch GET 200 https://registry.npmjs.org/isexe/-/isexe-2.0.0.tgz 3070ms (cache miss)
302 http fetch GET 200 https://registry.npmjs.org/jsonparse/-/jsonparse-1.3.1.tgz 3074ms (cache miss)
303 http fetch GET 200 https://registry.npmjs.org/isarray/-/isarray-1.0.0.tgz 3085ms (cache miss)
304 http fetch GET 200 https://registry.npmjs.org/is-unicode-supported/-/is-unicode-supported-0.1.0.tgz 3104ms (cache miss)
305 http fetch GET 200 https://registry.npmjs.org/is-regex/-/is-regex-1.2.1.tgz 3108ms (cache miss)
306 http fetch GET 200 https://registry.npmjs.org/is-plain-object/-/is-plain-object-5.0.0.tgz 3113ms (cache miss)
307 http fetch GET 200 https://registry.npmjs.org/isbinaryfile/-/isbinaryfile-4.0.10.tgz 3115ms (cache miss)
308 http fetch GET 200 https://registry.npmjs.org/resolve/-/resolve-1.22.8.tgz 3151ms (cache miss)
309 http fetch GET 200 https://registry.npmjs.org/is-plain-obj/-/is-plain-obj-3.0.0.tgz 3134ms (cache miss)
310 http fetch GET 200 https://registry.npmjs.org/is-what/-/is-what-3.14.1.tgz 3135ms (cache miss)
311 http fetch GET 200 https://registry.npmjs.org/is-number/-/is-number-7.0.0.tgz 3135ms (cache miss)
312 http fetch GET 200 https://registry.npmjs.org/is-glob/-/is-glob-4.0.3.tgz 3142ms (cache miss)
313 http fetch GET 200 https://registry.npmjs.org/is-inside-container/-/is-inside-container-1.0.0.tgz 3144ms (cache miss)
314 http fetch GET 200 https://registry.npmjs.org/is-docker/-/is-docker-3.0.0.tgz 3147ms (cache miss)
315 http fetch GET 200 https://registry.npmjs.org/is-network-error/-/is-network-error-1.3.1.tgz 3149ms (cache miss)
316 http fetch GET 200 https://registry.npmjs.org/is-interactive/-/is-interactive-1.0.0.tgz 3150ms (cache miss)
317 http fetch GET 200 https://registry.npmjs.org/is-lambda/-/is-lambda-1.0.1.tgz 3151ms (cache miss)
318 http fetch GET 200 https://registry.npmjs.org/istanbul-lib-instrument/-/istanbul-lib-instrument-6.0.3.tgz 3160ms (cache miss)
319 http fetch GET 200 https://registry.npmjs.org/is-binary-path/-/is-binary-path-2.1.0.tgz 3162ms (cache miss)
320 http fetch GET 200 https://registry.npmjs.org/is-fullwidth-code-point/-/is-fullwidth-code-point-4.0.0.tgz 3165ms (cache miss)
321 http fetch GET 200 https://registry.npmjs.org/is-core-module/-/is-core-module-2.16.1.tgz 3168ms (cache miss)
322 http fetch GET 200 https://registry.npmjs.org/istanbul-lib-source-maps/-/istanbul-lib-source-maps-4.0.1.tgz 3172ms (cache miss)
323 http fetch GET 200 https://registry.npmjs.org/is-arrayish/-/is-arrayish-0.2.1.tgz 3173ms (cache miss)
324 http fetch GET 200 https://registry.npmjs.org/is-extglob/-/is-extglob-2.1.1.tgz 3174ms (cache miss)
325 http fetch GET 200 https://registry.npmjs.org/inherits/-/inherits-2.0.4.tgz 3207ms (cache miss)
326 http fetch GET 200 https://registry.npmjs.org/imurmurhash/-/imurmurhash-0.1.4.tgz 3215ms (cache miss)
327 http fetch GET 200 https://registry.npmjs.org/import-fresh/-/import-fresh-3.3.1.tgz 3215ms (cache miss)
328 http fetch GET 200 https://registry.npmjs.org/karma-coverage/-/karma-coverage-2.2.1.tgz 3228ms (cache miss)
329 http fetch GET 200 https://registry.npmjs.org/ini/-/ini-4.1.3.tgz 3221ms (cache miss)
330 http fetch GET 200 https://registry.npmjs.org/inflight/-/inflight-1.0.6.tgz 3222ms (cache miss)
331 warn deprecated inflight@1.0.6: This module is not supported, and leaks memory. Do not use it. Check out lru-cache if you want a good and tested way to coalesce async requests by a key value, which is much more comprehensive and powerful.
332 http fetch GET 200 https://registry.npmjs.org/msgpackr/-/msgpackr-1.11.9.tgz 3244ms (cache miss)
333 http fetch GET 200 https://registry.npmjs.org/ipaddr.js/-/ipaddr.js-2.3.0.tgz 3230ms (cache miss)
334 http fetch GET 200 https://registry.npmjs.org/ignore-walk/-/ignore-walk-6.0.5.tgz 3235ms (cache miss)
335 http fetch GET 200 https://registry.npmjs.org/ieee754/-/ieee754-1.2.1.tgz 3241ms (cache miss)
336 http fetch GET 200 https://registry.npmjs.org/indent-string/-/indent-string-4.0.0.tgz 3245ms (cache miss)
337 http fetch GET 200 https://registry.npmjs.org/icss-utils/-/icss-utils-5.1.0.tgz 3246ms (cache miss)
338 http fetch GET 200 https://registry.npmjs.org/json5/-/json5-2.2.3.tgz 3256ms (cache miss)
339 http fetch GET 200 https://registry.npmjs.org/ignore/-/ignore-7.0.5.tgz 3257ms (cache miss)
340 http fetch GET 200 https://registry.npmjs.org/log4js/-/log4js-6.9.1.tgz 3276ms (cache miss)
341 http fetch GET 200 https://registry.npmjs.org/https-proxy-agent/-/https-proxy-agent-7.0.5.tgz 3281ms (cache miss)
342 http fetch GET 200 https://registry.npmjs.org/http-errors/-/http-errors-2.0.1.tgz 3288ms (cache miss)
343 http fetch GET 200 https://registry.npmjs.org/http-parser-js/-/http-parser-js-0.5.10.tgz 3288ms (cache miss)
344 http fetch GET 200 https://registry.npmjs.org/http-cache-semantics/-/http-cache-semantics-4.2.0.tgz 3318ms (cache miss)
345 http fetch GET 200 https://registry.npmjs.org/http-deceiver/-/http-deceiver-1.2.7.tgz 3329ms (cache miss)
346 http fetch GET 200 https://registry.npmjs.org/hasown/-/hasown-2.0.2.tgz 3333ms (cache miss)
347 http fetch GET 200 https://registry.npmjs.org/hosted-git-info/-/hosted-git-info-7.0.2.tgz 3337ms (cache miss)
348 http fetch GET 200 https://registry.npmjs.org/jsonc-parser/-/jsonc-parser-3.3.1.tgz 3353ms (cache miss)
349 http fetch GET 200 https://registry.npmjs.org/has-flag/-/has-flag-4.0.0.tgz 3361ms (cache miss)
350 http fetch GET 200 https://registry.npmjs.org/has-tostringtag/-/has-tostringtag-1.0.2.tgz 3371ms (cache miss)
351 http fetch GET 200 https://registry.npmjs.org/graceful-fs/-/graceful-fs-4.2.11.tgz 3371ms (cache miss)
352 http fetch GET 200 https://registry.npmjs.org/gopd/-/gopd-1.2.0.tgz 3374ms (cache miss)
353 http fetch GET 200 https://registry.npmjs.org/http-proxy-agent/-/http-proxy-agent-7.0.2.tgz 3377ms (cache miss)
354 http fetch GET 200 https://registry.npmjs.org/globby/-/globby-14.1.0.tgz 3387ms (cache miss)
355 http fetch GET 200 https://registry.npmjs.org/glob-to-regexp/-/glob-to-regexp-0.4.1.tgz 3394ms (cache miss)
356 http fetch GET 200 https://registry.npmjs.org/needle/-/needle-3.5.0.tgz 3421ms (cache miss)
357 http fetch GET 200 https://registry.npmjs.org/glob-parent/-/glob-parent-6.0.2.tgz 3403ms (cache miss)
358 http fetch GET 200 https://registry.npmjs.org/handle-thing/-/handle-thing-2.0.1.tgz 3407ms (cache miss)
359 http fetch GET 200 https://registry.npmjs.org/glob-to-regex.js/-/glob-to-regex.js-1.2.0.tgz 3427ms (cache miss)
360 http fetch GET 200 https://registry.npmjs.org/get-proto/-/get-proto-1.0.1.tgz 3427ms (cache miss)
361 http fetch GET 200 https://registry.npmjs.org/immutable/-/immutable-4.3.8.tgz 3447ms (cache miss)
362 http fetch GET 200 https://registry.npmjs.org/gensync/-/gensync-1.0.0-beta.2.tgz 3447ms (cache miss)
363 http fetch GET 200 https://registry.npmjs.org/html-escaper/-/html-escaper-2.0.2.tgz 3453ms (cache miss)
364 http fetch GET 200 https://registry.npmjs.org/glob/-/glob-7.2.3.tgz 3451ms (cache miss)
365 http fetch GET 200 https://registry.npmjs.org/get-caller-file/-/get-caller-file-2.0.5.tgz 3454ms (cache miss)
366 warn deprecated glob@7.2.3: Old versions of glob are not supported, and contain widely publicized security vulnerabilities, which have been fixed in the current version. Please update. Support for old versions may be purchased (at exorbitant rates) by contacting i@izs.me
367 http fetch GET 200 https://registry.npmjs.org/fresh/-/fresh-0.5.2.tgz 3461ms (cache miss)
368 http fetch GET 200 https://registry.npmjs.org/fs-minipass/-/fs-minipass-3.0.3.tgz 3466ms (cache miss)
369 http fetch GET 200 https://registry.npmjs.org/fs.realpath/-/fs.realpath-1.0.0.tgz 3468ms (cache miss)
370 http fetch GET 200 https://registry.npmjs.org/flatted/-/flatted-3.4.2.tgz 3479ms (cache miss)
371 http fetch GET 200 https://registry.npmjs.org/get-east-asian-width/-/get-east-asian-width-1.5.0.tgz 3482ms (cache miss)
372 http fetch GET 200 https://registry.npmjs.org/forwarded/-/forwarded-0.2.0.tgz 3487ms (cache miss)
373 http fetch GET 200 https://registry.npmjs.org/flat/-/flat-5.0.2.tgz 3488ms (cache miss)
374 http fetch GET 200 https://registry.npmjs.org/find-up/-/find-up-6.3.0.tgz 3488ms (cache miss)
375 http fetch GET 200 https://registry.npmjs.org/fill-range/-/fill-range-7.1.1.tgz 3494ms (cache miss)
376 http fetch GET 200 https://registry.npmjs.org/get-intrinsic/-/get-intrinsic-1.3.0.tgz 3503ms (cache miss)
377 http fetch GET 200 https://registry.npmjs.org/jest-worker/-/jest-worker-27.5.1.tgz 3523ms (cache miss)
378 http fetch GET 200 https://registry.npmjs.org/find-cache-dir/-/find-cache-dir-4.0.0.tgz 3513ms (cache miss)
379 http fetch GET 200 https://registry.npmjs.org/follow-redirects/-/follow-redirects-1.15.11.tgz 3514ms (cache miss)
380 http fetch GET 200 https://registry.npmjs.org/finalhandler/-/finalhandler-1.1.2.tgz 3526ms (cache miss)
381 http fetch GET 200 https://registry.npmjs.org/jackspeak/-/jackspeak-3.4.3.tgz 3547ms (cache miss)
382 http fetch GET 200 https://registry.npmjs.org/image-size/-/image-size-0.5.5.tgz 3544ms (cache miss)
383 http fetch GET 200 https://registry.npmjs.org/fast-json-stable-stringify/-/fast-json-stable-stringify-2.1.0.tgz 3543ms (cache miss)
384 http fetch GET 200 https://registry.npmjs.org/fastq/-/fastq-1.20.1.tgz 3548ms (cache miss)
385 http fetch GET 200 https://registry.npmjs.org/jiti/-/jiti-1.21.7.tgz 3588ms (cache miss)
386 http fetch GET 200 https://registry.npmjs.org/external-editor/-/external-editor-3.1.0.tgz 3579ms (cache miss)
387 http fetch GET 200 https://registry.npmjs.org/http-proxy/-/http-proxy-1.18.1.tgz 3589ms (cache miss)
388 http fetch GET 200 https://registry.npmjs.org/fraction.js/-/fraction.js-4.3.7.tgz 3585ms (cache miss)
389 http fetch GET 200 https://registry.npmjs.org/exponential-backoff/-/exponential-backoff-3.1.3.tgz 3584ms (cache miss)
390 http fetch GET 200 https://registry.npmjs.org/etag/-/etag-1.8.1.tgz 3584ms (cache miss)
391 http fetch GET 200 https://registry.npmjs.org/fast-deep-equal/-/fast-deep-equal-3.1.3.tgz 3589ms (cache miss)
392 http fetch GET 200 https://registry.npmjs.org/esrecurse/-/esrecurse-4.3.0.tgz 3590ms (cache miss)
393 http fetch GET 200 https://registry.npmjs.org/esutils/-/esutils-2.0.3.tgz 3595ms (cache miss)
394 http fetch GET 200 https://registry.npmjs.org/has-symbols/-/has-symbols-1.1.0.tgz 3601ms (cache miss)
395 http fetch GET 200 https://registry.npmjs.org/function-bind/-/function-bind-1.1.2.tgz 3606ms (cache miss)
396 http fetch GET 200 https://registry.npmjs.org/escape-html/-/escape-html-1.0.3.tgz 3617ms (cache miss)
397 http fetch GET 200 https://registry.npmjs.org/jasmine-core/-/jasmine-core-5.2.0.tgz 3638ms (cache miss)
398 http fetch GET 200 https://registry.npmjs.org/escalade/-/escalade-3.2.0.tgz 3625ms (cache miss)
399 http fetch GET 200 https://registry.npmjs.org/estraverse/-/estraverse-4.3.0.tgz 3630ms (cache miss)
400 http fetch GET 200 https://registry.npmjs.org/error-ex/-/error-ex-1.3.4.tgz 3658ms (cache miss)
401 http fetch GET 200 https://registry.npmjs.org/environment/-/environment-1.1.0.tgz 3657ms (cache miss)
402 http fetch GET 200 https://registry.npmjs.org/es-define-property/-/es-define-property-1.0.1.tgz 3658ms (cache miss)
403 http fetch GET 200 https://registry.npmjs.org/eventemitter3/-/eventemitter3-4.0.7.tgz 3664ms (cache miss)
404 http fetch GET 200 https://registry.npmjs.org/extend/-/extend-3.0.2.tgz 3667ms (cache miss)
405 http fetch GET 200 https://registry.npmjs.org/es-errors/-/es-errors-1.3.0.tgz 3665ms (cache miss)
406 http fetch GET 200 https://registry.npmjs.org/err-code/-/err-code-2.0.3.tgz 3665ms (cache miss)
407 http fetch GET 200 https://registry.npmjs.org/errno/-/errno-0.1.8.tgz 3665ms (cache miss)
408 http fetch GET 200 https://registry.npmjs.org/env-paths/-/env-paths-2.2.1.tgz 3669ms (cache miss)
409 http fetch GET 200 https://registry.npmjs.org/esbuild/-/esbuild-0.23.0.tgz 3697ms (cache miss)
410 http fetch GET 200 https://registry.npmjs.org/js-yaml/-/js-yaml-4.1.1.tgz 3722ms (cache miss)
411 http fetch GET 200 https://registry.npmjs.org/parse5/-/parse5-7.3.0.tgz 3741ms (cache miss)
412 http fetch GET 200 https://registry.npmjs.org/faye-websocket/-/faye-websocket-0.11.4.tgz 3712ms (cache miss)
413 http fetch GET 200 https://registry.npmjs.org/node-forge/-/node-forge-1.4.0.tgz 3766ms (cache miss)
414 http fetch GET 200 https://registry.npmjs.org/es-module-lexer/-/es-module-lexer-1.7.0.tgz 3736ms (cache miss)
415 http fetch GET 200 https://registry.npmjs.org/engine.io-parser/-/engine.io-parser-5.2.3.tgz 3748ms (cache miss)
416 http fetch GET 200 https://registry.npmjs.org/eslint-scope/-/eslint-scope-5.1.1.tgz 3755ms (cache miss)
417 http fetch GET 200 https://registry.npmjs.org/hpack.js/-/hpack.js-2.1.6.tgz 3764ms (cache miss)
418 http fetch GET 200 https://registry.npmjs.org/encodeurl/-/encodeurl-1.0.2.tgz 3764ms (cache miss)
419 http fetch GET 200 https://registry.npmjs.org/neo-async/-/neo-async-2.6.2.tgz 3810ms (cache miss)
420 http fetch GET 200 https://registry.npmjs.org/ee-first/-/ee-first-1.1.1.tgz 3781ms (cache miss)
421 http fetch GET 200 https://registry.npmjs.org/encoding/-/encoding-0.1.13.tgz 3782ms (cache miss)
422 http fetch GET 200 https://registry.npmjs.org/eastasianwidth/-/eastasianwidth-0.2.0.tgz 3789ms (cache miss)
423 http fetch GET 200 https://registry.npmjs.org/dunder-proto/-/dunder-proto-1.0.1.tgz 3790ms (cache miss)
424 http fetch GET 200 https://registry.npmjs.org/iconv-lite/-/iconv-lite-0.4.24.tgz 3814ms (cache miss)
425 http fetch GET 200 https://registry.npmjs.org/emojis-list/-/emojis-list-3.0.0.tgz 3801ms (cache miss)
426 http fetch GET 200 https://registry.npmjs.org/emoji-regex/-/emoji-regex-10.6.0.tgz 3807ms (cache miss)
427 http fetch GET 200 https://registry.npmjs.org/es-object-atoms/-/es-object-atoms-1.1.1.tgz 3812ms (cache miss)
428 http fetch GET 200 https://registry.npmjs.org/domelementtype/-/domelementtype-2.3.0.tgz 3826ms (cache miss)
429 http fetch GET 200 https://registry.npmjs.org/dom-serialize/-/dom-serialize-2.2.1.tgz 3826ms (cache miss)
430 http fetch GET 200 https://registry.npmjs.org/domhandler/-/domhandler-5.0.3.tgz 3835ms (cache miss)
431 http fetch GET 200 https://registry.npmjs.org/di/-/di-0.0.1.tgz 3863ms (cache miss)
432 http fetch GET 200 https://registry.npmjs.org/detect-libc/-/detect-libc-2.1.2.tgz 3868ms (cache miss)
433 http fetch GET 200 https://registry.npmjs.org/dom-serializer/-/dom-serializer-2.0.0.tgz 3869ms (cache miss)
434 http fetch GET 200 https://registry.npmjs.org/default-browser-id/-/default-browser-id-5.0.1.tgz 3868ms (cache miss)
435 http fetch GET 200 https://registry.npmjs.org/defaults/-/defaults-1.0.4.tgz 3867ms (cache miss)
436 http fetch GET 200 https://registry.npmjs.org/detect-node/-/detect-node-2.1.0.tgz 3874ms (cache miss)
437 http fetch GET 200 https://registry.npmjs.org/define-lazy-prop/-/define-lazy-prop-3.0.0.tgz 3872ms (cache miss)
438 http fetch GET 200 https://registry.npmjs.org/hyperdyperid/-/hyperdyperid-1.2.0.tgz 3898ms (cache miss)
439 http fetch GET 200 https://registry.npmjs.org/destroy/-/destroy-1.2.0.tgz 3885ms (cache miss)
440 http fetch GET 200 https://registry.npmjs.org/express/-/express-4.22.1.tgz 3904ms (cache miss)
441 http fetch GET 200 https://registry.npmjs.org/custom-event/-/custom-event-1.0.1.tgz 3893ms (cache miss)
442 http fetch GET 200 https://registry.npmjs.org/depd/-/depd-2.0.0.tgz 3895ms (cache miss)
443 http fetch GET 200 https://registry.npmjs.org/typescript/-/typescript-5.5.4.tgz 3979ms (cache miss)
444 http fetch GET 200 https://registry.npmjs.org/default-browser/-/default-browser-5.5.0.tgz 3909ms (cache miss)
445 http fetch GET 200 https://registry.npmjs.org/css-what/-/css-what-6.2.2.tgz 3909ms (cache miss)
446 http fetch GET 200 https://registry.npmjs.org/ent/-/ent-2.2.2.tgz 3920ms (cache miss)
447 http fetch GET 200 https://registry.npmjs.org/electron-to-chromium/-/electron-to-chromium-1.5.328.tgz 3921ms (cache miss)
448 http fetch GET 200 https://registry.npmjs.org/debug/-/debug-4.4.3.tgz 3933ms (cache miss)
449 http fetch GET 200 https://registry.npmjs.org/dns-packet/-/dns-packet-5.6.1.tgz 3946ms (cache miss)
450 http fetch GET 200 https://registry.npmjs.org/core-util-is/-/core-util-is-1.0.3.tgz 3944ms (cache miss)
451 http fetch GET 200 https://registry.npmjs.org/cors/-/cors-2.8.6.tgz 3960ms (cache miss)
452 http fetch GET 200 https://registry.npmjs.org/cssesc/-/cssesc-3.0.0.tgz 4020ms (cache miss)
453 http fetch GET 200 https://registry.npmjs.org/cookie-signature/-/cookie-signature-1.0.7.tgz 4029ms (cache miss)
454 http fetch GET 200 https://registry.npmjs.org/date-format/-/date-format-4.0.14.tgz 4034ms (cache miss)
455 http fetch GET 200 https://registry.npmjs.org/content-disposition/-/content-disposition-0.5.4.tgz 4071ms (cache miss)
456 http fetch GET 200 https://registry.npmjs.org/concat-map/-/concat-map-0.0.1.tgz 4072ms (cache miss)
457 http fetch GET 200 https://registry.npmjs.org/convert-source-map/-/convert-source-map-1.9.0.tgz 4075ms (cache miss)
458 http fetch GET 200 https://registry.npmjs.org/common-path-prefix/-/common-path-prefix-3.0.0.tgz 4074ms (cache miss)
459 http fetch GET 200 https://registry.npmjs.org/copy-anything/-/copy-anything-2.0.6.tgz 4078ms (cache miss)
460 http fetch GET 200 https://registry.npmjs.org/connect-history-api-fallback/-/connect-history-api-fallback-2.0.0.tgz 4077ms (cache miss)
461 http fetch GET 200 https://registry.npmjs.org/cookie/-/cookie-0.7.2.tgz 4079ms (cache miss)
462 http fetch GET 200 https://registry.npmjs.org/content-type/-/content-type-1.0.5.tgz 4078ms (cache miss)
463 http fetch GET 200 https://registry.npmjs.org/compression/-/compression-1.8.1.tgz 4089ms (cache miss)
464 http fetch GET 200 https://registry.npmjs.org/piscina/-/piscina-4.6.1.tgz 4142ms (cache miss)
465 http fetch GET 200 https://registry.npmjs.org/compressible/-/compressible-2.0.18.tgz 4098ms (cache miss)
466 http fetch GET 200 https://registry.npmjs.org/colorette/-/colorette-2.0.20.tgz 4102ms (cache miss)
467 http fetch GET 200 https://registry.npmjs.org/commander/-/commander-2.20.3.tgz 4106ms (cache miss)
468 http fetch GET 200 https://registry.npmjs.org/connect/-/connect-3.7.0.tgz 4108ms (cache miss)
469 http fetch GET 200 https://registry.npmjs.org/color-name/-/color-name-1.1.4.tgz 4117ms (cache miss)
470 http fetch GET 200 https://registry.npmjs.org/cross-spawn/-/cross-spawn-7.0.6.tgz 4125ms (cache miss)
471 http fetch GET 200 https://registry.npmjs.org/istanbul-reports/-/istanbul-reports-3.2.0.tgz 4155ms (cache miss)
472 http fetch GET 200 https://registry.npmjs.org/copy-webpack-plugin/-/copy-webpack-plugin-12.0.2.tgz 4128ms (cache miss)
473 http fetch GET 200 https://registry.npmjs.org/events/-/events-3.3.0.tgz 4149ms (cache miss)
474 http fetch GET 200 https://registry.npmjs.org/color-convert/-/color-convert-2.0.1.tgz 4159ms (cache miss)
475 http fetch GET 200 https://registry.npmjs.org/fast-uri/-/fast-uri-3.1.0.tgz 4180ms (cache miss)
476 http fetch GET 200 https://registry.npmjs.org/htmlparser2/-/htmlparser2-8.0.2.tgz 4194ms (cache miss)
477 http fetch GET 200 https://registry.npmjs.org/critters/-/critters-0.0.24.tgz 4193ms (cache miss)
478 http fetch GET 200 https://registry.npmjs.org/cli-cursor/-/cli-cursor-5.0.0.tgz 4190ms (cache miss)
479 http fetch GET 200 https://registry.npmjs.org/clone-deep/-/clone-deep-4.0.1.tgz 4192ms (cache miss)
480 http fetch GET 200 https://registry.npmjs.org/cli-truncate/-/cli-truncate-4.0.0.tgz 4196ms (cache miss)
481 http fetch GET 200 https://registry.npmjs.org/clone/-/clone-1.0.4.tgz 4196ms (cache miss)
482 warn deprecated critters@0.0.24: Ownership of Critters has moved to the Nuxt team, who will be maintaining the project going forward. If you'd like to keep using Critters, please switch to the actively-maintained fork at https://github.com/danielroe/beasties
483 http fetch GET 200 https://registry.npmjs.org/chrome-trace-event/-/chrome-trace-event-1.0.4.tgz 4203ms (cache miss)
484 http fetch GET 200 https://registry.npmjs.org/chownr/-/chownr-2.0.0.tgz 4203ms (cache miss)
485 http fetch GET 200 https://registry.npmjs.org/clean-stack/-/clean-stack-2.2.0.tgz 4203ms (cache miss)
486 http fetch GET 200 https://registry.npmjs.org/cli-width/-/cli-width-4.1.0.tgz 4205ms (cache miss)
487 http fetch GET 200 https://registry.npmjs.org/cli-spinners/-/cli-spinners-2.9.2.tgz 4205ms (cache miss)
488 http fetch GET 200 https://registry.npmjs.org/call-bound/-/call-bound-1.0.4.tgz 4243ms (cache miss)
489 http fetch GET 200 https://registry.npmjs.org/ip-address/-/ip-address-10.1.0.tgz 4281ms (cache miss)
490 http fetch GET 200 https://registry.npmjs.org/bytes/-/bytes-3.1.2.tgz 4265ms (cache miss)
491 http fetch GET 200 https://registry.npmjs.org/callsites/-/callsites-3.1.0.tgz 4273ms (cache miss)
492 http fetch GET 200 https://registry.npmjs.org/bundle-name/-/bundle-name-4.1.0.tgz 4280ms (cache miss)
493 http fetch GET 200 https://registry.npmjs.org/buffer-from/-/buffer-from-1.1.2.tgz 4284ms (cache miss)
494 http fetch GET 200 https://registry.npmjs.org/braces/-/braces-3.0.3.tgz 4287ms (cache miss)
495 http fetch GET 200 https://registry.npmjs.org/chokidar/-/chokidar-3.6.0.tgz 4291ms (cache miss)
496 http fetch GET 200 https://registry.npmjs.org/brace-expansion/-/brace-expansion-1.1.13.tgz 4289ms (cache miss)
497 http fetch GET 200 https://registry.npmjs.org/boolbase/-/boolbase-1.0.0.tgz 4292ms (cache miss)
498 http fetch GET 200 https://registry.npmjs.org/cliui/-/cliui-8.0.1.tgz 4301ms (cache miss)
499 http fetch GET 200 https://registry.npmjs.org/binary-extensions/-/binary-extensions-2.3.0.tgz 4325ms (cache miss)
500 http fetch GET 200 https://registry.npmjs.org/batch/-/batch-0.6.1.tgz 4325ms (cache miss)
501 http fetch GET 200 https://registry.npmjs.org/css-loader/-/css-loader-7.1.2.tgz 4333ms (cache miss)
502 http fetch GET 200 https://registry.npmjs.org/chalk/-/chalk-4.1.2.tgz 4328ms (cache miss)
503 http fetch GET 200 https://registry.npmjs.org/buffer/-/buffer-5.7.1.tgz 4332ms (cache miss)
504 http fetch GET 200 https://registry.npmjs.org/fs-extra/-/fs-extra-8.1.0.tgz 4363ms (cache miss)
505 http fetch GET 200 https://registry.npmjs.org/chardet/-/chardet-0.7.0.tgz 4365ms (cache miss)
506 http fetch GET 200 https://registry.npmjs.org/balanced-match/-/balanced-match-1.0.2.tgz 4374ms (cache miss)
507 http fetch GET 200 https://registry.npmjs.org/babel-plugin-polyfill-regenerator/-/babel-plugin-polyfill-regenerator-0.6.8.tgz 4375ms (cache miss)
508 http fetch GET 200 https://registry.npmjs.org/array-flatten/-/array-flatten-1.1.1.tgz 4375ms (cache miss)
509 http fetch GET 200 https://registry.npmjs.org/base64-js/-/base64-js-1.5.1.tgz 4378ms (cache miss)
510 http fetch GET 200 https://registry.npmjs.org/base64id/-/base64id-2.0.0.tgz 4381ms (cache miss)
511 http fetch GET 200 https://registry.npmjs.org/browserslist/-/browserslist-4.28.1.tgz 4388ms (cache miss)
512 http fetch GET 200 https://registry.npmjs.org/anymatch/-/anymatch-3.1.3.tgz 4389ms (cache miss)
513 http fetch GET 200 https://registry.npmjs.org/core-js-compat/-/core-js-compat-3.49.0.tgz 4399ms (cache miss)
514 http fetch GET 200 https://registry.npmjs.org/ansi-html-community/-/ansi-html-community-0.0.8.tgz 4415ms (cache miss)
515 http fetch GET 200 https://registry.npmjs.org/big.js/-/big.js-5.2.2.tgz 4429ms (cache miss)
516 http fetch GET 200 https://registry.npmjs.org/foreground-child/-/foreground-child-3.3.1.tgz 4457ms (cache miss)
517 http fetch GET 200 https://registry.npmjs.org/accepts/-/accepts-1.3.8.tgz 4439ms (cache miss)
518 http fetch GET 200 https://registry.npmjs.org/ansi-regex/-/ansi-regex-5.0.1.tgz 4446ms (cache miss)
519 http fetch GET 200 https://registry.npmjs.org/ansi-colors/-/ansi-colors-4.1.3.tgz 4446ms (cache miss)
520 http fetch GET 200 https://registry.npmjs.org/bl/-/bl-4.1.0.tgz 4450ms (cache miss)
521 http fetch GET 200 https://registry.npmjs.org/aggregate-error/-/aggregate-error-3.1.0.tgz 4450ms (cache miss)
522 http fetch GET 200 https://registry.npmjs.org/ansi-escapes/-/ansi-escapes-4.3.2.tgz 4451ms (cache miss)
523 http fetch GET 200 https://registry.npmjs.org/body-parser/-/body-parser-1.20.4.tgz 4458ms (cache miss)
524 http fetch GET 200 https://registry.npmjs.org/agent-base/-/agent-base-7.1.4.tgz 4456ms (cache miss)
525 http fetch GET 200 https://registry.npmjs.org/ansi-styles/-/ansi-styles-4.3.0.tgz 4461ms (cache miss)
526 http fetch GET 200 https://registry.npmjs.org/adjust-sourcemap-loader/-/adjust-sourcemap-loader-4.0.0.tgz 4461ms (cache miss)
527 http fetch GET 200 https://registry.npmjs.org/argparse/-/argparse-2.0.1.tgz 4468ms (cache miss)
528 http fetch GET 200 https://registry.npmjs.org/acorn-import-attributes/-/acorn-import-attributes-1.9.5.tgz 4467ms (cache miss)
529 http fetch GET 200 https://registry.npmjs.org/abbrev/-/abbrev-2.0.0.tgz 4470ms (cache miss)
530 http fetch GET 200 https://registry.npmjs.org/@xtuc/ieee754/-/ieee754-1.2.0.tgz 4481ms (cache miss)
531 http fetch GET 200 https://registry.npmjs.org/babel-plugin-polyfill-corejs2/-/babel-plugin-polyfill-corejs2-0.4.17.tgz 4488ms (cache miss)
532 http fetch GET 200 https://registry.npmjs.org/baseline-browser-mapping/-/baseline-browser-mapping-2.10.12.tgz 4499ms (cache miss)
533 http fetch GET 200 https://registry.npmjs.org/babel-loader/-/babel-loader-9.1.3.tgz 4512ms (cache miss)
534 http fetch GET 200 https://registry.npmjs.org/@webassemblyjs/wast-printer/-/wast-printer-1.14.1.tgz 4521ms (cache miss)
535 http fetch GET 200 https://registry.npmjs.org/@webassemblyjs/wasm-opt/-/wasm-opt-1.14.1.tgz 4524ms (cache miss)
536 http fetch GET 200 https://registry.npmjs.org/@yarnpkg/lockfile/-/lockfile-1.1.0.tgz 4535ms (cache miss)
537 http fetch GET 200 https://registry.npmjs.org/@webassemblyjs/utf8/-/utf8-1.13.2.tgz 4532ms (cache miss)
538 http fetch GET 200 https://registry.npmjs.org/@webassemblyjs/wasm-edit/-/wasm-edit-1.14.1.tgz 4545ms (cache miss)
539 http fetch GET 200 https://registry.npmjs.org/call-bind-apply-helpers/-/call-bind-apply-helpers-1.0.2.tgz 4555ms (cache miss)
540 http fetch GET 200 https://registry.npmjs.org/@webassemblyjs/wasm-gen/-/wasm-gen-1.14.1.tgz 4561ms (cache miss)
541 http fetch GET 200 https://registry.npmjs.org/@webassemblyjs/helper-wasm-bytecode/-/helper-wasm-bytecode-1.13.2.tgz 4570ms (cache miss)
542 http fetch GET 200 https://registry.npmjs.org/@webassemblyjs/helper-wasm-section/-/helper-wasm-section-1.14.1.tgz 4576ms (cache miss)
543 http fetch GET 200 https://registry.npmjs.org/@webassemblyjs/helper-buffer/-/helper-buffer-1.14.1.tgz 4579ms (cache miss)
544 http fetch GET 200 https://registry.npmjs.org/@webassemblyjs/ieee754/-/ieee754-1.13.2.tgz 4589ms (cache miss)
545 http fetch GET 200 https://registry.npmjs.org/@webassemblyjs/leb128/-/leb128-1.13.2.tgz 4614ms (cache miss)
546 http fetch GET 200 https://registry.npmjs.org/cosmiconfig/-/cosmiconfig-9.0.1.tgz 4636ms (cache miss)
547 http fetch GET 200 https://registry.npmjs.org/@webassemblyjs/helper-numbers/-/helper-numbers-1.13.2.tgz 4621ms (cache miss)
548 http fetch GET 200 https://registry.npmjs.org/@webassemblyjs/floating-point-hex-parser/-/floating-point-hex-parser-1.13.2.tgz 4621ms (cache miss)
549 http fetch GET 200 https://registry.npmjs.org/@types/ws/-/ws-8.18.1.tgz 4622ms (cache miss)
550 http fetch GET 200 https://registry.npmjs.org/@types/wrap-ansi/-/wrap-ansi-3.0.0.tgz 4625ms (cache miss)
551 http fetch GET 200 https://registry.npmjs.org/@webassemblyjs/helper-api-error/-/helper-api-error-1.13.2.tgz 4631ms (cache miss)
552 http fetch GET 200 https://registry.npmjs.org/@types/sockjs/-/sockjs-0.3.36.tgz 4632ms (cache miss)
553 http fetch GET 200 https://registry.npmjs.org/@types/retry/-/retry-0.12.2.tgz 4639ms (cache miss)
554 http fetch GET 200 https://registry.npmjs.org/@types/serve-static/-/serve-static-1.15.10.tgz 4642ms (cache miss)
555 http fetch GET 200 https://registry.npmjs.org/@types/range-parser/-/range-parser-1.2.7.tgz 4649ms (cache miss)
556 http fetch GET 200 https://registry.npmjs.org/@types/qs/-/qs-6.15.0.tgz 4650ms (cache miss)
557 http fetch GET 200 https://registry.npmjs.org/@types/serve-index/-/serve-index-1.9.4.tgz 4657ms (cache miss)
558 http fetch GET 200 https://registry.npmjs.org/cacache/-/cacache-18.0.4.tgz 4674ms (cache miss)
559 http fetch GET 200 https://registry.npmjs.org/@types/send/-/send-1.2.1.tgz 4667ms (cache miss)
560 http fetch GET 200 https://registry.npmjs.org/@types/mute-stream/-/mute-stream-0.0.4.tgz 4673ms (cache miss)
561 http fetch GET 200 https://registry.npmjs.org/@types/node-forge/-/node-forge-1.3.14.tgz 4673ms (cache miss)
562 http fetch GET 200 https://registry.npmjs.org/@xtuc/long/-/long-4.2.2.tgz 4679ms (cache miss)
563 http fetch GET 200 https://registry.npmjs.org/@types/mime/-/mime-1.3.5.tgz 4676ms (cache miss)
564 http fetch GET 200 https://registry.npmjs.org/@types/jasmine/-/jasmine-5.1.15.tgz 4676ms (cache miss)
565 http fetch GET 200 https://registry.npmjs.org/license-webpack-plugin/-/license-webpack-plugin-4.0.2.tgz 4733ms (cache miss)
566 http fetch GET 200 https://registry.npmjs.org/engine.io/-/engine.io-6.6.6.tgz 4709ms (cache miss)
567 http fetch GET 200 https://registry.npmjs.org/@webassemblyjs/wasm-parser/-/wasm-parser-1.14.1.tgz 4701ms (cache miss)
568 http fetch GET 200 https://registry.npmjs.org/@types/http-proxy/-/http-proxy-1.17.17.tgz 4697ms (cache miss)
569 http fetch GET 200 https://registry.npmjs.org/@types/express/-/express-4.17.25.tgz 4698ms (cache miss)
570 http fetch GET 200 https://registry.npmjs.org/babel-plugin-polyfill-corejs3/-/babel-plugin-polyfill-corejs3-0.11.1.tgz 4712ms (cache miss)
571 http fetch GET 200 https://registry.npmjs.org/@types/estree/-/estree-1.0.5.tgz 4705ms (cache miss)
572 http fetch GET 200 https://registry.npmjs.org/@types/http-errors/-/http-errors-2.0.5.tgz 4705ms (cache miss)
573 http fetch GET 200 https://registry.npmjs.org/@types/connect-history-api-fallback/-/connect-history-api-fallback-1.5.4.tgz 4705ms (cache miss)
574 http fetch GET 200 https://registry.npmjs.org/@types/body-parser/-/body-parser-1.19.6.tgz 4705ms (cache miss)
575 http fetch GET 200 https://registry.npmjs.org/@types/json-schema/-/json-schema-7.0.15.tgz 4707ms (cache miss)
576 http fetch GET 200 https://registry.npmjs.org/@types/cors/-/cors-2.8.19.tgz 4706ms (cache miss)
577 http fetch GET 200 https://registry.npmjs.org/@types/express-serve-static-core/-/express-serve-static-core-4.19.8.tgz 4709ms (cache miss)
578 http fetch GET 200 https://registry.npmjs.org/ajv-formats/-/ajv-formats-3.0.1.tgz 4725ms (cache miss)
579 http fetch GET 200 https://registry.npmjs.org/@types/connect/-/connect-3.4.38.tgz 4725ms (cache miss)
580 http fetch GET 200 https://registry.npmjs.org/@sindresorhus/merge-streams/-/merge-streams-2.3.0.tgz 4726ms (cache miss)
581 http fetch GET 200 https://registry.npmjs.org/@socket.io/component-emitter/-/component-emitter-3.1.2.tgz 4730ms (cache miss)
582 http fetch GET 200 https://registry.npmjs.org/@types/bonjour/-/bonjour-3.5.13.tgz 4732ms (cache miss)
583 http fetch GET 200 https://registry.npmjs.org/acorn/-/acorn-8.16.0.tgz 4741ms (cache miss)
584 http fetch GET 200 https://registry.npmjs.org/@tufjs/canonical-json/-/canonical-json-2.0.0.tgz 4769ms (cache miss)
585 http fetch GET 200 https://registry.npmjs.org/@sigstore/bundle/-/bundle-2.3.2.tgz 4780ms (cache miss)
586 http fetch GET 200 https://registry.npmjs.org/karma/-/karma-6.4.4.tgz 4837ms (cache miss)
587 http fetch GET 200 https://registry.npmjs.org/http-proxy-middleware/-/http-proxy-middleware-3.0.5.tgz 4828ms (cache miss)
588 http fetch GET 200 https://registry.npmjs.org/@npmcli/redact/-/redact-2.0.1.tgz 4811ms (cache miss)
589 http fetch GET 200 https://registry.npmjs.org/@npmcli/promise-spawn/-/promise-spawn-7.0.2.tgz 4812ms (cache miss)
590 http fetch GET 200 https://registry.npmjs.org/enhanced-resolve/-/enhanced-resolve-5.20.1.tgz 4847ms (cache miss)
591 http fetch GET 200 https://registry.npmjs.org/@npmcli/node-gyp/-/node-gyp-3.0.0.tgz 4867ms (cache miss)
592 http fetch GET 200 https://registry.npmjs.org/@npmcli/git/-/git-5.0.8.tgz 4870ms (cache miss)
593 http fetch GET 200 https://registry.npmjs.org/@npmcli/agent/-/agent-2.2.2.tgz 4876ms (cache miss)
594 http fetch GET 200 https://registry.npmjs.org/@npmcli/fs/-/fs-3.1.1.tgz 4878ms (cache miss)
595 http fetch GET 200 https://registry.npmjs.org/@npmcli/package-json/-/package-json-5.2.1.tgz 4888ms (cache miss)
596 http fetch GET 200 https://registry.npmjs.org/@npmcli/installed-package-contents/-/installed-package-contents-2.1.0.tgz 4886ms (cache miss)
597 http fetch GET 200 https://registry.npmjs.org/@vitejs/plugin-basic-ssl/-/plugin-basic-ssl-1.1.0.tgz 4906ms (cache miss)
598 http fetch GET 200 https://registry.npmjs.org/@sigstore/tuf/-/tuf-2.3.4.tgz 4915ms (cache miss)
599 http fetch GET 200 https://registry.npmjs.org/@npmcli/run-script/-/run-script-8.1.0.tgz 4941ms (cache miss)
600 http fetch GET 200 https://registry.npmjs.org/fast-glob/-/fast-glob-3.3.2.tgz 4989ms (cache miss)
601 http fetch GET 200 https://registry.npmjs.org/@listr2/prompt-adapter-inquirer/-/prompt-adapter-inquirer-2.0.15.tgz 4952ms (cache miss)
602 http fetch GET 200 https://registry.npmjs.org/@nodelib/fs.scandir/-/fs.scandir-2.1.5.tgz 4954ms (cache miss)
603 http fetch GET 200 https://registry.npmjs.org/@pkgjs/parseargs/-/parseargs-0.11.0.tgz 4965ms (cache miss)
604 http fetch GET 200 https://registry.npmjs.org/@nodelib/fs.walk/-/fs.walk-1.2.8.tgz 4967ms (cache miss)
605 http fetch GET 200 https://registry.npmjs.org/@leichtgewicht/ip-codec/-/ip-codec-2.0.5.tgz 4982ms (cache miss)
606 http fetch GET 200 https://registry.npmjs.org/@jsonjoy.com/fs-snapshot/-/fs-snapshot-4.57.1.tgz 4983ms (cache miss)
607 http fetch GET 200 https://registry.npmjs.org/@nodelib/fs.stat/-/fs.stat-2.0.5.tgz 5040ms (cache miss)
608 http fetch GET 200 https://registry.npmjs.org/@msgpackr-extract/msgpackr-extract-win32-x64/-/msgpackr-extract-win32-x64-3.0.3.tgz 5081ms (cache miss)
609 http fetch GET 200 https://registry.npmjs.org/@jsonjoy.com/fs-node-builtins/-/fs-node-builtins-4.57.1.tgz 5092ms (cache miss)
610 http fetch GET 200 https://registry.npmjs.org/@jsonjoy.com/codegen/-/codegen-1.0.0.tgz 5102ms (cache miss)
611 http fetch GET 200 https://registry.npmjs.org/@jsonjoy.com/fs-print/-/fs-print-4.57.1.tgz 5121ms (cache miss)
612 http fetch GET 200 https://registry.npmjs.org/@istanbuljs/schema/-/schema-0.1.3.tgz 5132ms (cache miss)
613 http fetch GET 200 https://registry.npmjs.org/@jsonjoy.com/base64/-/base64-1.1.2.tgz 5146ms (cache miss)
614 http fetch GET 200 https://registry.npmjs.org/bonjour-service/-/bonjour-service-1.3.0.tgz 5188ms (cache miss)
615 http fetch GET 200 https://registry.npmjs.org/@webassemblyjs/ast/-/ast-1.14.1.tgz 5190ms (cache miss)
616 http fetch GET 200 https://registry.npmjs.org/domutils/-/domutils-3.2.2.tgz 5225ms (cache miss)
617 http fetch GET 200 https://registry.npmjs.org/@inquirer/select/-/select-2.5.0.tgz 5240ms (cache miss)
618 http fetch GET 200 https://registry.npmjs.org/@isaacs/cliui/-/cliui-8.0.2.tgz 5242ms (cache miss)
619 http fetch GET 200 https://registry.npmjs.org/@inquirer/search/-/search-1.1.0.tgz 5281ms (cache miss)
620 http fetch GET 200 https://registry.npmjs.org/@inquirer/input/-/input-2.3.0.tgz 5282ms (cache miss)
621 http fetch GET 200 https://registry.npmjs.org/@inquirer/number/-/number-1.1.0.tgz 5293ms (cache miss)
622 http fetch GET 200 https://registry.npmjs.org/@sigstore/protobuf-specs/-/protobuf-specs-0.3.3.tgz 5328ms (cache miss)
623 http fetch GET 200 https://registry.npmjs.org/@inquirer/confirm/-/confirm-3.1.22.tgz 5327ms (cache miss)
624 http fetch GET 200 https://registry.npmjs.org/@inquirer/expand/-/expand-2.3.0.tgz 5337ms (cache miss)
625 http fetch GET 200 https://registry.npmjs.org/@tufjs/models/-/models-2.0.1.tgz 5349ms (cache miss)
626 http fetch GET 200 https://registry.npmjs.org/@rollup/rollup-win32-x64-msvc/-/rollup-win32-x64-msvc-4.22.4.tgz 5354ms (cache miss)
627 http fetch GET 200 https://registry.npmjs.org/@jridgewell/resolve-uri/-/resolve-uri-3.1.2.tgz 5353ms (cache miss)
628 http fetch GET 200 https://registry.npmjs.org/@inquirer/password/-/password-2.2.0.tgz 5353ms (cache miss)
629 http fetch GET 200 https://registry.npmjs.org/entities/-/entities-4.5.0.tgz 5392ms (cache miss)
630 http fetch GET 200 https://registry.npmjs.org/@inquirer/prompts/-/prompts-5.3.8.tgz 5370ms (cache miss)
631 http fetch GET 200 https://registry.npmjs.org/@lmdb/lmdb-win32-x64/-/lmdb-win32-x64-3.0.13.tgz 5395ms (cache miss)
632 http fetch GET 200 https://registry.npmjs.org/@inquirer/rawlist/-/rawlist-2.3.0.tgz 5398ms (cache miss)
633 http fetch GET 200 https://registry.npmjs.org/@jridgewell/source-map/-/source-map-0.3.11.tgz 5413ms (cache miss)
634 http fetch GET 200 https://registry.npmjs.org/@inquirer/figures/-/figures-1.0.15.tgz 5416ms (cache miss)
635 http fetch GET 200 https://registry.npmjs.org/@babel/plugin-transform-unicode-sets-regex/-/plugin-transform-unicode-sets-regex-7.28.6.tgz 5420ms (cache miss)
636 http fetch GET 200 https://registry.npmjs.org/node-gyp/-/node-gyp-10.3.1.tgz 5514ms (cache miss)
637 http fetch GET 200 https://registry.npmjs.org/@babel/plugin-transform-unicode-regex/-/plugin-transform-unicode-regex-7.27.1.tgz 5463ms (cache miss)
638 http fetch GET 200 https://registry.npmjs.org/@inquirer/checkbox/-/checkbox-2.5.0.tgz 5465ms (cache miss)
639 http fetch GET 200 https://registry.npmjs.org/@inquirer/editor/-/editor-2.2.0.tgz 5479ms (cache miss)
640 http fetch GET 200 https://registry.npmjs.org/@babel/plugin-transform-unicode-property-regex/-/plugin-transform-unicode-property-regex-7.28.6.tgz 5493ms (cache miss)
641 http fetch GET 200 https://registry.npmjs.org/@babel/plugin-transform-typeof-symbol/-/plugin-transform-typeof-symbol-7.27.1.tgz 5509ms (cache miss)
642 http fetch GET 200 https://registry.npmjs.org/@babel/plugin-transform-template-literals/-/plugin-transform-template-literals-7.27.1.tgz 5521ms (cache miss)
643 http fetch GET 200 https://registry.npmjs.org/@babel/plugin-transform-spread/-/plugin-transform-spread-7.28.6.tgz 5527ms (cache miss)
644 http fetch GET 200 https://registry.npmjs.org/@jsonjoy.com/fs-node-to-fsa/-/fs-node-to-fsa-4.57.1.tgz 5534ms (cache miss)
645 http fetch GET 200 https://registry.npmjs.org/@babel/plugin-transform-unicode-escapes/-/plugin-transform-unicode-escapes-7.27.1.tgz 5528ms (cache miss)
646 http fetch GET 200 https://registry.npmjs.org/@babel/plugin-transform-reserved-words/-/plugin-transform-reserved-words-7.27.1.tgz 5565ms (cache miss)
647 http fetch GET 200 https://registry.npmjs.org/@babel/plugin-transform-shorthand-properties/-/plugin-transform-shorthand-properties-7.27.1.tgz 5565ms (cache miss)
648 http fetch GET 200 https://registry.npmjs.org/@babel/plugin-transform-sticky-regex/-/plugin-transform-sticky-regex-7.27.1.tgz 5572ms (cache miss)
649 http fetch GET 200 https://registry.npmjs.org/@babel/plugin-transform-regexp-modifiers/-/plugin-transform-regexp-modifiers-7.28.6.tgz 5573ms (cache miss)
650 http fetch GET 200 https://registry.npmjs.org/@babel/plugin-transform-runtime/-/plugin-transform-runtime-7.26.10.tgz 5575ms (cache miss)
651 http fetch GET 200 https://registry.npmjs.org/@babel/plugin-transform-property-literals/-/plugin-transform-property-literals-7.27.1.tgz 5577ms (cache miss)
652 http fetch GET 200 https://registry.npmjs.org/@babel/plugin-transform-private-methods/-/plugin-transform-private-methods-7.28.6.tgz 5655ms (cache miss)
653 http fetch GET 200 https://registry.npmjs.org/@jridgewell/sourcemap-codec/-/sourcemap-codec-1.5.5.tgz 5674ms (cache miss)
654 http fetch GET 200 https://registry.npmjs.org/@babel/plugin-transform-private-property-in-object/-/plugin-transform-private-property-in-object-7.28.6.tgz 5681ms (cache miss)
655 http fetch GET 200 https://registry.npmjs.org/@babel/plugin-transform-optional-chaining/-/plugin-transform-optional-chaining-7.28.6.tgz 5697ms (cache miss)
656 http fetch GET 200 https://registry.npmjs.org/@sigstore/core/-/core-1.1.0.tgz 5710ms (cache miss)
657 http fetch GET 200 https://registry.npmjs.org/@inquirer/type/-/type-1.5.5.tgz 5709ms (cache miss)
658 http fetch GET 200 https://registry.npmjs.org/@babel/plugin-transform-optional-catch-binding/-/plugin-transform-optional-catch-binding-7.28.6.tgz 5708ms (cache miss)
659 http fetch GET 200 https://registry.npmjs.org/@babel/plugin-transform-object-super/-/plugin-transform-object-super-7.27.1.tgz 5709ms (cache miss)
660 http fetch GET 200 https://registry.npmjs.org/@babel/plugin-transform-named-capturing-groups-regex/-/plugin-transform-named-capturing-groups-regex-7.29.0.tgz 5710ms (cache miss)
661 http fetch GET 200 https://registry.npmjs.org/@babel/plugin-transform-new-target/-/plugin-transform-new-target-7.27.1.tgz 5710ms (cache miss)
662 http fetch GET 200 https://registry.npmjs.org/@babel/plugin-transform-numeric-separator/-/plugin-transform-numeric-separator-7.28.6.tgz 5710ms (cache miss)
663 http fetch GET 200 https://registry.npmjs.org/@babel/plugin-transform-modules-commonjs/-/plugin-transform-modules-commonjs-7.28.6.tgz 5710ms (cache miss)
664 http fetch GET 200 https://registry.npmjs.org/@babel/plugin-transform-nullish-coalescing-operator/-/plugin-transform-nullish-coalescing-operator-7.28.6.tgz 5711ms (cache miss)
665 http fetch GET 200 https://registry.npmjs.org/@babel/plugin-transform-modules-umd/-/plugin-transform-modules-umd-7.27.1.tgz 5710ms (cache miss)
666 http fetch GET 200 https://registry.npmjs.org/@babel/plugin-transform-object-rest-spread/-/plugin-transform-object-rest-spread-7.28.6.tgz 5744ms (cache miss)
667 http fetch GET 200 https://registry.npmjs.org/@discoveryjs/json-ext/-/json-ext-0.6.1.tgz 5752ms (cache miss)
668 http fetch GET 200 https://registry.npmjs.org/@babel/plugin-transform-logical-assignment-operators/-/plugin-transform-logical-assignment-operators-7.28.6.tgz 5747ms (cache miss)
669 http fetch GET 200 https://registry.npmjs.org/@sigstore/verify/-/verify-1.2.1.tgz 5782ms (cache miss)
670 http fetch GET 200 https://registry.npmjs.org/@jsonjoy.com/json-pointer/-/json-pointer-1.0.2.tgz 5781ms (cache miss)
671 http fetch GET 200 https://registry.npmjs.org/@babel/plugin-transform-modules-amd/-/plugin-transform-modules-amd-7.27.1.tgz 5776ms (cache miss)
672 http fetch GET 200 https://registry.npmjs.org/@babel/plugin-transform-function-name/-/plugin-transform-function-name-7.27.1.tgz 5777ms (cache miss)
673 http fetch GET 200 https://registry.npmjs.org/@babel/plugin-transform-json-strings/-/plugin-transform-json-strings-7.28.6.tgz 5782ms (cache miss)
674 http fetch GET 200 https://registry.npmjs.org/@babel/plugin-transform-literals/-/plugin-transform-literals-7.27.1.tgz 5783ms (cache miss)
675 http fetch GET 200 https://registry.npmjs.org/@babel/plugin-transform-member-expression-literals/-/plugin-transform-member-expression-literals-7.27.1.tgz 5795ms (cache miss)
676 http fetch GET 200 https://registry.npmjs.org/@jsonjoy.com/fs-fsa/-/fs-fsa-4.57.1.tgz 5811ms (cache miss)
677 http fetch GET 200 https://registry.npmjs.org/@babel/plugin-transform-modules-systemjs/-/plugin-transform-modules-systemjs-7.29.0.tgz 5805ms (cache miss)
678 http fetch GET 200 https://registry.npmjs.org/@babel/plugin-transform-for-of/-/plugin-transform-for-of-7.27.1.tgz 5809ms (cache miss)
679 http fetch GET 200 https://registry.npmjs.org/@babel/template/-/template-7.28.6.tgz 5815ms (cache miss)
680 http fetch GET 200 https://registry.npmjs.org/@babel/plugin-transform-export-namespace-from/-/plugin-transform-export-namespace-from-7.27.1.tgz 5811ms (cache miss)
681 http fetch GET 200 https://registry.npmjs.org/@babel/plugin-transform-dynamic-import/-/plugin-transform-dynamic-import-7.27.1.tgz 5819ms (cache miss)
682 http fetch GET 200 https://registry.npmjs.org/@babel/plugin-transform-duplicate-keys/-/plugin-transform-duplicate-keys-7.27.1.tgz 5825ms (cache miss)
683 http fetch GET 200 https://registry.npmjs.org/@babel/plugin-transform-duplicate-named-capturing-groups-regex/-/plugin-transform-duplicate-named-capturing-groups-regex-7.29.0.tgz 5826ms (cache miss)
684 http fetch GET 200 https://registry.npmjs.org/@babel/plugin-transform-parameters/-/plugin-transform-parameters-7.27.7.tgz 5832ms (cache miss)
685 http fetch GET 200 https://registry.npmjs.org/@jsonjoy.com/fs-core/-/fs-core-4.57.1.tgz 5843ms (cache miss)
686 http fetch GET 200 https://registry.npmjs.org/@babel/plugin-transform-exponentiation-operator/-/plugin-transform-exponentiation-operator-7.28.6.tgz 5836ms (cache miss)
687 http fetch GET 200 https://registry.npmjs.org/@jridgewell/gen-mapping/-/gen-mapping-0.3.13.tgz 5854ms (cache miss)
688 http fetch GET 200 https://registry.npmjs.org/@babel/plugin-transform-destructuring/-/plugin-transform-destructuring-7.28.5.tgz 5852ms (cache miss)
689 http fetch GET 200 https://registry.npmjs.org/@babel/plugin-transform-dotall-regex/-/plugin-transform-dotall-regex-7.28.6.tgz 5854ms (cache miss)
690 http fetch GET 200 https://registry.npmjs.org/@colors/colors/-/colors-1.5.0.tgz 5865ms (cache miss)
691 http fetch GET 200 https://registry.npmjs.org/@babel/plugin-transform-class-properties/-/plugin-transform-class-properties-7.28.6.tgz 5888ms (cache miss)
692 http fetch GET 200 https://registry.npmjs.org/@babel/plugin-transform-class-static-block/-/plugin-transform-class-static-block-7.28.6.tgz 5901ms (cache miss)
693 http fetch GET 200 https://registry.npmjs.org/@babel/plugin-transform-async-to-generator/-/plugin-transform-async-to-generator-7.25.9.tgz 5907ms (cache miss)
694 http fetch GET 200 https://registry.npmjs.org/@babel/plugin-transform-arrow-functions/-/plugin-transform-arrow-functions-7.27.1.tgz 5912ms (cache miss)
695 http fetch GET 200 https://registry.npmjs.org/@babel/plugin-transform-block-scoped-functions/-/plugin-transform-block-scoped-functions-7.27.1.tgz 5939ms (cache miss)
696 http fetch GET 200 https://registry.npmjs.org/@babel/plugin-transform-computed-properties/-/plugin-transform-computed-properties-7.28.6.tgz 5940ms (cache miss)
697 http fetch GET 200 https://registry.npmjs.org/@babel/plugin-proposal-private-property-in-object/-/plugin-proposal-private-property-in-object-7.21.0-placeholder-for-preset-env.2.tgz 5941ms (cache miss)
698 http fetch GET 200 https://registry.npmjs.org/@babel/plugin-syntax-unicode-sets-regex/-/plugin-syntax-unicode-sets-regex-7.18.6.tgz 5948ms (cache miss)
699 http fetch GET 200 https://registry.npmjs.org/@babel/plugin-syntax-import-assertions/-/plugin-syntax-import-assertions-7.28.6.tgz 5949ms (cache miss)
700 http fetch GET 200 https://registry.npmjs.org/@babel/preset-modules/-/preset-modules-0.1.6-no-external-plugins.tgz 5973ms (cache miss)
701 http fetch GET 200 https://registry.npmjs.org/@babel/plugin-bugfix-v8-static-class-fields-redefine-readonly/-/plugin-bugfix-v8-static-class-fields-redefine-readonly-7.28.6.tgz 5971ms (cache miss)
702 http fetch GET 200 https://registry.npmjs.org/@babel/plugin-transform-async-generator-functions/-/plugin-transform-async-generator-functions-7.26.8.tgz 5978ms (cache miss)
703 http fetch GET 200 https://registry.npmjs.org/@babel/plugin-syntax-import-attributes/-/plugin-syntax-import-attributes-7.24.7.tgz 5996ms (cache miss)
704 http fetch GET 200 https://registry.npmjs.org/@babel/plugin-bugfix-v8-spread-parameters-in-optional-chaining/-/plugin-bugfix-v8-spread-parameters-in-optional-chaining-7.27.1.tgz 6001ms (cache miss)
705 http fetch GET 200 https://registry.npmjs.org/@babel/plugin-bugfix-safari-id-destructuring-collision-in-function-expression/-/plugin-bugfix-safari-id-destructuring-collision-in-function-expression-7.27.1.tgz 6001ms (cache miss)
706 http fetch GET 200 https://registry.npmjs.org/@babel/plugin-transform-regenerator/-/plugin-transform-regenerator-7.29.0.tgz 6011ms (cache miss)
707 http fetch GET 200 https://registry.npmjs.org/@babel/plugin-bugfix-safari-class-field-initializer-scope/-/plugin-bugfix-safari-class-field-initializer-scope-7.27.1.tgz 6010ms (cache miss)
708 http fetch GET 200 https://registry.npmjs.org/@babel/plugin-bugfix-firefox-class-in-computed-class-key/-/plugin-bugfix-firefox-class-in-computed-class-key-7.28.5.tgz 6013ms (cache miss)
709 http fetch GET 200 https://registry.npmjs.org/@babel/plugin-transform-block-scoping/-/plugin-transform-block-scoping-7.28.6.tgz 6018ms (cache miss)
710 http fetch GET 200 https://registry.npmjs.org/@types/node/-/node-22.19.15.tgz 6042ms (cache miss)
711 http fetch GET 200 https://registry.npmjs.org/@babel/plugin-transform-classes/-/plugin-transform-classes-7.28.6.tgz 6031ms (cache miss)
712 http fetch GET 200 https://registry.npmjs.org/@ngtools/webpack/-/webpack-18.2.21.tgz 6049ms (cache miss)
713 http fetch GET 200 https://registry.npmjs.org/@babel/helper-wrap-function/-/helper-wrap-function-7.28.6.tgz 6035ms (cache miss)
714 http fetch GET 200 https://registry.npmjs.org/@jridgewell/trace-mapping/-/trace-mapping-0.3.31.tgz 6063ms (cache miss)
715 http fetch GET 200 https://registry.npmjs.org/@babel/helper-validator-option/-/helper-validator-option-7.27.1.tgz 6058ms (cache miss)
716 http fetch GET 200 https://registry.npmjs.org/@babel/helper-string-parser/-/helper-string-parser-7.27.1.tgz 6064ms (cache miss)
717 http fetch GET 200 https://registry.npmjs.org/@babel/helper-validator-identifier/-/helper-validator-identifier-7.28.5.tgz 6068ms (cache miss)
718 http fetch GET 200 https://registry.npmjs.org/@babel/helper-skip-transparent-expression-wrappers/-/helper-skip-transparent-expression-wrappers-7.27.1.tgz 6069ms (cache miss)
719 http fetch GET 200 https://registry.npmjs.org/@babel/helper-split-export-declaration/-/helper-split-export-declaration-7.24.7.tgz 6080ms (cache miss)
720 http fetch GET 200 https://registry.npmjs.org/@babel/helper-replace-supers/-/helper-replace-supers-7.28.6.tgz 6098ms (cache miss)
721 http fetch GET 200 https://registry.npmjs.org/@babel/helper-remap-async-to-generator/-/helper-remap-async-to-generator-7.27.1.tgz 6110ms (cache miss)
722 http fetch GET 200 https://registry.npmjs.org/autoprefixer/-/autoprefixer-10.4.20.tgz 6148ms (cache miss)
723 http fetch GET 200 https://registry.npmjs.org/@jsonjoy.com/fs-node-utils/-/fs-node-utils-4.57.1.tgz 6142ms (cache miss)
724 http fetch GET 200 https://registry.npmjs.org/@sigstore/sign/-/sign-2.3.2.tgz 6164ms (cache miss)
725 http fetch GET 200 https://registry.npmjs.org/@babel/helper-optimise-call-expression/-/helper-optimise-call-expression-7.27.1.tgz 6154ms (cache miss)
726 http fetch GET 200 https://registry.npmjs.org/@babel/helper-plugin-utils/-/helper-plugin-utils-7.28.6.tgz 6159ms (cache miss)
727 http fetch GET 200 https://registry.npmjs.org/@babel/preset-env/-/preset-env-7.26.9.tgz 6189ms (cache miss)
728 http fetch GET 200 https://registry.npmjs.org/esbuild-wasm/-/esbuild-wasm-0.23.0.tgz 6249ms (cache miss)
729 http fetch GET 200 https://registry.npmjs.org/@babel/helper-globals/-/helper-globals-7.28.0.tgz 6199ms (cache miss)
730 http fetch GET 200 https://registry.npmjs.org/@babel/helper-create-regexp-features-plugin/-/helper-create-regexp-features-plugin-7.28.5.tgz 6198ms (cache miss)
731 http fetch GET 200 https://registry.npmjs.org/@babel/helper-annotate-as-pure/-/helper-annotate-as-pure-7.25.9.tgz 6212ms (cache miss)
732 http fetch GET 200 https://registry.npmjs.org/@babel/helper-member-expression-to-functions/-/helper-member-expression-to-functions-7.28.5.tgz 6213ms (cache miss)
733 http fetch GET 200 https://registry.npmjs.org/@jsonjoy.com/fs-node/-/fs-node-4.57.1.tgz 6258ms (cache miss)
734 http fetch GET 200 https://registry.npmjs.org/@babel/code-frame/-/code-frame-7.29.0.tgz 6250ms (cache miss)
735 http fetch GET 200 https://registry.npmjs.org/@babel/compat-data/-/compat-data-7.29.0.tgz 6251ms (cache miss)
736 http fetch GET 200 https://registry.npmjs.org/@babel/parser/-/parser-7.29.2.tgz 6278ms (cache miss)
737 http fetch GET 200 https://registry.npmjs.org/@babel/helper-module-imports/-/helper-module-imports-7.28.6.tgz 6286ms (cache miss)
738 http fetch GET 200 https://registry.npmjs.org/@babel/helper-module-transforms/-/helper-module-transforms-7.28.6.tgz 6315ms (cache miss)
739 http fetch GET 200 https://registry.npmjs.org/@babel/helper-compilation-targets/-/helper-compilation-targets-7.28.6.tgz 6370ms (cache miss)
740 http fetch GET 200 https://registry.npmjs.org/@babel/helper-create-class-features-plugin/-/helper-create-class-features-plugin-7.28.6.tgz 6381ms (cache miss)
741 http fetch GET 200 https://registry.npmjs.org/@babel/helper-define-polyfill-provider/-/helper-define-polyfill-provider-0.6.8.tgz 6401ms (cache miss)
742 http fetch GET 200 https://registry.npmjs.org/@ampproject/remapping/-/remapping-2.3.0.tgz 6447ms (cache miss)
743 http fetch GET 200 https://registry.npmjs.org/css-select/-/css-select-5.2.2.tgz 6523ms (cache miss)
744 http fetch GET 200 https://registry.npmjs.org/string-width/-/string-width-4.2.3.tgz 6482ms (cache miss)
745 http fetch GET 200 https://registry.npmjs.org/lmdb/-/lmdb-3.0.13.tgz 6601ms (cache miss)
746 http fetch GET 200 https://registry.npmjs.org/@angular/platform-browser-dynamic/-/platform-browser-dynamic-18.2.14.tgz 6529ms (cache miss)
747 http fetch GET 200 https://registry.npmjs.org/@babel/traverse/-/traverse-7.29.0.tgz 6618ms (cache miss)
748 http fetch GET 200 https://registry.npmjs.org/is-fullwidth-code-point/-/is-fullwidth-code-point-3.0.0.tgz 6616ms (cache miss)
749 http fetch GET 200 https://registry.npmjs.org/@angular-devkit/build-webpack/-/build-webpack-0.1802.21.tgz 6626ms (cache miss)
750 http fetch GET 200 https://registry.npmjs.org/emoji-regex/-/emoji-regex-8.0.0.tgz 6650ms (cache miss)
751 http fetch GET 200 https://registry.npmjs.org/is-fullwidth-code-point/-/is-fullwidth-code-point-3.0.0.tgz 6687ms (cache miss)
752 http fetch GET 200 https://registry.npmjs.org/string-width/-/string-width-4.2.3.tgz 6710ms (cache miss)
753 http fetch GET 200 https://registry.npmjs.org/emoji-regex/-/emoji-regex-8.0.0.tgz 6713ms (cache miss)
754 http fetch GET 200 https://registry.npmjs.org/emoji-regex/-/emoji-regex-8.0.0.tgz 6720ms (cache miss)
755 http fetch GET 200 https://registry.npmjs.org/is-fullwidth-code-point/-/is-fullwidth-code-point-3.0.0.tgz 6797ms (cache miss)
756 http fetch GET 200 https://registry.npmjs.org/@babel/generator/-/generator-7.26.10.tgz 6834ms (cache miss)
757 http fetch GET 200 https://registry.npmjs.org/@esbuild/win32-x64/-/win32-x64-0.23.0.tgz 6906ms (cache miss)
758 http fetch GET 200 https://registry.npmjs.org/http-proxy-middleware/-/http-proxy-middleware-2.0.9.tgz 6933ms (cache miss)
759 http fetch GET 200 https://registry.npmjs.org/schema-utils/-/schema-utils-3.3.0.tgz 6964ms (cache miss)
760 http fetch GET 200 https://registry.npmjs.org/esbuild/-/esbuild-0.21.5.tgz 6977ms (cache miss)
761 http fetch GET 200 https://registry.npmjs.org/string-width/-/string-width-4.2.3.tgz 6990ms (cache miss)
762 http fetch GET 200 https://registry.npmjs.org/punycode/-/punycode-2.3.1.tgz 7002ms (cache miss)
763 http fetch GET 200 https://registry.npmjs.org/json-parse-even-better-errors/-/json-parse-even-better-errors-2.3.1.tgz 7028ms (cache miss)
764 http fetch GET 200 https://registry.npmjs.org/json-schema-traverse/-/json-schema-traverse-0.4.1.tgz 7085ms (cache miss)
765 http fetch GET 200 https://registry.npmjs.org/yallist/-/yallist-4.0.0.tgz 7094ms (cache miss)
766 http fetch GET 200 https://registry.npmjs.org/@angular-devkit/architect/-/architect-0.1802.21.tgz 7196ms (cache miss)
767 http fetch GET 200 https://registry.npmjs.org/mkdirp/-/mkdirp-1.0.4.tgz 7223ms (cache miss)
768 http fetch GET 200 https://registry.npmjs.org/minipass/-/minipass-3.3.6.tgz 7233ms (cache miss)
769 http fetch GET 200 https://registry.npmjs.org/is-fullwidth-code-point/-/is-fullwidth-code-point-3.0.0.tgz 7250ms (cache miss)
770 http fetch GET 200 https://registry.npmjs.org/emoji-regex/-/emoji-regex-8.0.0.tgz 7259ms (cache miss)
771 http fetch GET 200 https://registry.npmjs.org/fs-minipass/-/fs-minipass-2.1.0.tgz 7270ms (cache miss)
772 http fetch GET 200 https://registry.npmjs.org/ajv-keywords/-/ajv-keywords-5.1.0.tgz 7306ms (cache miss)
773 http fetch GET 200 https://registry.npmjs.org/ansi-regex/-/ansi-regex-6.2.2.tgz 7286ms (cache miss)
774 http fetch GET 200 https://registry.npmjs.org/strip-ansi/-/strip-ansi-7.2.0.tgz 7289ms (cache miss)
775 http fetch GET 200 https://registry.npmjs.org/minipass/-/minipass-5.0.0.tgz 7297ms (cache miss)
776 http fetch GET 200 https://registry.npmjs.org/@angular/forms/-/forms-18.2.14.tgz 7302ms (cache miss)
777 http fetch GET 200 https://registry.npmjs.org/encodeurl/-/encodeurl-2.0.0.tgz 7304ms (cache miss)
778 http fetch GET 200 https://registry.npmjs.org/ajv-keywords/-/ajv-keywords-3.5.2.tgz 7400ms (cache miss)
779 http fetch GET 200 https://registry.npmjs.org/ansi-styles/-/ansi-styles-6.2.3.tgz 7478ms (cache miss)
780 http fetch GET 200 https://registry.npmjs.org/statuses/-/statuses-2.0.2.tgz 7492ms (cache miss)
781 http fetch GET 200 https://registry.npmjs.org/ms/-/ms-2.0.0.tgz 7497ms (cache miss)
782 http fetch GET 200 https://registry.npmjs.org/mime/-/mime-1.6.0.tgz 7499ms (cache miss)
783 http fetch GET 200 https://registry.npmjs.org/depd/-/depd-1.1.2.tgz 7504ms (cache miss)
784 http fetch GET 200 https://registry.npmjs.org/ms/-/ms-2.0.0.tgz 7507ms (cache miss)
785 http fetch GET 200 https://registry.npmjs.org/encodeurl/-/encodeurl-2.0.0.tgz 7509ms (cache miss)
786 http fetch GET 200 https://registry.npmjs.org/http-errors/-/http-errors-1.8.1.tgz 7518ms (cache miss)
787 http fetch GET 200 https://registry.npmjs.org/@angular/platform-browser/-/platform-browser-18.2.14.tgz 7597ms (cache miss)
788 http fetch GET 200 https://registry.npmjs.org/source-map/-/source-map-0.6.1.tgz 7588ms (cache miss)
789 http fetch GET 200 https://registry.npmjs.org/@jsonjoy.com/buffers/-/buffers-17.67.0.tgz 7624ms (cache miss)
790 http fetch GET 200 https://registry.npmjs.org/@inquirer/core/-/core-9.2.1.tgz 7630ms (cache miss)
791 http fetch GET 200 https://registry.npmjs.org/ipaddr.js/-/ipaddr.js-1.9.1.tgz 7625ms (cache miss)
792 http fetch GET 200 https://registry.npmjs.org/retry/-/retry-0.13.1.tgz 7626ms (cache miss)
793 http fetch GET 200 https://registry.npmjs.org/debug/-/debug-2.6.9.tgz 7641ms (cache miss)
794 http fetch GET 200 https://registry.npmjs.org/loader-utils/-/loader-utils-2.0.4.tgz 7643ms (cache miss)
795 http fetch GET 200 https://registry.npmjs.org/which/-/which-4.0.0.tgz 7651ms (cache miss)
796 http fetch GET 200 https://registry.npmjs.org/ajv-formats/-/ajv-formats-2.1.1.tgz 7655ms (cache miss)
797 http fetch GET 200 https://registry.npmjs.org/signal-exit/-/signal-exit-3.0.7.tgz 7659ms (cache miss)
798 http fetch GET 200 https://registry.npmjs.org/debug/-/debug-2.6.9.tgz 7663ms (cache miss)
799 http fetch GET 200 https://registry.npmjs.org/json-parse-even-better-errors/-/json-parse-even-better-errors-2.3.1.tgz 7676ms (cache miss)
800 http fetch GET 200 https://registry.npmjs.org/onetime/-/onetime-5.1.2.tgz 7696ms (cache miss)
801 http fetch GET 200 https://registry.npmjs.org/picomatch/-/picomatch-2.3.2.tgz 7721ms (cache miss)
802 http fetch GET 200 https://registry.npmjs.org/iconv-lite/-/iconv-lite-0.6.3.tgz 7737ms (cache miss)
803 http fetch GET 200 https://registry.npmjs.org/@angular/router/-/router-18.2.14.tgz 7750ms (cache miss)
804 http fetch GET 200 https://registry.npmjs.org/postcss/-/postcss-8.5.8.tgz 7747ms (cache miss)
805 http fetch GET 200 https://registry.npmjs.org/cli-cursor/-/cli-cursor-3.1.0.tgz 7828ms (cache miss)
806 http fetch GET 200 https://registry.npmjs.org/isexe/-/isexe-3.1.5.tgz 7832ms (cache miss)
807 http fetch GET 200 https://registry.npmjs.org/restore-cursor/-/restore-cursor-3.1.0.tgz 7833ms (cache miss)
808 http fetch GET 200 https://registry.npmjs.org/yallist/-/yallist-4.0.0.tgz 7834ms (cache miss)
809 http fetch GET 200 https://registry.npmjs.org/yallist/-/yallist-4.0.0.tgz 7884ms (cache miss)
810 http fetch GET 200 https://registry.npmjs.org/yallist/-/yallist-4.0.0.tgz 7895ms (cache miss)
811 http fetch GET 200 https://registry.npmjs.org/brace-expansion/-/brace-expansion-2.0.3.tgz 7897ms (cache miss)
812 http fetch GET 200 https://registry.npmjs.org/minipass/-/minipass-3.3.6.tgz 7907ms (cache miss)
813 http fetch GET 200 https://registry.npmjs.org/source-map/-/source-map-0.6.1.tgz 7919ms (cache miss)
814 http fetch GET 200 https://registry.npmjs.org/lru-cache/-/lru-cache-10.4.3.tgz 7989ms (cache miss)
815 http fetch GET 200 https://registry.npmjs.org/yallist/-/yallist-4.0.0.tgz 8002ms (cache miss)
816 http fetch GET 200 https://registry.npmjs.org/wrap-ansi/-/wrap-ansi-9.0.2.tgz 8012ms (cache miss)
817 http fetch GET 200 https://registry.npmjs.org/minipass/-/minipass-3.3.6.tgz 8016ms (cache miss)
818 http fetch GET 200 https://registry.npmjs.org/minipass/-/minipass-3.3.6.tgz 8020ms (cache miss)
819 http fetch GET 200 https://registry.npmjs.org/strip-ansi/-/strip-ansi-7.2.0.tgz 8021ms (cache miss)
820 http fetch GET 200 https://registry.npmjs.org/minipass/-/minipass-3.3.6.tgz 8024ms (cache miss)
821 http fetch GET 200 https://registry.npmjs.org/picomatch/-/picomatch-2.3.2.tgz 8027ms (cache miss)
822 http fetch GET 200 https://registry.npmjs.org/slice-ansi/-/slice-ansi-7.1.2.tgz 8031ms (cache miss)
823 http fetch GET 200 https://registry.npmjs.org/is-fullwidth-code-point/-/is-fullwidth-code-point-5.1.0.tgz 8033ms (cache miss)
824 http fetch GET 200 https://registry.npmjs.org/ansi-styles/-/ansi-styles-6.2.3.tgz 8040ms (cache miss)
825 http fetch GET 200 https://registry.npmjs.org/strip-ansi/-/strip-ansi-7.2.0.tgz 8051ms (cache miss)
826 http fetch GET 200 https://registry.npmjs.org/wrap-ansi/-/wrap-ansi-9.0.2.tgz 8052ms (cache miss)
827 http fetch GET 200 https://registry.npmjs.org/ansi-styles/-/ansi-styles-6.2.3.tgz 8051ms (cache miss)
828 http fetch GET 200 https://registry.npmjs.org/ansi-regex/-/ansi-regex-6.2.2.tgz 8075ms (cache miss)
829 http fetch GET 200 https://registry.npmjs.org/ansi-escapes/-/ansi-escapes-7.3.0.tgz 8084ms (cache miss)
830 http fetch GET 200 https://registry.npmjs.org/ansi-regex/-/ansi-regex-6.2.2.tgz 8120ms (cache miss)
831 http fetch GET 200 https://registry.npmjs.org/mime/-/mime-1.6.0.tgz 8120ms (cache miss)
832 http fetch GET 200 https://registry.npmjs.org/make-dir/-/make-dir-2.1.0.tgz 8123ms (cache miss)
833 http fetch GET 200 https://registry.npmjs.org/eventemitter3/-/eventemitter3-5.0.4.tgz 8210ms (cache miss)
834 http fetch GET 200 https://registry.npmjs.org/semver/-/semver-6.3.1.tgz 8226ms (cache miss)
835 http fetch GET 200 https://registry.npmjs.org/supports-color/-/supports-color-8.1.1.tgz 8262ms (cache miss)
836 http fetch GET 200 https://registry.npmjs.org/wrap-ansi/-/wrap-ansi-7.0.0.tgz 8261ms (cache miss)
837 http fetch GET 200 https://registry.npmjs.org/string-width/-/string-width-4.2.3.tgz 8262ms (cache miss)
838 http fetch GET 200 https://registry.npmjs.org/is-fullwidth-code-point/-/is-fullwidth-code-point-3.0.0.tgz 8262ms (cache miss)
839 http fetch GET 200 https://registry.npmjs.org/tmp/-/tmp-0.2.5.tgz 8265ms (cache miss)
840 http fetch GET 200 https://registry.npmjs.org/emoji-regex/-/emoji-regex-8.0.0.tgz 8278ms (cache miss)
841 http fetch GET 200 https://registry.npmjs.org/brace-expansion/-/brace-expansion-2.0.3.tgz 8282ms (cache miss)
842 http fetch GET 200 https://registry.npmjs.org/semver/-/semver-5.7.2.tgz 8292ms (cache miss)
843 http fetch GET 200 https://registry.npmjs.org/string_decoder/-/string_decoder-1.1.1.tgz 8293ms (cache miss)
844 http fetch GET 200 https://registry.npmjs.org/glob-parent/-/glob-parent-5.1.2.tgz 8300ms (cache miss)
845 http fetch GET 200 https://registry.npmjs.org/ajv/-/ajv-6.14.0.tgz 8319ms (cache miss)
846 http fetch GET 200 https://registry.npmjs.org/glob-parent/-/glob-parent-5.1.2.tgz 8306ms (cache miss)
847 http fetch GET 200 https://registry.npmjs.org/safe-buffer/-/safe-buffer-5.1.2.tgz 8315ms (cache miss)
848 http fetch GET 200 https://registry.npmjs.org/statuses/-/statuses-2.0.2.tgz 8316ms (cache miss)
849 http fetch GET 200 https://registry.npmjs.org/ms/-/ms-2.0.0.tgz 8318ms (cache miss)
850 http fetch GET 200 https://registry.npmjs.org/on-finished/-/on-finished-2.3.0.tgz 8320ms (cache miss)
851 http fetch GET 200 https://registry.npmjs.org/cliui/-/cliui-7.0.4.tgz 8353ms (cache miss)
852 http fetch GET 200 https://registry.npmjs.org/statuses/-/statuses-2.0.2.tgz 8362ms (cache miss)
853 http fetch GET 200 https://registry.npmjs.org/istanbul-lib-instrument/-/istanbul-lib-instrument-5.2.1.tgz 8369ms (cache miss)
854 http fetch GET 200 https://registry.npmjs.org/encodeurl/-/encodeurl-2.0.0.tgz 8373ms (cache miss)
855 http fetch GET 200 https://registry.npmjs.org/estraverse/-/estraverse-5.3.0.tgz 8375ms (cache miss)
856 http fetch GET 200 https://registry.npmjs.org/ms/-/ms-2.0.0.tgz 8375ms (cache miss)
857 http fetch GET 200 https://registry.npmjs.org/ms/-/ms-2.0.0.tgz 8374ms (cache miss)
858 http fetch GET 200 https://registry.npmjs.org/which/-/which-2.0.2.tgz 8379ms (cache miss)
859 http fetch GET 200 https://registry.npmjs.org/finalhandler/-/finalhandler-1.3.2.tgz 8407ms (cache miss)
860 http fetch GET 200 https://registry.npmjs.org/@babel/core/-/core-7.26.10.tgz 8435ms (cache miss)
861 http fetch GET 200 https://registry.npmjs.org/ms/-/ms-2.0.0.tgz 8422ms (cache miss)
862 http fetch GET 200 https://registry.npmjs.org/is-plain-object/-/is-plain-object-2.0.4.tgz 8425ms (cache miss)
863 http fetch GET 200 https://registry.npmjs.org/yargs-parser/-/yargs-parser-20.2.9.tgz 8440ms (cache miss)
864 http fetch GET 200 https://registry.npmjs.org/wrap-ansi/-/wrap-ansi-7.0.0.tgz 8444ms (cache miss)
865 http fetch GET 200 https://registry.npmjs.org/string-width/-/string-width-4.2.3.tgz 8443ms (cache miss)
866 http fetch GET 200 https://registry.npmjs.org/emoji-regex/-/emoji-regex-8.0.0.tgz 8452ms (cache miss)
867 http fetch GET 200 https://registry.npmjs.org/glob-parent/-/glob-parent-5.1.2.tgz 8469ms (cache miss)
868 http fetch GET 200 https://registry.npmjs.org/regenerate-unicode-properties/-/regenerate-unicode-properties-10.2.2.tgz 8586ms (cache miss)
869 http fetch GET 200 https://registry.npmjs.org/is-fullwidth-code-point/-/is-fullwidth-code-point-3.0.0.tgz 8478ms (cache miss)
870 http fetch GET 200 https://registry.npmjs.org/iconv-lite/-/iconv-lite-0.6.3.tgz 8529ms (cache miss)
871 http fetch GET 200 https://registry.npmjs.org/ms/-/ms-2.0.0.tgz 8534ms (cache miss)
872 http fetch GET 200 https://registry.npmjs.org/debug/-/debug-2.6.9.tgz 8541ms (cache miss)
873 http fetch GET 200 https://registry.npmjs.org/negotiator/-/negotiator-0.6.3.tgz 8553ms (cache miss)
874 http fetch GET 200 https://registry.npmjs.org/brace-expansion/-/brace-expansion-2.0.3.tgz 8559ms (cache miss)
875 http fetch GET 200 https://registry.npmjs.org/which/-/which-4.0.0.tgz 8571ms (cache miss)
876 http fetch GET 200 https://registry.npmjs.org/@types/send/-/send-0.17.6.tgz 8578ms (cache miss)
877 http fetch GET 200 https://registry.npmjs.org/semver/-/semver-6.3.1.tgz 8591ms (cache miss)
878 http fetch GET 200 https://registry.npmjs.org/debug/-/debug-2.6.9.tgz 8603ms (cache miss)
879 http fetch GET 200 https://registry.npmjs.org/isexe/-/isexe-3.1.5.tgz 8601ms (cache miss)
880 http fetch GET 200 https://registry.npmjs.org/brace-expansion/-/brace-expansion-2.0.3.tgz 8603ms (cache miss)
881 http fetch GET 200 https://registry.npmjs.org/which/-/which-4.0.0.tgz 8612ms (cache miss)
882 http fetch GET 200 https://registry.npmjs.org/which/-/which-4.0.0.tgz 8628ms (cache miss)
883 http fetch GET 200 https://registry.npmjs.org/debug/-/debug-2.6.9.tgz 8654ms (cache miss)
884 http fetch GET 200 https://registry.npmjs.org/brace-expansion/-/brace-expansion-2.0.3.tgz 8654ms (cache miss)
885 http fetch GET 200 https://registry.npmjs.org/debug/-/debug-2.6.9.tgz 8661ms (cache miss)
886 http fetch GET 200 https://registry.npmjs.org/string-width/-/string-width-5.1.2.tgz 8668ms (cache miss)
887 http fetch GET 200 https://registry.npmjs.org/source-map/-/source-map-0.6.1.tgz 8684ms (cache miss)
888 http fetch GET 200 https://registry.npmjs.org/picomatch/-/picomatch-2.3.2.tgz 8688ms (cache miss)
889 http fetch GET 200 https://registry.npmjs.org/@angular/animations/-/animations-18.2.14.tgz 8712ms (cache miss)
890 http fetch GET 200 https://registry.npmjs.org/debug/-/debug-2.6.9.tgz 8723ms (cache miss)
891 http fetch GET 200 https://registry.npmjs.org/readable-stream/-/readable-stream-2.3.8.tgz 8736ms (cache miss)
892 http fetch GET 200 https://registry.npmjs.org/emoji-regex/-/emoji-regex-9.2.2.tgz 8745ms (cache miss)
893 http fetch GET 200 https://registry.npmjs.org/@jsonjoy.com/base64/-/base64-17.67.0.tgz 8753ms (cache miss)
894 http fetch GET 200 https://registry.npmjs.org/ansi-styles/-/ansi-styles-6.2.3.tgz 8753ms (cache miss)
895 http fetch GET 200 https://registry.npmjs.org/@jsonjoy.com/codegen/-/codegen-17.67.0.tgz 8757ms (cache miss)
896 http fetch GET 200 https://registry.npmjs.org/strip-ansi/-/strip-ansi-7.2.0.tgz 8766ms (cache miss)
897 http fetch GET 200 https://registry.npmjs.org/wrap-ansi/-/wrap-ansi-8.1.0.tgz 8768ms (cache miss)
898 http fetch GET 200 https://registry.npmjs.org/source-map/-/source-map-0.6.1.tgz 8817ms (cache miss)
899 http fetch GET 200 https://registry.npmjs.org/source-map/-/source-map-0.6.1.tgz 8818ms (cache miss)
900 http fetch GET 200 https://registry.npmjs.org/ansi-regex/-/ansi-regex-6.2.2.tgz 8810ms (cache miss)
901 http fetch GET 200 https://registry.npmjs.org/@babel/helper-annotate-as-pure/-/helper-annotate-as-pure-7.27.3.tgz 8814ms (cache miss)
902 http fetch GET 200 https://registry.npmjs.org/@babel/plugin-syntax-import-attributes/-/plugin-syntax-import-attributes-7.28.6.tgz 8815ms (cache miss)
903 http fetch GET 200 https://registry.npmjs.org/semver/-/semver-6.3.1.tgz 8833ms (cache miss)
904 http fetch GET 200 https://registry.npmjs.org/@babel/helper-annotate-as-pure/-/helper-annotate-as-pure-7.27.3.tgz 8836ms (cache miss)
905 http fetch GET 200 https://registry.npmjs.org/@babel/helper-annotate-as-pure/-/helper-annotate-as-pure-7.27.3.tgz 8836ms (cache miss)
906 http fetch GET 200 https://registry.npmjs.org/jasmine-core/-/jasmine-core-4.6.1.tgz 8861ms (cache miss)
907 http fetch GET 200 https://registry.npmjs.org/convert-source-map/-/convert-source-map-2.0.0.tgz 8866ms (cache miss)
908 http fetch GET 200 https://registry.npmjs.org/@angular-devkit/core/-/core-18.2.21.tgz 8898ms (cache miss)
909 http fetch GET 200 https://registry.npmjs.org/@babel/helper-annotate-as-pure/-/helper-annotate-as-pure-7.27.3.tgz 8874ms (cache miss)
910 http fetch GET 200 https://registry.npmjs.org/@babel/helper-annotate-as-pure/-/helper-annotate-as-pure-7.27.3.tgz 8874ms (cache miss)
911 http fetch GET 200 https://registry.npmjs.org/readdirp/-/readdirp-4.1.2.tgz 8902ms (cache miss)
912 http fetch GET 200 https://registry.npmjs.org/lru-cache/-/lru-cache-10.4.3.tgz 8920ms (cache miss)
913 http fetch GET 200 https://registry.npmjs.org/semver/-/semver-6.3.1.tgz 8914ms (cache miss)
914 http fetch GET 200 https://registry.npmjs.org/convert-source-map/-/convert-source-map-2.0.0.tgz 8913ms (cache miss)
915 http fetch GET 200 https://registry.npmjs.org/convert-source-map/-/convert-source-map-2.0.0.tgz 8914ms (cache miss)
916 http fetch GET 200 https://registry.npmjs.org/semver/-/semver-6.3.1.tgz 8918ms (cache miss)
917 http fetch GET 200 https://registry.npmjs.org/semver/-/semver-6.3.1.tgz 8925ms (cache miss)
918 http fetch GET 200 https://registry.npmjs.org/semver/-/semver-6.3.1.tgz 8928ms (cache miss)
919 http fetch GET 200 https://registry.npmjs.org/loader-utils/-/loader-utils-2.0.4.tgz 8948ms (cache miss)
920 http fetch GET 200 https://registry.npmjs.org/semver/-/semver-6.3.1.tgz 8946ms (cache miss)
921 http fetch GET 200 https://registry.npmjs.org/semver/-/semver-6.3.1.tgz 8956ms (cache miss)
922 http fetch GET 200 https://registry.npmjs.org/semver/-/semver-6.3.1.tgz 8993ms (cache miss)
923 http fetch GET 200 https://registry.npmjs.org/@babel/helper-annotate-as-pure/-/helper-annotate-as-pure-7.24.7.tgz 9014ms (cache miss)
924 http fetch GET 200 https://registry.npmjs.org/chokidar/-/chokidar-4.0.3.tgz 9090ms (cache miss)
925 http fetch GET 200 https://registry.npmjs.org/picomatch 8871ms (cache miss)
926 silly packumentCache corgi:https://registry.npmjs.org/picomatch set size:undefined disposed:false
927 http fetch GET 200 https://registry.npmjs.org/tslib/-/tslib-2.6.3.tgz 9128ms (cache miss)
928 http fetch GET 200 https://registry.npmjs.org/lru-cache/-/lru-cache-10.4.3.tgz 9150ms (cache miss)
929 http fetch GET 200 https://registry.npmjs.org/@esbuild/win32-x64/-/win32-x64-0.21.5.tgz 9194ms (cache miss)
930 http fetch GET 200 https://registry.npmjs.org/tmp 8942ms (cache miss)
931 silly packumentCache corgi:https://registry.npmjs.org/tmp set size:undefined disposed:false
932 http fetch GET 200 https://registry.npmjs.org/iconv-lite/-/iconv-lite-0.6.3.tgz 9216ms (cache miss)
933 http fetch GET 200 https://registry.npmjs.org/@inquirer/type/-/type-2.0.0.tgz 9230ms (cache miss)
934 http fetch GET 200 https://registry.npmjs.org/ajv 8990ms (cache miss)
935 silly packumentCache corgi:https://registry.npmjs.org/ajv set size:undefined disposed:false
936 http fetch GET 200 https://registry.npmjs.org/minimatch/-/minimatch-9.0.9.tgz 9283ms (cache miss)
937 http fetch GET 200 https://registry.npmjs.org/lru-cache/-/lru-cache-10.4.3.tgz 9275ms (cache miss)
938 http fetch GET 200 https://registry.npmjs.org/@angular%2fcore 9026ms (cache miss)
939 silly packumentCache corgi:https://registry.npmjs.org/@angular%2fcore set size:undefined disposed:false
940 http fetch GET 200 https://registry.npmjs.org/lru-cache/-/lru-cache-10.4.3.tgz 9339ms (cache miss)
941 http fetch GET 200 https://registry.npmjs.org/serialize-javascript 9104ms (cache miss)
942 silly packumentCache corgi:https://registry.npmjs.org/serialize-javascript set size:undefined disposed:false
943 http fetch GET 200 https://registry.npmjs.org/@angular%2fcommon 9114ms (cache miss)
944 silly packumentCache corgi:https://registry.npmjs.org/@angular%2fcommon set size:undefined disposed:false
945 http fetch GET 200 https://registry.npmjs.org/esbuild 9165ms (cache miss)
946 silly packumentCache corgi:https://registry.npmjs.org/esbuild set size:undefined disposed:false
947 http fetch GET 200 https://registry.npmjs.org/@babel/types/-/types-7.29.0.tgz 9472ms (cache miss)
948 http fetch GET 200 https://registry.npmjs.org/tar 9204ms (cache miss)
949 silly packumentCache corgi:https://registry.npmjs.org/tar set size:undefined disposed:false
950 http fetch GET 200 https://registry.npmjs.org/@babel/runtime/-/runtime-7.26.10.tgz 9518ms (cache miss)
951 http fetch GET 200 https://registry.npmjs.org/@angular-devkit/schematics/-/schematics-18.2.21.tgz 9539ms (cache miss)
952 http fetch GET 200 https://registry.npmjs.org/@jsonjoy.com/util/-/util-1.9.0.tgz 9574ms (cache miss)
953 http fetch GET 200 https://registry.npmjs.org/@angular%2fcompiler 9287ms (cache miss)
954 silly packumentCache corgi:https://registry.npmjs.org/@angular%2fcompiler set size:undefined disposed:false
955 http fetch GET 200 https://registry.npmjs.org/yargs/-/yargs-16.2.0.tgz 9730ms (cache miss)
956 http fetch GET 200 https://registry.npmjs.org/glob/-/glob-10.5.0.tgz 9773ms (cache miss)
957 warn deprecated glob@10.5.0: Old versions of glob are not supported, and contain widely publicized security vulnerabilities, which have been fixed in the current version. Please update. Support for old versions may be purchased (at exorbitant rates) by contacting i@izs.me
958 http fetch GET 200 https://registry.npmjs.org/isexe/-/isexe-3.1.5.tgz 9772ms (cache miss)
959 http fetch GET 200 https://registry.npmjs.org/isexe/-/isexe-3.1.5.tgz 9801ms (cache miss)
960 http fetch GET 200 https://registry.npmjs.org/webpack 9563ms (cache miss)
961 silly packumentCache corgi:https://registry.npmjs.org/webpack set size:undefined disposed:false
962 http fetch GET 200 https://registry.npmjs.org/minimatch/-/minimatch-9.0.9.tgz 9872ms (cache miss)
963 http fetch GET 200 https://registry.npmjs.org/fast-glob/-/fast-glob-3.3.3.tgz 9906ms (cache miss)
964 http fetch GET 200 https://registry.npmjs.org/rollup 9667ms (cache miss)
965 silly packumentCache corgi:https://registry.npmjs.org/rollup set size:undefined disposed:false
966 http fetch GET 200 https://registry.npmjs.org/@babel/generator/-/generator-7.29.1.tgz 9969ms (cache miss)
967 http fetch GET 200 https://registry.npmjs.org/entities/-/entities-6.0.1.tgz 9983ms (cache miss)
968 silly packumentCache corgi:https://registry.npmjs.org/@angular-devkit%2fcore cache-miss
969 silly packumentCache corgi:https://registry.npmjs.org/ajv-formats cache-miss
970 silly packumentCache corgi:https://registry.npmjs.org/schema-utils cache-miss
971 http fetch GET 200 https://registry.npmjs.org/@jsonjoy.com/json-pointer/-/json-pointer-17.67.0.tgz 10016ms (cache miss)
972 http fetch GET 200 https://registry.npmjs.org/minimatch/-/minimatch-9.0.9.tgz 10044ms (cache miss)
973 http fetch GET 200 https://registry.npmjs.org/minimatch/-/minimatch-9.0.9.tgz 10089ms (cache miss)
974 http fetch GET 200 https://registry.npmjs.org/minimatch/-/minimatch-9.0.9.tgz 10095ms (cache miss)
975 http fetch GET 200 https://registry.npmjs.org/ajv-formats 122ms (cache miss)
976 silly packumentCache corgi:https://registry.npmjs.org/ajv-formats set size:undefined disposed:false
977 http fetch GET 200 https://registry.npmjs.org/schema-utils 151ms (cache miss)
978 silly packumentCache corgi:https://registry.npmjs.org/schema-utils set size:undefined disposed:false
979 http fetch GET 200 https://registry.npmjs.org/glob/-/glob-10.5.0.tgz 10222ms (cache miss)
980 warn deprecated glob@10.5.0: Old versions of glob are not supported, and contain widely publicized security vulnerabilities, which have been fixed in the current version. Please update. Support for old versions may be purchased (at exorbitant rates) by contacting i@izs.me
981 http fetch GET 200 https://registry.npmjs.org/glob/-/glob-10.5.0.tgz 10282ms (cache miss)
982 warn deprecated glob@10.5.0: Old versions of glob are not supported, and contain widely publicized security vulnerabilities, which have been fixed in the current version. Please update. Support for old versions may be purchased (at exorbitant rates) by contacting i@izs.me
983 http fetch GET 200 https://registry.npmjs.org/@angular-devkit%2fcore 303ms (cache miss)
984 silly packumentCache corgi:https://registry.npmjs.org/@angular-devkit%2fcore set size:undefined disposed:false
985 silly packumentCache corgi:https://registry.npmjs.org/@angular-devkit%2fbuild-angular cache-miss
986 silly packumentCache corgi:https://registry.npmjs.org/@angular%2fbuild cache-miss
987 http fetch GET 200 https://registry.npmjs.org/@angular/cli/-/cli-18.2.21.tgz 10516ms (cache miss)
988 http fetch GET 200 https://registry.npmjs.org/@angular%2fbuild 167ms (cache miss)
989 silly packumentCache corgi:https://registry.npmjs.org/@angular%2fbuild set size:undefined disposed:false
990 http fetch GET 200 https://registry.npmjs.org/@schematics/angular/-/angular-18.2.21.tgz 10646ms (cache miss)
991 http fetch GET 200 https://registry.npmjs.org/@angular-devkit%2fbuild-angular 411ms (cache miss)
992 silly packumentCache corgi:https://registry.npmjs.org/@angular-devkit%2fbuild-angular set size:undefined disposed:false
993 http fetch GET 200 https://registry.npmjs.org/resolve/-/resolve-1.22.11.tgz 10834ms (cache miss)
994 http fetch GET 200 https://registry.npmjs.org/@babel/helpers/-/helpers-7.29.2.tgz 10866ms (cache miss)
995 silly packumentCache corgi:https://registry.npmjs.org/vite cache-miss
996 http fetch GET 200 https://registry.npmjs.org/less/-/less-4.2.0.tgz 11131ms (cache miss)
997 http fetch GET 200 https://registry.npmjs.org/@jsonjoy.com/util/-/util-17.67.0.tgz 11086ms (cache miss)
998 http fetch GET 200 https://registry.npmjs.org/vite 328ms (cache miss)
999 silly packumentCache corgi:https://registry.npmjs.org/vite set size:undefined disposed:false
1000 silly packumentCache corgi:https://registry.npmjs.org/external-editor cache-miss
1001 http fetch GET 200 https://registry.npmjs.org/@babel/core/-/core-7.25.2.tgz 11310ms (cache miss)
1002 http fetch GET 200 https://registry.npmjs.org/@babel/core/-/core-7.25.2.tgz 11317ms (cache miss)
1003 http fetch GET 200 https://registry.npmjs.org/webpack/-/webpack-5.94.0.tgz 11468ms (cache miss)
1004 http fetch GET 200 https://registry.npmjs.org/external-editor 87ms (cache miss)
1005 silly packumentCache corgi:https://registry.npmjs.org/external-editor set size:undefined disposed:false
1006 http fetch GET 200 https://registry.npmjs.org/@jsonjoy.com/buffers/-/buffers-1.2.1.tgz 11359ms (cache miss)
1007 http fetch GET 200 https://registry.npmjs.org/@jsonjoy.com/buffers/-/buffers-1.2.1.tgz 11460ms (cache miss)
1008 silly packumentCache corgi:https://registry.npmjs.org/copy-webpack-plugin cache-miss
1009 http fetch GET 200 https://registry.npmjs.org/copy-webpack-plugin 97ms (cache miss)
1010 silly packumentCache corgi:https://registry.npmjs.org/copy-webpack-plugin set size:undefined disposed:false
1011 silly packumentCache corgi:https://registry.npmjs.org/cacache cache-miss
1012 silly packumentCache corgi:https://registry.npmjs.org/node-gyp cache-miss
1013 silly packumentCache corgi:https://registry.npmjs.org/pacote cache-miss
1014 http fetch GET 200 https://registry.npmjs.org/cacache 113ms (cache miss)
1015 silly packumentCache corgi:https://registry.npmjs.org/cacache set size:undefined disposed:false
1016 http fetch GET 200 https://registry.npmjs.org/node-gyp 153ms (cache miss)
1017 silly packumentCache corgi:https://registry.npmjs.org/node-gyp set size:undefined disposed:false
1018 http fetch GET 200 https://registry.npmjs.org/pacote 180ms (cache miss)
1019 silly packumentCache corgi:https://registry.npmjs.org/pacote set size:undefined disposed:false
1020 silly packumentCache corgi:https://registry.npmjs.org/@angular-devkit%2farchitect cache-miss
1021 silly packumentCache corgi:https://registry.npmjs.org/@angular-devkit%2fschematics cache-miss
1022 silly packumentCache corgi:https://registry.npmjs.org/@angular%2fcli cache-miss
1023 silly packumentCache corgi:https://registry.npmjs.org/@schematics%2fangular cache-miss
1024 http fetch GET 200 https://registry.npmjs.org/@angular-devkit/build-angular/-/build-angular-18.2.21.tgz 12574ms (cache miss)
1025 http fetch GET 200 https://registry.npmjs.org/@schematics%2fangular 704ms (cache miss)
1026 silly packumentCache corgi:https://registry.npmjs.org/@schematics%2fangular set size:undefined disposed:false
1027 http fetch GET 200 https://registry.npmjs.org/@angular/compiler/-/compiler-18.2.14.tgz 12865ms (cache miss)
1028 http fetch GET 200 https://registry.npmjs.org/@angular-devkit%2farchitect 954ms (cache miss)
1029 silly packumentCache corgi:https://registry.npmjs.org/@angular-devkit%2farchitect set size:undefined disposed:false
1030 http fetch GET 200 https://registry.npmjs.org/@angular-devkit%2fschematics 999ms (cache miss)
1031 silly packumentCache corgi:https://registry.npmjs.org/@angular-devkit%2fschematics set size:undefined disposed:false
1032 http fetch GET 200 https://registry.npmjs.org/@angular%2fcli 1159ms (cache miss)
1033 silly packumentCache corgi:https://registry.npmjs.org/@angular%2fcli set size:undefined disposed:false
1034 silly packumentCache corgi:https://registry.npmjs.org/@inquirer%2feditor cache-miss
1035 http fetch GET 200 https://registry.npmjs.org/@angular/build/-/build-18.2.21.tgz 13372ms (cache miss)
1036 http fetch GET 200 https://registry.npmjs.org/@inquirer%2feditor 115ms (cache miss)
1037 silly packumentCache corgi:https://registry.npmjs.org/@inquirer%2feditor set size:undefined disposed:false
1038 silly packumentCache corgi:https://registry.npmjs.org/make-fetch-happen cache-miss
1039 http fetch GET 200 https://registry.npmjs.org/make-fetch-happen 120ms (cache miss)
1040 silly packumentCache corgi:https://registry.npmjs.org/make-fetch-happen set size:undefined disposed:false
1041 silly packumentCache corgi:https://registry.npmjs.org/@npmcli%2frun-script cache-miss
1042 http fetch GET 200 https://registry.npmjs.org/ajv/-/ajv-8.17.1.tgz 13747ms (cache miss)
1043 http fetch GET 200 https://registry.npmjs.org/@npmcli%2frun-script 99ms (cache miss)
1044 silly packumentCache corgi:https://registry.npmjs.org/@npmcli%2frun-script set size:undefined disposed:false
1045 silly packumentCache corgi:https://registry.npmjs.org/@angular-devkit%2fbuild-webpack cache-miss
1046 http fetch GET 200 https://registry.npmjs.org/lodash/-/lodash-4.17.23.tgz 14826ms (cache miss)
1047 http fetch GET 200 https://registry.npmjs.org/@jsonjoy.com/json-pack/-/json-pack-1.21.0.tgz 14967ms (cache miss)
1048 http fetch GET 200 https://registry.npmjs.org/@angular-devkit%2fbuild-webpack 691ms (cache miss)
1049 silly packumentCache corgi:https://registry.npmjs.org/@angular-devkit%2fbuild-webpack set size:undefined disposed:false
1050 silly packumentCache corgi:https://registry.npmjs.org/@inquirer%2fprompts cache-miss
1051 http fetch GET 200 https://registry.npmjs.org/@angular/compiler-cli/-/compiler-cli-18.2.14.tgz 15501ms (cache miss)
1052 http fetch GET 200 https://registry.npmjs.org/@inquirer%2fprompts 97ms (cache miss)
1053 silly packumentCache corgi:https://registry.npmjs.org/@inquirer%2fprompts set size:undefined disposed:false
1054 silly packumentCache corgi:https://registry.npmjs.org/@sigstore%2fsign cache-miss
1055 silly packumentCache corgi:https://registry.npmjs.org/npm-registry-fetch cache-miss
1056 silly packumentCache corgi:https://registry.npmjs.org/tuf-js cache-miss
1057 http fetch GET 200 https://registry.npmjs.org/tuf-js 97ms (cache miss)
1058 silly packumentCache corgi:https://registry.npmjs.org/tuf-js set size:undefined disposed:false
1059 http fetch GET 200 https://registry.npmjs.org/npm-registry-fetch 111ms (cache miss)
1060 silly packumentCache corgi:https://registry.npmjs.org/npm-registry-fetch set size:undefined disposed:false
1061 http fetch GET 200 https://registry.npmjs.org/@sigstore%2fsign 119ms (cache miss)
1062 silly packumentCache corgi:https://registry.npmjs.org/@sigstore%2fsign set size:undefined disposed:false
1063 silly packumentCache corgi:https://registry.npmjs.org/@sigstore%2ftuf cache-miss
1064 http fetch GET 200 https://registry.npmjs.org/@sigstore%2ftuf 106ms (cache miss)
1065 silly packumentCache corgi:https://registry.npmjs.org/@sigstore%2ftuf set size:undefined disposed:false
1066 silly packumentCache corgi:https://registry.npmjs.org/sigstore cache-miss
1067 http fetch GET 200 https://registry.npmjs.org/sigstore 116ms (cache miss)
1068 silly packumentCache corgi:https://registry.npmjs.org/sigstore set size:undefined disposed:false
1069 http fetch GET 200 https://registry.npmjs.org/@jsonjoy.com/json-pack/-/json-pack-17.67.0.tgz 16737ms (cache miss)
1070 http fetch GET 200 https://registry.npmjs.org/caniuse-lite/-/caniuse-lite-1.0.30001782.tgz 16948ms (cache miss)
1071 http fetch GET 200 https://registry.npmjs.org/@angular/core/-/core-18.2.14.tgz 16930ms (cache miss)
1072 http fetch GET 200 https://registry.npmjs.org/@angular/common/-/common-18.2.14.tgz 23275ms (cache miss)
1073 http fetch GET 200 https://registry.npmjs.org/rxjs/-/rxjs-7.8.2.tgz 23730ms (cache miss)
1074 http fetch GET 200 https://registry.npmjs.org/rxjs/-/rxjs-7.8.1.tgz 24528ms (cache miss)
1075 http fetch GET 200 https://registry.npmjs.org/rxjs/-/rxjs-7.8.1.tgz 24531ms (cache miss)
1076 http fetch GET 200 https://registry.npmjs.org/rxjs/-/rxjs-7.8.1.tgz 24540ms (cache miss)
1077 http fetch GET 200 https://registry.npmjs.org/rxjs/-/rxjs-7.8.1.tgz 24547ms (cache miss)
1078 http fetch GET 200 https://registry.npmjs.org/rxjs/-/rxjs-7.8.1.tgz 24562ms (cache miss)
1079 info run lmdb@3.0.13 install node_modules/lmdb node-gyp-build-optional-packages
1080 info run msgpackr-extract@3.0.3 install node_modules/msgpackr-extract node-gyp-build-optional-packages
1081 info run msgpackr-extract@3.0.3 install { code: 0, signal: null }
1082 info run lmdb@3.0.13 install { code: 0, signal: null }
1083 info run esbuild@0.23.0 postinstall node_modules/esbuild node install.js
1084 info run esbuild@0.21.5 postinstall node_modules/vite/node_modules/esbuild node install.js
1085 info run esbuild@0.23.0 postinstall { code: 0, signal: null }
1086 info run esbuild@0.21.5 postinstall { code: 0, signal: null }
1087 silly ADD node_modules/zone.js
1088 silly ADD node_modules/yoctocolors-cjs
1089 silly ADD node_modules/yocto-queue
1090 silly ADD node_modules/yargs-parser
1091 silly ADD node_modules/yargs
1092 silly ADD node_modules/yargs/node_modules/string-width
1093 silly ADD node_modules/yargs/node_modules/is-fullwidth-code-point
1094 silly ADD node_modules/yargs/node_modules/emoji-regex
1095 silly ADD node_modules/yallist
1096 silly ADD node_modules/y18n
1097 silly ADD node_modules/ws
1098 silly ADD node_modules/wrappy
1099 silly ADD node_modules/wrap-ansi-cjs
1100 silly ADD node_modules/wrap-ansi-cjs/node_modules/string-width
1101 silly ADD node_modules/wrap-ansi-cjs/node_modules/is-fullwidth-code-point
1102 silly ADD node_modules/wrap-ansi-cjs/node_modules/emoji-regex
1103 silly ADD node_modules/wrap-ansi
1104 silly ADD node_modules/wrap-ansi/node_modules/string-width
1105 silly ADD node_modules/wrap-ansi/node_modules/is-fullwidth-code-point
1106 silly ADD node_modules/wrap-ansi/node_modules/emoji-regex
1107 silly ADD node_modules/wildcard
1108 silly ADD node_modules/which
1109 silly ADD node_modules/websocket-extensions
1110 silly ADD node_modules/websocket-driver
1111 silly ADD node_modules/webpack-subresource-integrity
1112 silly ADD node_modules/webpack-sources
1113 silly ADD node_modules/webpack-merge
1114 silly ADD node_modules/webpack-dev-server
1115 silly ADD node_modules/webpack-dev-server/node_modules/http-proxy-middleware
1116 silly ADD node_modules/webpack-dev-middleware
1117 silly ADD node_modules/webpack
1118 silly ADD node_modules/webpack/node_modules/schema-utils
1119 silly ADD node_modules/webpack/node_modules/json-schema-traverse
1120 silly ADD node_modules/webpack/node_modules/json-parse-even-better-errors
1121 silly ADD node_modules/webpack/node_modules/ajv-keywords
1122 silly ADD node_modules/webpack/node_modules/ajv
1123 silly ADD node_modules/weak-lru-cache
1124 silly ADD node_modules/wcwidth
1125 silly ADD node_modules/wbuf
1126 silly ADD node_modules/watchpack
1127 silly ADD node_modules/void-elements
1128 silly ADD node_modules/vite
1129 silly ADD node_modules/vite/node_modules/postcss
1130 silly ADD node_modules/vite/node_modules/esbuild
1131 silly ADD node_modules/vite/node_modules/@esbuild/win32-x64
1132 silly ADD node_modules/vary
1133 silly ADD node_modules/validate-npm-package-name
1134 silly ADD node_modules/validate-npm-package-license
1135 silly ADD node_modules/uuid
1136 silly ADD node_modules/utils-merge
1137 silly ADD node_modules/util-deprecate
1138 silly ADD node_modules/uri-js
1139 silly ADD node_modules/uri-js/node_modules/punycode
1140 silly ADD node_modules/update-browserslist-db
1141 silly ADD node_modules/unpipe
1142 silly ADD node_modules/universalify
1143 silly ADD node_modules/unique-slug
1144 silly ADD node_modules/unique-filename
1145 silly ADD node_modules/unicorn-magic
1146 silly ADD node_modules/unicode-property-aliases-ecmascript
1147 silly ADD node_modules/unicode-match-property-value-ecmascript
1148 silly ADD node_modules/unicode-match-property-ecmascript
1149 silly ADD node_modules/unicode-canonical-property-names-ecmascript
1150 silly ADD node_modules/undici-types
1151 silly ADD node_modules/ua-parser-js
1152 silly ADD node_modules/typescript
1153 silly ADD node_modules/typed-assert
1154 silly ADD node_modules/type-is
1155 silly ADD node_modules/type-fest
1156 silly ADD node_modules/tuf-js
1157 silly ADD node_modules/tslib
1158 silly ADD node_modules/tree-kill
1159 silly ADD node_modules/tree-dump
1160 silly ADD node_modules/toidentifier
1161 silly ADD node_modules/to-regex-range
1162 silly ADD node_modules/tmp
1163 silly ADD node_modules/thunky
1164 silly ADD node_modules/thingies
1165 silly ADD node_modules/terser-webpack-plugin
1166 silly ADD node_modules/terser
1167 silly ADD node_modules/tar
1168 silly ADD node_modules/tar/node_modules/yallist
1169 silly ADD node_modules/tar/node_modules/mkdirp
1170 silly ADD node_modules/tar/node_modules/minipass
1171 silly ADD node_modules/tar/node_modules/fs-minipass
1172 silly ADD node_modules/tar/node_modules/fs-minipass/node_modules/minipass
1173 silly ADD node_modules/tapable
1174 silly ADD node_modules/symbol-observable
1175 silly ADD node_modules/supports-preserve-symlinks-flag
1176 silly ADD node_modules/supports-color
1177 silly ADD node_modules/strip-ansi-cjs
1178 silly ADD node_modules/strip-ansi
1179 silly ADD node_modules/string-width-cjs
1180 silly ADD node_modules/string-width-cjs/node_modules/is-fullwidth-code-point
1181 silly ADD node_modules/string-width-cjs/node_modules/emoji-regex
1182 silly ADD node_modules/string-width
1183 silly ADD node_modules/string-width/node_modules/strip-ansi
1184 silly ADD node_modules/string-width/node_modules/ansi-regex
1185 silly ADD node_modules/string_decoder
1186 silly ADD node_modules/streamroller
1187 silly ADD node_modules/statuses
1188 silly ADD node_modules/ssri
1189 silly ADD node_modules/spdy-transport
1190 silly ADD node_modules/spdy
1191 silly ADD node_modules/spdx-license-ids
1192 silly ADD node_modules/spdx-expression-parse
1193 silly ADD node_modules/spdx-exceptions
1194 silly ADD node_modules/spdx-correct
1195 silly ADD node_modules/source-map-support
1196 silly ADD node_modules/source-map-support/node_modules/source-map
1197 silly ADD node_modules/source-map-loader
1198 silly ADD node_modules/source-map-loader/node_modules/iconv-lite
1199 silly ADD node_modules/source-map-js
1200 silly ADD node_modules/source-map
1201 silly ADD node_modules/socks-proxy-agent
1202 silly ADD node_modules/socks
1203 silly ADD node_modules/sockjs
1204 silly ADD node_modules/socket.io-parser
1205 silly ADD node_modules/socket.io-adapter
1206 silly ADD node_modules/socket.io
1207 silly ADD node_modules/smart-buffer
1208 silly ADD node_modules/slice-ansi
1209 silly ADD node_modules/slice-ansi/node_modules/ansi-styles
1210 silly ADD node_modules/slash
1211 silly ADD node_modules/sigstore
1212 silly ADD node_modules/signal-exit
1213 silly ADD node_modules/side-channel-weakmap
1214 silly ADD node_modules/side-channel-map
1215 silly ADD node_modules/side-channel-list
1216 silly ADD node_modules/side-channel
1217 silly ADD node_modules/shell-quote
1218 silly ADD node_modules/shebang-regex
1219 silly ADD node_modules/shebang-command
1220 silly ADD node_modules/shallow-clone
1221 silly ADD node_modules/setprototypeof
1222 silly ADD node_modules/serve-static
1223 silly ADD node_modules/serve-static/node_modules/encodeurl
1224 silly ADD node_modules/serve-index
1225 silly ADD node_modules/serve-index/node_modules/ms
1226 silly ADD node_modules/serve-index/node_modules/http-errors
1227 silly ADD node_modules/serve-index/node_modules/depd
1228 silly ADD node_modules/serve-index/node_modules/debug
1229 silly ADD node_modules/serialize-javascript
1230 silly ADD node_modules/send
1231 silly ADD node_modules/send/node_modules/statuses
1232 silly ADD node_modules/send/node_modules/mime
1233 silly ADD node_modules/send/node_modules/encodeurl
1234 silly ADD node_modules/send/node_modules/debug
1235 silly ADD node_modules/send/node_modules/debug/node_modules/ms
1236 silly ADD node_modules/semver
1237 silly ADD node_modules/selfsigned
1238 silly ADD node_modules/select-hose
1239 silly ADD node_modules/schema-utils
1240 silly ADD node_modules/schema-utils/node_modules/ajv-formats
1241 silly ADD node_modules/sax
1242 silly ADD node_modules/sass-loader
1243 silly ADD node_modules/sass
1244 silly ADD node_modules/safer-buffer
1245 silly ADD node_modules/safe-regex-test
1246 silly ADD node_modules/safe-buffer
1247 silly ADD node_modules/rxjs
1248 silly ADD node_modules/run-parallel
1249 silly ADD node_modules/run-applescript
1250 silly ADD node_modules/rollup
1251 silly ADD node_modules/rimraf
1252 silly ADD node_modules/rfdc
1253 silly ADD node_modules/reusify
1254 silly ADD node_modules/retry
1255 silly ADD node_modules/restore-cursor
1256 silly ADD node_modules/resolve-url-loader
1257 silly ADD node_modules/resolve-url-loader/node_modules/source-map
1258 silly ADD node_modules/resolve-url-loader/node_modules/loader-utils
1259 silly ADD node_modules/resolve-from
1260 silly ADD node_modules/resolve
1261 silly ADD node_modules/requires-port
1262 silly ADD node_modules/require-from-string
1263 silly ADD node_modules/require-directory
1264 silly ADD node_modules/regjsparser
1265 silly ADD node_modules/regjsgen
1266 silly ADD node_modules/regexpu-core
1267 silly ADD node_modules/regex-parser
1268 silly ADD node_modules/regenerator-runtime
1269 silly ADD node_modules/regenerate-unicode-properties
1270 silly ADD node_modules/regenerate
1271 silly ADD node_modules/reflect-metadata
1272 silly ADD node_modules/readdirp
1273 silly ADD node_modules/readdirp/node_modules/picomatch
1274 silly ADD node_modules/readable-stream
1275 silly ADD node_modules/raw-body
1276 silly ADD node_modules/range-parser
1277 silly ADD node_modules/randombytes
1278 silly ADD node_modules/queue-microtask
1279 silly ADD node_modules/qs
1280 silly ADD node_modules/qjobs
1281 silly ADD node_modules/punycode
1282 silly ADD node_modules/prr
1283 silly ADD node_modules/proxy-addr
1284 silly ADD node_modules/proxy-addr/node_modules/ipaddr.js
1285 silly ADD node_modules/promise-retry
1286 silly ADD node_modules/promise-inflight
1287 silly ADD node_modules/process-nextick-args
1288 silly ADD node_modules/proc-log
1289 silly ADD node_modules/postcss-value-parser
1290 silly ADD node_modules/postcss-selector-parser
1291 silly ADD node_modules/postcss-modules-values
1292 silly ADD node_modules/postcss-modules-scope
1293 silly ADD node_modules/postcss-modules-local-by-default
1294 silly ADD node_modules/postcss-modules-extract-imports
1295 silly ADD node_modules/postcss-media-query-parser
1296 silly ADD node_modules/postcss-loader
1297 silly ADD node_modules/postcss
1298 silly ADD node_modules/pkg-dir
1299 silly ADD node_modules/piscina
1300 silly ADD node_modules/pify
1301 silly ADD node_modules/picomatch
1302 silly ADD node_modules/picocolors
1303 silly ADD node_modules/path-type
1304 silly ADD node_modules/path-to-regexp
1305 silly ADD node_modules/path-scurry
1306 silly ADD node_modules/path-scurry/node_modules/lru-cache
1307 silly ADD node_modules/path-parse
1308 silly ADD node_modules/path-key
1309 silly ADD node_modules/path-is-absolute
1310 silly ADD node_modules/path-exists
1311 silly ADD node_modules/parseurl
1312 silly ADD node_modules/parse5-sax-parser
1313 silly ADD node_modules/parse5-html-rewriting-stream
1314 silly ADD node_modules/parse5
1315 silly ADD node_modules/parse5/node_modules/entities
1316 silly ADD node_modules/parse-node-version
1317 silly ADD node_modules/parse-json
1318 silly ADD node_modules/parse-json/node_modules/json-parse-even-better-errors
1319 silly ADD node_modules/parent-module
1320 silly ADD node_modules/pacote
1321 silly ADD node_modules/package-json-from-dist
1322 silly ADD node_modules/p-retry
1323 silly ADD node_modules/p-retry/node_modules/retry
1324 silly ADD node_modules/p-map
1325 silly ADD node_modules/p-locate
1326 silly ADD node_modules/p-limit
1327 silly ADD node_modules/os-tmpdir
1328 silly ADD node_modules/ordered-binary
1329 silly ADD node_modules/ora
1330 silly ADD node_modules/ora/node_modules/signal-exit
1331 silly ADD node_modules/ora/node_modules/restore-cursor
1332 silly ADD node_modules/ora/node_modules/onetime
1333 silly ADD node_modules/ora/node_modules/cli-cursor
1334 silly ADD node_modules/open
1335 silly ADD node_modules/onetime
1336 silly ADD node_modules/once
1337 silly ADD node_modules/on-headers
1338 silly ADD node_modules/on-finished
1339 silly ADD node_modules/obuf
1340 silly ADD node_modules/object-inspect
1341 silly ADD node_modules/object-assign
1342 silly ADD node_modules/nth-check
1343 silly ADD node_modules/npm-registry-fetch
1344 silly ADD node_modules/npm-pick-manifest
1345 silly ADD node_modules/npm-packlist
1346 silly ADD node_modules/npm-package-arg
1347 silly ADD node_modules/npm-normalize-package-bin
1348 silly ADD node_modules/npm-install-checks
1349 silly ADD node_modules/npm-bundled
1350 silly ADD node_modules/normalize-range
1351 silly ADD node_modules/normalize-path
1352 silly ADD node_modules/normalize-package-data
1353 silly ADD node_modules/nopt
1354 silly ADD node_modules/node-releases
1355 silly ADD node_modules/node-gyp-build-optional-packages
1356 silly ADD node_modules/node-gyp
1357 silly ADD node_modules/node-gyp/node_modules/which
1358 silly ADD node_modules/node-gyp/node_modules/minimatch
1359 silly ADD node_modules/node-gyp/node_modules/isexe
1360 silly ADD node_modules/node-gyp/node_modules/glob
1361 silly ADD node_modules/node-gyp/node_modules/brace-expansion
1362 silly ADD node_modules/node-forge
1363 silly ADD node_modules/node-addon-api
1364 silly ADD node_modules/neo-async
1365 silly ADD node_modules/negotiator
1366 silly ADD node_modules/needle
1367 silly ADD node_modules/needle/node_modules/iconv-lite
1368 silly ADD node_modules/nanoid
1369 silly ADD node_modules/mute-stream
1370 silly ADD node_modules/multicast-dns
1371 silly ADD node_modules/msgpackr-extract
1372 silly ADD node_modules/msgpackr
1373 silly ADD node_modules/ms
1374 silly ADD node_modules/mrmime
1375 silly ADD node_modules/mkdirp
1376 silly ADD node_modules/minizlib
1377 silly ADD node_modules/minizlib/node_modules/yallist
1378 silly ADD node_modules/minizlib/node_modules/minipass
1379 silly ADD node_modules/minipass-sized
1380 silly ADD node_modules/minipass-sized/node_modules/yallist
1381 silly ADD node_modules/minipass-sized/node_modules/minipass
1382 silly ADD node_modules/minipass-pipeline
1383 silly ADD node_modules/minipass-pipeline/node_modules/yallist
1384 silly ADD node_modules/minipass-pipeline/node_modules/minipass
1385 silly ADD node_modules/minipass-flush
1386 silly ADD node_modules/minipass-flush/node_modules/yallist
1387 silly ADD node_modules/minipass-flush/node_modules/minipass
1388 silly ADD node_modules/minipass-fetch
1389 silly ADD node_modules/minipass-collect
1390 silly ADD node_modules/minipass
1391 silly ADD node_modules/minimist
1392 silly ADD node_modules/minimatch
1393 silly ADD node_modules/minimalistic-assert
1394 silly ADD node_modules/mini-css-extract-plugin
1395 silly ADD node_modules/mimic-function
1396 silly ADD node_modules/mimic-fn
1397 silly ADD node_modules/mime-types
1398 silly ADD node_modules/mime-db
1399 silly ADD node_modules/mime
1400 silly ADD node_modules/micromatch
1401 silly ADD node_modules/micromatch/node_modules/picomatch
1402 silly ADD node_modules/methods
1403 silly ADD node_modules/merge2
1404 silly ADD node_modules/merge-stream
1405 silly ADD node_modules/merge-descriptors
1406 silly ADD node_modules/memfs
1407 silly ADD node_modules/media-typer
1408 silly ADD node_modules/math-intrinsics
1409 silly ADD node_modules/make-fetch-happen
1410 silly ADD node_modules/make-dir
1411 silly ADD node_modules/magic-string
1412 silly ADD node_modules/lru-cache
1413 silly ADD node_modules/log4js
1414 silly ADD node_modules/log-update
1415 silly ADD node_modules/log-update/node_modules/wrap-ansi
1416 silly ADD node_modules/log-update/node_modules/strip-ansi
1417 silly ADD node_modules/log-update/node_modules/slice-ansi
1418 silly ADD node_modules/log-update/node_modules/is-fullwidth-code-point
1419 silly ADD node_modules/log-update/node_modules/ansi-styles
1420 silly ADD node_modules/log-update/node_modules/ansi-regex
1421 silly ADD node_modules/log-update/node_modules/ansi-escapes
1422 silly ADD node_modules/log-symbols
1423 silly ADD node_modules/lodash.debounce
1424 silly ADD node_modules/lodash
1425 silly ADD node_modules/locate-path
1426 silly ADD node_modules/loader-utils
1427 silly ADD node_modules/loader-runner
1428 silly ADD node_modules/lmdb
1429 silly ADD node_modules/listr2
1430 silly ADD node_modules/listr2/node_modules/wrap-ansi
1431 silly ADD node_modules/listr2/node_modules/strip-ansi
1432 silly ADD node_modules/listr2/node_modules/eventemitter3
1433 silly ADD node_modules/listr2/node_modules/ansi-styles
1434 silly ADD node_modules/listr2/node_modules/ansi-regex
1435 silly ADD node_modules/lines-and-columns
1436 silly ADD node_modules/license-webpack-plugin
1437 silly ADD node_modules/less-loader
1438 silly ADD node_modules/less
1439 silly ADD node_modules/less/node_modules/source-map
1440 silly ADD node_modules/less/node_modules/semver
1441 silly ADD node_modules/less/node_modules/mime
1442 silly ADD node_modules/less/node_modules/make-dir
1443 silly ADD node_modules/launch-editor
1444 silly ADD node_modules/kind-of
1445 silly ADD node_modules/karma-source-map-support
1446 silly ADD node_modules/karma-jasmine-html-reporter
1447 silly ADD node_modules/karma-jasmine
1448 silly ADD node_modules/karma-jasmine/node_modules/jasmine-core
1449 silly ADD node_modules/karma-coverage
1450 silly ADD node_modules/karma-coverage/node_modules/semver
1451 silly ADD node_modules/karma-coverage/node_modules/istanbul-lib-instrument
1452 silly ADD node_modules/karma-chrome-launcher
1453 silly ADD node_modules/karma
1454 silly ADD node_modules/karma/node_modules/yargs-parser
1455 silly ADD node_modules/karma/node_modules/yargs
1456 silly ADD node_modules/karma/node_modules/wrap-ansi
1457 silly ADD node_modules/karma/node_modules/tmp
1458 silly ADD node_modules/karma/node_modules/string-width
1459 silly ADD node_modules/karma/node_modules/source-map
1460 silly ADD node_modules/karma/node_modules/is-fullwidth-code-point
1461 silly ADD node_modules/karma/node_modules/emoji-regex
1462 silly ADD node_modules/karma/node_modules/cliui
1463 silly ADD node_modules/jsonparse
1464 silly ADD node_modules/jsonfile
1465 silly ADD node_modules/jsonc-parser
1466 silly ADD node_modules/json5
1467 silly ADD node_modules/json-schema-traverse
1468 silly ADD node_modules/json-parse-even-better-errors
1469 silly ADD node_modules/jsesc
1470 silly ADD node_modules/js-yaml
1471 silly ADD node_modules/js-tokens
1472 silly ADD node_modules/jiti
1473 silly ADD node_modules/jest-worker
1474 silly ADD node_modules/jest-worker/node_modules/supports-color
1475 silly ADD node_modules/jasmine-core
1476 silly ADD node_modules/jackspeak
1477 silly ADD node_modules/istanbul-reports
1478 silly ADD node_modules/istanbul-lib-source-maps
1479 silly ADD node_modules/istanbul-lib-source-maps/node_modules/source-map
1480 silly ADD node_modules/istanbul-lib-report
1481 silly ADD node_modules/istanbul-lib-instrument
1482 silly ADD node_modules/istanbul-lib-coverage
1483 silly ADD node_modules/isobject
1484 silly ADD node_modules/isexe
1485 silly ADD node_modules/isbinaryfile
1486 silly ADD node_modules/isarray
1487 silly ADD node_modules/is-wsl
1488 silly ADD node_modules/is-what
1489 silly ADD node_modules/is-unicode-supported
1490 silly ADD node_modules/is-regex
1491 silly ADD node_modules/is-plain-object
1492 silly ADD node_modules/is-plain-obj
1493 silly ADD node_modules/is-number
1494 silly ADD node_modules/is-network-error
1495 silly ADD node_modules/is-lambda
1496 silly ADD node_modules/is-interactive
1497 silly ADD node_modules/is-inside-container
1498 silly ADD node_modules/is-glob
1499 silly ADD node_modules/is-fullwidth-code-point
1500 silly ADD node_modules/is-extglob
1501 silly ADD node_modules/is-docker
1502 silly ADD node_modules/is-core-module
1503 silly ADD node_modules/is-binary-path
1504 silly ADD node_modules/is-arrayish
1505 silly ADD node_modules/ipaddr.js
1506 silly ADD node_modules/ip-address
1507 silly ADD node_modules/ini
1508 silly ADD node_modules/inherits
1509 silly ADD node_modules/inflight
1510 silly ADD node_modules/indent-string
1511 silly ADD node_modules/imurmurhash
1512 silly ADD node_modules/import-fresh
1513 silly ADD node_modules/immutable
1514 silly ADD node_modules/image-size
1515 silly ADD node_modules/ignore-walk
1516 silly ADD node_modules/ignore-walk/node_modules/minimatch
1517 silly ADD node_modules/ignore-walk/node_modules/brace-expansion
1518 silly ADD node_modules/ignore
1519 silly ADD node_modules/ieee754
1520 silly ADD node_modules/icss-utils
1521 silly ADD node_modules/iconv-lite
1522 silly ADD node_modules/hyperdyperid
1523 silly ADD node_modules/https-proxy-agent
1524 silly ADD node_modules/http-proxy-middleware
1525 silly ADD node_modules/http-proxy-agent
1526 silly ADD node_modules/http-proxy
1527 silly ADD node_modules/http-parser-js
1528 silly ADD node_modules/http-errors
1529 silly ADD node_modules/http-errors/node_modules/statuses
1530 silly ADD node_modules/http-deceiver
1531 silly ADD node_modules/http-cache-semantics
1532 silly ADD node_modules/htmlparser2
1533 silly ADD node_modules/html-escaper
1534 silly ADD node_modules/hpack.js
1535 silly ADD node_modules/hpack.js/node_modules/string_decoder
1536 silly ADD node_modules/hpack.js/node_modules/safe-buffer
1537 silly ADD node_modules/hpack.js/node_modules/readable-stream
1538 silly ADD node_modules/hosted-git-info
1539 silly ADD node_modules/hosted-git-info/node_modules/lru-cache
1540 silly ADD node_modules/hasown
1541 silly ADD node_modules/has-tostringtag
1542 silly ADD node_modules/has-symbols
1543 silly ADD node_modules/has-flag
1544 silly ADD node_modules/handle-thing
1545 silly ADD node_modules/graceful-fs
1546 silly ADD node_modules/gopd
1547 silly ADD node_modules/globby
1548 silly ADD node_modules/globby/node_modules/glob-parent
1549 silly ADD node_modules/globby/node_modules/fast-glob
1550 silly ADD node_modules/glob-to-regexp
1551 silly ADD node_modules/glob-to-regex.js
1552 silly ADD node_modules/glob-parent
1553 silly ADD node_modules/glob
1554 silly ADD node_modules/get-proto
1555 silly ADD node_modules/get-intrinsic
1556 silly ADD node_modules/get-east-asian-width
1557 silly ADD node_modules/get-caller-file
1558 silly ADD node_modules/gensync
1559 silly ADD node_modules/function-bind
1560 silly ADD node_modules/fs.realpath
1561 silly ADD node_modules/fs-minipass
1562 silly ADD node_modules/fs-extra
1563 silly ADD node_modules/fresh
1564 silly ADD node_modules/fraction.js
1565 silly ADD node_modules/forwarded
1566 silly ADD node_modules/foreground-child
1567 silly ADD node_modules/follow-redirects
1568 silly ADD node_modules/flatted
1569 silly ADD node_modules/flat
1570 silly ADD node_modules/find-up
1571 silly ADD node_modules/find-cache-dir
1572 silly ADD node_modules/finalhandler
1573 silly ADD node_modules/finalhandler/node_modules/on-finished
1574 silly ADD node_modules/finalhandler/node_modules/ms
1575 silly ADD node_modules/finalhandler/node_modules/debug
1576 silly ADD node_modules/fill-range
1577 silly ADD node_modules/faye-websocket
1578 silly ADD node_modules/fastq
1579 silly ADD node_modules/fast-uri
1580 silly ADD node_modules/fast-json-stable-stringify
1581 silly ADD node_modules/fast-glob
1582 silly ADD node_modules/fast-glob/node_modules/glob-parent
1583 silly ADD node_modules/fast-deep-equal
1584 silly ADD node_modules/external-editor
1585 silly ADD node_modules/extend
1586 silly ADD node_modules/express
1587 silly ADD node_modules/express/node_modules/statuses
1588 silly ADD node_modules/express/node_modules/ms
1589 silly ADD node_modules/express/node_modules/finalhandler
1590 silly ADD node_modules/express/node_modules/encodeurl
1591 silly ADD node_modules/express/node_modules/debug
1592 silly ADD node_modules/exponential-backoff
1593 silly ADD node_modules/events
1594 silly ADD node_modules/eventemitter3
1595 silly ADD node_modules/etag
1596 silly ADD node_modules/esutils
1597 silly ADD node_modules/estraverse
1598 silly ADD node_modules/esrecurse
1599 silly ADD node_modules/esrecurse/node_modules/estraverse
1600 silly ADD node_modules/eslint-scope
1601 silly ADD node_modules/escape-html
1602 silly ADD node_modules/escalade
1603 silly ADD node_modules/esbuild-wasm
1604 silly ADD node_modules/esbuild
1605 silly ADD node_modules/es-object-atoms
1606 silly ADD node_modules/es-module-lexer
1607 silly ADD node_modules/es-errors
1608 silly ADD node_modules/es-define-property
1609 silly ADD node_modules/error-ex
1610 silly ADD node_modules/errno
1611 silly ADD node_modules/err-code
1612 silly ADD node_modules/environment
1613 silly ADD node_modules/env-paths
1614 silly ADD node_modules/entities
1615 silly ADD node_modules/ent
1616 silly ADD node_modules/enhanced-resolve
1617 silly ADD node_modules/engine.io-parser
1618 silly ADD node_modules/engine.io
1619 silly ADD node_modules/encoding
1620 silly ADD node_modules/encoding/node_modules/iconv-lite
1621 silly ADD node_modules/encodeurl
1622 silly ADD node_modules/emojis-list
1623 silly ADD node_modules/emoji-regex
1624 silly ADD node_modules/electron-to-chromium
1625 silly ADD node_modules/ee-first
1626 silly ADD node_modules/eastasianwidth
1627 silly ADD node_modules/dunder-proto
1628 silly ADD node_modules/domutils
1629 silly ADD node_modules/domhandler
1630 silly ADD node_modules/domelementtype
1631 silly ADD node_modules/dom-serializer
1632 silly ADD node_modules/dom-serialize
1633 silly ADD node_modules/dns-packet
1634 silly ADD node_modules/di
1635 silly ADD node_modules/detect-node
1636 silly ADD node_modules/detect-libc
1637 silly ADD node_modules/destroy
1638 silly ADD node_modules/depd
1639 silly ADD node_modules/define-lazy-prop
1640 silly ADD node_modules/defaults
1641 silly ADD node_modules/default-browser-id
1642 silly ADD node_modules/default-browser
1643 silly ADD node_modules/debug
1644 silly ADD node_modules/date-format
1645 silly ADD node_modules/custom-event
1646 silly ADD node_modules/cssesc
1647 silly ADD node_modules/css-what
1648 silly ADD node_modules/css-select
1649 silly ADD node_modules/css-loader
1650 silly ADD node_modules/cross-spawn
1651 silly ADD node_modules/cross-spawn/node_modules/which
1652 silly ADD node_modules/critters
1653 silly ADD node_modules/cosmiconfig
1654 silly ADD node_modules/cors
1655 silly ADD node_modules/core-util-is
1656 silly ADD node_modules/core-js-compat
1657 silly ADD node_modules/copy-webpack-plugin
1658 silly ADD node_modules/copy-anything
1659 silly ADD node_modules/cookie-signature
1660 silly ADD node_modules/cookie
1661 silly ADD node_modules/convert-source-map
1662 silly ADD node_modules/content-type
1663 silly ADD node_modules/content-disposition
1664 silly ADD node_modules/connect-history-api-fallback
1665 silly ADD node_modules/connect
1666 silly ADD node_modules/connect/node_modules/ms
1667 silly ADD node_modules/connect/node_modules/debug
1668 silly ADD node_modules/concat-map
1669 silly ADD node_modules/compression
1670 silly ADD node_modules/compression/node_modules/ms
1671 silly ADD node_modules/compression/node_modules/debug
1672 silly ADD node_modules/compressible
1673 silly ADD node_modules/common-path-prefix
1674 silly ADD node_modules/commander
1675 silly ADD node_modules/colorette
1676 silly ADD node_modules/color-name
1677 silly ADD node_modules/color-convert
1678 silly ADD node_modules/clone-deep
1679 silly ADD node_modules/clone-deep/node_modules/is-plain-object
1680 silly ADD node_modules/clone
1681 silly ADD node_modules/cliui
1682 silly ADD node_modules/cliui/node_modules/wrap-ansi
1683 silly ADD node_modules/cliui/node_modules/string-width
1684 silly ADD node_modules/cliui/node_modules/is-fullwidth-code-point
1685 silly ADD node_modules/cliui/node_modules/emoji-regex
1686 silly ADD node_modules/cli-width
1687 silly ADD node_modules/cli-truncate
1688 silly ADD node_modules/cli-spinners
1689 silly ADD node_modules/cli-cursor
1690 silly ADD node_modules/clean-stack
1691 silly ADD node_modules/chrome-trace-event
1692 silly ADD node_modules/chownr
1693 silly ADD node_modules/chokidar
1694 silly ADD node_modules/chokidar/node_modules/glob-parent
1695 silly ADD node_modules/chardet
1696 silly ADD node_modules/chalk
1697 silly ADD node_modules/caniuse-lite
1698 silly ADD node_modules/callsites
1699 silly ADD node_modules/call-bound
1700 silly ADD node_modules/call-bind-apply-helpers
1701 silly ADD node_modules/cacache
1702 silly ADD node_modules/cacache/node_modules/minimatch
1703 silly ADD node_modules/cacache/node_modules/lru-cache
1704 silly ADD node_modules/cacache/node_modules/glob
1705 silly ADD node_modules/cacache/node_modules/brace-expansion
1706 silly ADD node_modules/bytes
1707 silly ADD node_modules/bundle-name
1708 silly ADD node_modules/buffer-from
1709 silly ADD node_modules/buffer
1710 silly ADD node_modules/browserslist
1711 silly ADD node_modules/braces
1712 silly ADD node_modules/brace-expansion
1713 silly ADD node_modules/boolbase
1714 silly ADD node_modules/bonjour-service
1715 silly ADD node_modules/body-parser
1716 silly ADD node_modules/body-parser/node_modules/ms
1717 silly ADD node_modules/body-parser/node_modules/debug
1718 silly ADD node_modules/bl
1719 silly ADD node_modules/binary-extensions
1720 silly ADD node_modules/big.js
1721 silly ADD node_modules/batch
1722 silly ADD node_modules/baseline-browser-mapping
1723 silly ADD node_modules/base64id
1724 silly ADD node_modules/base64-js
1725 silly ADD node_modules/balanced-match
1726 silly ADD node_modules/babel-plugin-polyfill-regenerator
1727 silly ADD node_modules/babel-plugin-polyfill-corejs3
1728 silly ADD node_modules/babel-plugin-polyfill-corejs2
1729 silly ADD node_modules/babel-plugin-polyfill-corejs2/node_modules/semver
1730 silly ADD node_modules/babel-loader
1731 silly ADD node_modules/autoprefixer
1732 silly ADD node_modules/array-flatten
1733 silly ADD node_modules/argparse
1734 silly ADD node_modules/anymatch
1735 silly ADD node_modules/anymatch/node_modules/picomatch
1736 silly ADD node_modules/ansi-styles
1737 silly ADD node_modules/ansi-regex
1738 silly ADD node_modules/ansi-html-community
1739 silly ADD node_modules/ansi-escapes
1740 silly ADD node_modules/ansi-colors
1741 silly ADD node_modules/ajv-keywords
1742 silly ADD node_modules/ajv-formats
1743 silly ADD node_modules/ajv
1744 silly ADD node_modules/aggregate-error
1745 silly ADD node_modules/agent-base
1746 silly ADD node_modules/adjust-sourcemap-loader
1747 silly ADD node_modules/adjust-sourcemap-loader/node_modules/loader-utils
1748 silly ADD node_modules/acorn-import-attributes
1749 silly ADD node_modules/acorn
1750 silly ADD node_modules/accepts
1751 silly ADD node_modules/accepts/node_modules/negotiator
1752 silly ADD node_modules/abbrev
1753 silly ADD node_modules/@yarnpkg/lockfile
1754 silly ADD node_modules/@xtuc/long
1755 silly ADD node_modules/@xtuc/ieee754
1756 silly ADD node_modules/@webassemblyjs/wast-printer
1757 silly ADD node_modules/@webassemblyjs/wasm-parser
1758 silly ADD node_modules/@webassemblyjs/wasm-opt
1759 silly ADD node_modules/@webassemblyjs/wasm-gen
1760 silly ADD node_modules/@webassemblyjs/wasm-edit
1761 silly ADD node_modules/@webassemblyjs/utf8
1762 silly ADD node_modules/@webassemblyjs/leb128
1763 silly ADD node_modules/@webassemblyjs/ieee754
1764 silly ADD node_modules/@webassemblyjs/helper-wasm-section
1765 silly ADD node_modules/@webassemblyjs/helper-wasm-bytecode
1766 silly ADD node_modules/@webassemblyjs/helper-numbers
1767 silly ADD node_modules/@webassemblyjs/helper-buffer
1768 silly ADD node_modules/@webassemblyjs/helper-api-error
1769 silly ADD node_modules/@webassemblyjs/floating-point-hex-parser
1770 silly ADD node_modules/@webassemblyjs/ast
1771 silly ADD node_modules/@vitejs/plugin-basic-ssl
1772 silly ADD node_modules/@types/ws
1773 silly ADD node_modules/@types/wrap-ansi
1774 silly ADD node_modules/@types/sockjs
1775 silly ADD node_modules/@types/serve-static
1776 silly ADD node_modules/@types/serve-static/node_modules/@types/send
1777 silly ADD node_modules/@types/serve-index
1778 silly ADD node_modules/@types/send
1779 silly ADD node_modules/@types/retry
1780 silly ADD node_modules/@types/range-parser
1781 silly ADD node_modules/@types/qs
1782 silly ADD node_modules/@types/node-forge
1783 silly ADD node_modules/@types/node
1784 silly ADD node_modules/@types/mute-stream
1785 silly ADD node_modules/@types/mime
1786 silly ADD node_modules/@types/json-schema
1787 silly ADD node_modules/@types/jasmine
1788 silly ADD node_modules/@types/http-proxy
1789 silly ADD node_modules/@types/http-errors
1790 silly ADD node_modules/@types/express-serve-static-core
1791 silly ADD node_modules/@types/express
1792 silly ADD node_modules/@types/estree
1793 silly ADD node_modules/@types/cors
1794 silly ADD node_modules/@types/connect-history-api-fallback
1795 silly ADD node_modules/@types/connect
1796 silly ADD node_modules/@types/bonjour
1797 silly ADD node_modules/@types/body-parser
1798 silly ADD node_modules/@tufjs/models
1799 silly ADD node_modules/@tufjs/models/node_modules/minimatch
1800 silly ADD node_modules/@tufjs/models/node_modules/brace-expansion
1801 silly ADD node_modules/@tufjs/canonical-json
1802 silly ADD node_modules/@socket.io/component-emitter
1803 silly ADD node_modules/@sindresorhus/merge-streams
1804 silly ADD node_modules/@sigstore/verify
1805 silly ADD node_modules/@sigstore/tuf
1806 silly ADD node_modules/@sigstore/sign
1807 silly ADD node_modules/@sigstore/protobuf-specs
1808 silly ADD node_modules/@sigstore/core
1809 silly ADD node_modules/@sigstore/bundle
1810 silly ADD node_modules/@schematics/angular
1811 silly ADD node_modules/@rollup/rollup-win32-x64-msvc
1812 silly ADD node_modules/@pkgjs/parseargs
1813 silly ADD node_modules/@npmcli/run-script
1814 silly ADD node_modules/@npmcli/run-script/node_modules/which
1815 silly ADD node_modules/@npmcli/run-script/node_modules/isexe
1816 silly ADD node_modules/@npmcli/redact
1817 silly ADD node_modules/@npmcli/promise-spawn
1818 silly ADD node_modules/@npmcli/promise-spawn/node_modules/which
1819 silly ADD node_modules/@npmcli/promise-spawn/node_modules/isexe
1820 silly ADD node_modules/@npmcli/package-json
1821 silly ADD node_modules/@npmcli/package-json/node_modules/minimatch
1822 silly ADD node_modules/@npmcli/package-json/node_modules/glob
1823 silly ADD node_modules/@npmcli/package-json/node_modules/brace-expansion
1824 silly ADD node_modules/@npmcli/node-gyp
1825 silly ADD node_modules/@npmcli/installed-package-contents
1826 silly ADD node_modules/@npmcli/git
1827 silly ADD node_modules/@npmcli/git/node_modules/which
1828 silly ADD node_modules/@npmcli/git/node_modules/lru-cache
1829 silly ADD node_modules/@npmcli/git/node_modules/isexe
1830 silly ADD node_modules/@npmcli/fs
1831 silly ADD node_modules/@npmcli/agent
1832 silly ADD node_modules/@npmcli/agent/node_modules/lru-cache
1833 silly ADD node_modules/@nodelib/fs.walk
1834 silly ADD node_modules/@nodelib/fs.stat
1835 silly ADD node_modules/@nodelib/fs.scandir
1836 silly ADD node_modules/@ngtools/webpack
1837 silly ADD node_modules/@msgpackr-extract/msgpackr-extract-win32-x64
1838 silly ADD node_modules/@lmdb/lmdb-win32-x64
1839 silly ADD node_modules/@listr2/prompt-adapter-inquirer
1840 silly ADD node_modules/@leichtgewicht/ip-codec
1841 silly ADD node_modules/@jsonjoy.com/util
1842 silly ADD node_modules/@jsonjoy.com/util/node_modules/@jsonjoy.com/buffers
1843 silly ADD node_modules/@jsonjoy.com/json-pointer
1844 silly ADD node_modules/@jsonjoy.com/json-pack
1845 silly ADD node_modules/@jsonjoy.com/json-pack/node_modules/@jsonjoy.com/buffers
1846 silly ADD node_modules/@jsonjoy.com/fs-snapshot
1847 silly ADD node_modules/@jsonjoy.com/fs-snapshot/node_modules/@jsonjoy.com/util
1848 silly ADD node_modules/@jsonjoy.com/fs-snapshot/node_modules/@jsonjoy.com/json-pointer
1849 silly ADD node_modules/@jsonjoy.com/fs-snapshot/node_modules/@jsonjoy.com/json-pack
1850 silly ADD node_modules/@jsonjoy.com/fs-snapshot/node_modules/@jsonjoy.com/codegen
1851 silly ADD node_modules/@jsonjoy.com/fs-snapshot/node_modules/@jsonjoy.com/base64
1852 silly ADD node_modules/@jsonjoy.com/fs-print
1853 silly ADD node_modules/@jsonjoy.com/fs-node-utils
1854 silly ADD node_modules/@jsonjoy.com/fs-node-to-fsa
1855 silly ADD node_modules/@jsonjoy.com/fs-node-builtins
1856 silly ADD node_modules/@jsonjoy.com/fs-node
1857 silly ADD node_modules/@jsonjoy.com/fs-fsa
1858 silly ADD node_modules/@jsonjoy.com/fs-core
1859 silly ADD node_modules/@jsonjoy.com/codegen
1860 silly ADD node_modules/@jsonjoy.com/buffers
1861 silly ADD node_modules/@jsonjoy.com/base64
1862 silly ADD node_modules/@jridgewell/trace-mapping
1863 silly ADD node_modules/@jridgewell/sourcemap-codec
1864 silly ADD node_modules/@jridgewell/source-map
1865 silly ADD node_modules/@jridgewell/resolve-uri
1866 silly ADD node_modules/@jridgewell/gen-mapping
1867 silly ADD node_modules/@istanbuljs/schema
1868 silly ADD node_modules/@isaacs/cliui
1869 silly ADD node_modules/@isaacs/cliui/node_modules/wrap-ansi
1870 silly ADD node_modules/@isaacs/cliui/node_modules/strip-ansi
1871 silly ADD node_modules/@isaacs/cliui/node_modules/string-width
1872 silly ADD node_modules/@isaacs/cliui/node_modules/emoji-regex
1873 silly ADD node_modules/@isaacs/cliui/node_modules/ansi-styles
1874 silly ADD node_modules/@isaacs/cliui/node_modules/ansi-regex
1875 silly ADD node_modules/@inquirer/type
1876 silly ADD node_modules/@inquirer/select
1877 silly ADD node_modules/@inquirer/search
1878 silly ADD node_modules/@inquirer/rawlist
1879 silly ADD node_modules/@inquirer/prompts
1880 silly ADD node_modules/@inquirer/password
1881 silly ADD node_modules/@inquirer/number
1882 silly ADD node_modules/@inquirer/input
1883 silly ADD node_modules/@inquirer/figures
1884 silly ADD node_modules/@inquirer/expand
1885 silly ADD node_modules/@inquirer/editor
1886 silly ADD node_modules/@inquirer/core
1887 silly ADD node_modules/@inquirer/core/node_modules/@inquirer/type
1888 silly ADD node_modules/@inquirer/confirm
1889 silly ADD node_modules/@inquirer/checkbox
1890 silly ADD node_modules/@esbuild/win32-x64
1891 silly ADD node_modules/@discoveryjs/json-ext
1892 silly ADD node_modules/@colors/colors
1893 silly ADD node_modules/@babel/types
1894 silly ADD node_modules/@babel/traverse
1895 silly ADD node_modules/@babel/traverse/node_modules/@babel/generator
1896 silly ADD node_modules/@babel/template
1897 silly ADD node_modules/@babel/runtime
1898 silly ADD node_modules/@babel/preset-modules
1899 silly ADD node_modules/@babel/preset-env
1900 silly ADD node_modules/@babel/preset-env/node_modules/semver
1901 silly ADD node_modules/@babel/preset-env/node_modules/@babel/plugin-syntax-import-attributes
1902 silly ADD node_modules/@babel/plugin-transform-unicode-sets-regex
1903 silly ADD node_modules/@babel/plugin-transform-unicode-regex
1904 silly ADD node_modules/@babel/plugin-transform-unicode-property-regex
1905 silly ADD node_modules/@babel/plugin-transform-unicode-escapes
1906 silly ADD node_modules/@babel/plugin-transform-typeof-symbol
1907 silly ADD node_modules/@babel/plugin-transform-template-literals
1908 silly ADD node_modules/@babel/plugin-transform-sticky-regex
1909 silly ADD node_modules/@babel/plugin-transform-spread
1910 silly ADD node_modules/@babel/plugin-transform-shorthand-properties
1911 silly ADD node_modules/@babel/plugin-transform-runtime
1912 silly ADD node_modules/@babel/plugin-transform-runtime/node_modules/semver
1913 silly ADD node_modules/@babel/plugin-transform-reserved-words
1914 silly ADD node_modules/@babel/plugin-transform-regexp-modifiers
1915 silly ADD node_modules/@babel/plugin-transform-regenerator
1916 silly ADD node_modules/@babel/plugin-transform-property-literals
1917 silly ADD node_modules/@babel/plugin-transform-private-property-in-object
1918 silly ADD node_modules/@babel/plugin-transform-private-property-in-object/node_modules/@babel/helper-annotate-as-pure
1919 silly ADD node_modules/@babel/plugin-transform-private-methods
1920 silly ADD node_modules/@babel/plugin-transform-parameters
1921 silly ADD node_modules/@babel/plugin-transform-optional-chaining
1922 silly ADD node_modules/@babel/plugin-transform-optional-catch-binding
1923 silly ADD node_modules/@babel/plugin-transform-object-super
1924 silly ADD node_modules/@babel/plugin-transform-object-rest-spread
1925 silly ADD node_modules/@babel/plugin-transform-numeric-separator
1926 silly ADD node_modules/@babel/plugin-transform-nullish-coalescing-operator
1927 silly ADD node_modules/@babel/plugin-transform-new-target
1928 silly ADD node_modules/@babel/plugin-transform-named-capturing-groups-regex
1929 silly ADD node_modules/@babel/plugin-transform-modules-umd
1930 silly ADD node_modules/@babel/plugin-transform-modules-systemjs
1931 silly ADD node_modules/@babel/plugin-transform-modules-commonjs
1932 silly ADD node_modules/@babel/plugin-transform-modules-amd
1933 silly ADD node_modules/@babel/plugin-transform-member-expression-literals
1934 silly ADD node_modules/@babel/plugin-transform-logical-assignment-operators
1935 silly ADD node_modules/@babel/plugin-transform-literals
1936 silly ADD node_modules/@babel/plugin-transform-json-strings
1937 silly ADD node_modules/@babel/plugin-transform-function-name
1938 silly ADD node_modules/@babel/plugin-transform-for-of
1939 silly ADD node_modules/@babel/plugin-transform-export-namespace-from
1940 silly ADD node_modules/@babel/plugin-transform-exponentiation-operator
1941 silly ADD node_modules/@babel/plugin-transform-dynamic-import
1942 silly ADD node_modules/@babel/plugin-transform-duplicate-named-capturing-groups-regex
1943 silly ADD node_modules/@babel/plugin-transform-duplicate-keys
1944 silly ADD node_modules/@babel/plugin-transform-dotall-regex
1945 silly ADD node_modules/@babel/plugin-transform-destructuring
1946 silly ADD node_modules/@babel/plugin-transform-computed-properties
1947 silly ADD node_modules/@babel/plugin-transform-classes
1948 silly ADD node_modules/@babel/plugin-transform-classes/node_modules/@babel/helper-annotate-as-pure
1949 silly ADD node_modules/@babel/plugin-transform-class-static-block
1950 silly ADD node_modules/@babel/plugin-transform-class-properties
1951 silly ADD node_modules/@babel/plugin-transform-block-scoping
1952 silly ADD node_modules/@babel/plugin-transform-block-scoped-functions
1953 silly ADD node_modules/@babel/plugin-transform-async-to-generator
1954 silly ADD node_modules/@babel/plugin-transform-async-generator-functions
1955 silly ADD node_modules/@babel/plugin-transform-arrow-functions
1956 silly ADD node_modules/@babel/plugin-syntax-unicode-sets-regex
1957 silly ADD node_modules/@babel/plugin-syntax-import-attributes
1958 silly ADD node_modules/@babel/plugin-syntax-import-assertions
1959 silly ADD node_modules/@babel/plugin-proposal-private-property-in-object
1960 silly ADD node_modules/@babel/plugin-bugfix-v8-static-class-fields-redefine-readonly
1961 silly ADD node_modules/@babel/plugin-bugfix-v8-spread-parameters-in-optional-chaining
1962 silly ADD node_modules/@babel/plugin-bugfix-safari-id-destructuring-collision-in-function-expression
1963 silly ADD node_modules/@babel/plugin-bugfix-safari-class-field-initializer-scope
1964 silly ADD node_modules/@babel/plugin-bugfix-firefox-class-in-computed-class-key
1965 silly ADD node_modules/@babel/parser
1966 silly ADD node_modules/@babel/helpers
1967 silly ADD node_modules/@babel/helper-wrap-function
1968 silly ADD node_modules/@babel/helper-validator-option
1969 silly ADD node_modules/@babel/helper-validator-identifier
1970 silly ADD node_modules/@babel/helper-string-parser
1971 silly ADD node_modules/@babel/helper-split-export-declaration
1972 silly ADD node_modules/@babel/helper-skip-transparent-expression-wrappers
1973 silly ADD node_modules/@babel/helper-replace-supers
1974 silly ADD node_modules/@babel/helper-remap-async-to-generator
1975 silly ADD node_modules/@babel/helper-remap-async-to-generator/node_modules/@babel/helper-annotate-as-pure
1976 silly ADD node_modules/@babel/helper-plugin-utils
1977 silly ADD node_modules/@babel/helper-optimise-call-expression
1978 silly ADD node_modules/@babel/helper-module-transforms
1979 silly ADD node_modules/@babel/helper-module-imports
1980 silly ADD node_modules/@babel/helper-member-expression-to-functions
1981 silly ADD node_modules/@babel/helper-globals
1982 silly ADD node_modules/@babel/helper-define-polyfill-provider
1983 silly ADD node_modules/@babel/helper-define-polyfill-provider/node_modules/resolve
1984 silly ADD node_modules/@babel/helper-create-regexp-features-plugin
1985 silly ADD node_modules/@babel/helper-create-regexp-features-plugin/node_modules/semver
1986 silly ADD node_modules/@babel/helper-create-regexp-features-plugin/node_modules/@babel/helper-annotate-as-pure
1987 silly ADD node_modules/@babel/helper-create-class-features-plugin
1988 silly ADD node_modules/@babel/helper-create-class-features-plugin/node_modules/semver
1989 silly ADD node_modules/@babel/helper-create-class-features-plugin/node_modules/@babel/helper-annotate-as-pure
1990 silly ADD node_modules/@babel/helper-compilation-targets
1991 silly ADD node_modules/@babel/helper-compilation-targets/node_modules/semver
1992 silly ADD node_modules/@babel/helper-annotate-as-pure
1993 silly ADD node_modules/@babel/generator
1994 silly ADD node_modules/@babel/core
1995 silly ADD node_modules/@babel/core/node_modules/semver
1996 silly ADD node_modules/@babel/core/node_modules/convert-source-map
1997 silly ADD node_modules/@babel/compat-data
1998 silly ADD node_modules/@babel/code-frame
1999 silly ADD node_modules/@angular/router
2000 silly ADD node_modules/@angular/platform-browser-dynamic
2001 silly ADD node_modules/@angular/platform-browser
2002 silly ADD node_modules/@angular/forms
2003 silly ADD node_modules/@angular/core
2004 silly ADD node_modules/@angular/compiler-cli
2005 silly ADD node_modules/@angular/compiler-cli/node_modules/readdirp
2006 silly ADD node_modules/@angular/compiler-cli/node_modules/chokidar
2007 silly ADD node_modules/@angular/compiler-cli/node_modules/@babel/core
2008 silly ADD node_modules/@angular/compiler-cli/node_modules/@babel/core/node_modules/semver
2009 silly ADD node_modules/@angular/compiler-cli/node_modules/@babel/core/node_modules/convert-source-map
2010 silly ADD node_modules/@angular/compiler
2011 silly ADD node_modules/@angular/common
2012 silly ADD node_modules/@angular/cli
2013 silly ADD node_modules/@angular/build
2014 silly ADD node_modules/@angular/build/node_modules/convert-source-map
2015 silly ADD node_modules/@angular/build/node_modules/@babel/helper-annotate-as-pure
2016 silly ADD node_modules/@angular/build/node_modules/@babel/core
2017 silly ADD node_modules/@angular/build/node_modules/@babel/core/node_modules/semver
2018 silly ADD node_modules/@angular/animations
2019 silly ADD node_modules/@angular-devkit/schematics
2020 silly ADD node_modules/@angular-devkit/schematics/node_modules/rxjs
2021 silly ADD node_modules/@angular-devkit/core
2022 silly ADD node_modules/@angular-devkit/core/node_modules/rxjs
2023 silly ADD node_modules/@angular-devkit/build-webpack
2024 silly ADD node_modules/@angular-devkit/build-webpack/node_modules/rxjs
2025 silly ADD node_modules/@angular-devkit/build-angular
2026 silly ADD node_modules/@angular-devkit/build-angular/node_modules/tslib
2027 silly ADD node_modules/@angular-devkit/build-angular/node_modules/rxjs
2028 silly ADD node_modules/@angular-devkit/architect
2029 silly ADD node_modules/@angular-devkit/architect/node_modules/rxjs
2030 silly ADD node_modules/@ampproject/remapping
2031 verbose cwd D:\Users\coding\hr_frontend
2032 verbose os Windows_NT 10.0.26200
2033 verbose node v25.2.1
2034 verbose npm  v11.6.3
2035 notice
2035 notice New [33mminor[39m version of npm available! [33m11.6.3[39m -> [34m11.12.1[39m
2035 notice Changelog: [34mhttps://github.com/npm/cli/releases/tag/v11.12.1[39m
2035 notice To update run: [4mnpm install -g npm@11.12.1[24m
2035 notice  { force: true, Symbol(proc-log.meta): true }
2036 verbose exit 0
2037 info ok
