0 verbose cli C:\Program Files\nodejs\node.exe C:\Users\Joe_E\AppData\Roaming\npm\node_modules\npm\bin\npm-cli.js
1 info using npm@11.6.3
2 info using node@v25.2.1
3 silly config load:file:C:\Users\Joe_E\AppData\Roaming\npm\node_modules\npm\npmrc
4 silly config load:file:D:\Users\coding\hr_frontend\.npmrc
5 silly config load:file:C:\Users\Joe_E\.npmrc
6 silly config load:file:C:\Users\Joe_E\AppData\Roaming\npm\etc\npmrc
7 verbose title npm install
8 verbose argv "install" "--offline" "--cache" ".npm-cache"
9 verbose logfile logs-max:10 dir:D:\Users\coding\hr_frontend\.npm-cache\_logs\2026-03-30T11_16_09_071Z-
10 verbose logfile D:\Users\coding\hr_frontend\.npm-cache\_logs\2026-03-30T11_16_09_071Z-debug-0.log
11 silly logfile done cleaning log files
12 silly packumentCache heap:4496293888 maxSize:1124073472 maxEntrySize:562036736
13 silly idealTree buildDeps
14 silly reify moves {}
15 silly audit report null
16 http cache zone.js@https://registry.npmjs.org/zone.js/-/zone.js-0.14.10.tgz 0ms (cache hit)
17 http cache yocto-queue@https://registry.npmjs.org/yocto-queue/-/yocto-queue-1.2.2.tgz 0ms (cache hit)
18 http cache yoctocolors-cjs@https://registry.npmjs.org/yoctocolors-cjs/-/yoctocolors-cjs-2.1.3.tgz 0ms (cache hit)
19 http cache yallist@https://registry.npmjs.org/yallist/-/yallist-3.1.1.tgz 0ms (cache hit)
20 http cache yargs@https://registry.npmjs.org/yargs/-/yargs-17.7.2.tgz 0ms (cache hit)
21 http cache y18n@https://registry.npmjs.org/y18n/-/y18n-5.0.8.tgz 0ms (cache hit)
22 http cache yargs-parser@https://registry.npmjs.org/yargs-parser/-/yargs-parser-21.1.1.tgz 0ms (cache hit)
23 http cache ws@https://registry.npmjs.org/ws/-/ws-8.18.3.tgz 0ms (cache hit)
24 http cache wrappy@https://registry.npmjs.org/wrappy/-/wrappy-1.0.2.tgz 0ms (cache hit)
25 http cache wrap-ansi@https://registry.npmjs.org/wrap-ansi/-/wrap-ansi-6.2.0.tgz 0ms (cache hit)
26 http cache wrap-ansi-cjs@https://registry.npmjs.org/wrap-ansi/-/wrap-ansi-7.0.0.tgz 0ms (cache hit)
27 http cache wildcard@https://registry.npmjs.org/wildcard/-/wildcard-2.0.1.tgz 0ms (cache hit)
28 http cache which@https://registry.npmjs.org/which/-/which-1.3.1.tgz 0ms (cache hit)
29 http cache websocket-extensions@https://registry.npmjs.org/websocket-extensions/-/websocket-extensions-0.1.4.tgz 0ms (cache hit)
30 http cache websocket-driver@https://registry.npmjs.org/websocket-driver/-/websocket-driver-0.7.4.tgz 0ms (cache hit)
31 http cache webpack-subresource-integrity@https://registry.npmjs.org/webpack-subresource-integrity/-/webpack-subresource-integrity-5.1.0.tgz 0ms (cache hit)
32 http cache webpack-sources@https://registry.npmjs.org/webpack-sources/-/webpack-sources-3.3.4.tgz 0ms (cache hit)
33 http cache webpack-merge@https://registry.npmjs.org/webpack-merge/-/webpack-merge-6.0.1.tgz 0ms (cache hit)
34 http cache webpack-dev-middleware@https://registry.npmjs.org/webpack-dev-middleware/-/webpack-dev-middleware-7.4.2.tgz 0ms (cache hit)
35 http cache webpack@https://registry.npmjs.org/webpack/-/webpack-5.94.0.tgz 0ms (cache hit)
36 http cache webpack-dev-server@https://registry.npmjs.org/webpack-dev-server/-/webpack-dev-server-5.2.2.tgz 0ms (cache hit)
37 http cache weak-lru-cache@https://registry.npmjs.org/weak-lru-cache/-/weak-lru-cache-1.2.2.tgz 0ms (cache hit)
38 http cache wcwidth@https://registry.npmjs.org/wcwidth/-/wcwidth-1.0.1.tgz 0ms (cache hit)
39 http cache void-elements@https://registry.npmjs.org/void-elements/-/void-elements-2.0.1.tgz 0ms (cache hit)
40 http cache wbuf@https://registry.npmjs.org/wbuf/-/wbuf-1.7.3.tgz 0ms (cache hit)
41 http cache watchpack@https://registry.npmjs.org/watchpack/-/watchpack-2.4.1.tgz 0ms (cache hit)
42 http cache vite@https://registry.npmjs.org/vite/-/vite-5.4.21.tgz 0ms (cache hit)
43 http cache validate-npm-package-name@https://registry.npmjs.org/validate-npm-package-name/-/validate-npm-package-name-5.0.1.tgz 0ms (cache hit)
44 http cache vary@https://registry.npmjs.org/vary/-/vary-1.1.2.tgz 0ms (cache hit)
45 http cache validate-npm-package-license@https://registry.npmjs.org/validate-npm-package-license/-/validate-npm-package-license-3.0.4.tgz 0ms (cache hit)
46 http cache util-deprecate@https://registry.npmjs.org/util-deprecate/-/util-deprecate-1.0.2.tgz 0ms (cache hit)
47 http cache uuid@https://registry.npmjs.org/uuid/-/uuid-8.3.2.tgz 0ms (cache hit)
48 http cache utils-merge@https://registry.npmjs.org/utils-merge/-/utils-merge-1.0.1.tgz 1ms (cache hit)
49 http cache update-browserslist-db@https://registry.npmjs.org/update-browserslist-db/-/update-browserslist-db-1.2.3.tgz 0ms (cache hit)
50 http cache uri-js@https://registry.npmjs.org/uri-js/-/uri-js-4.4.1.tgz 0ms (cache hit)
51 http cache unpipe@https://registry.npmjs.org/unpipe/-/unpipe-1.0.0.tgz 0ms (cache hit)
52 http cache universalify@https://registry.npmjs.org/universalify/-/universalify-0.1.2.tgz 0ms (cache hit)
53 http cache unique-slug@https://registry.npmjs.org/unique-slug/-/unique-slug-4.0.0.tgz 0ms (cache hit)
54 http cache unique-filename@https://registry.npmjs.org/unique-filename/-/unique-filename-3.0.0.tgz 0ms (cache hit)
55 http cache unicorn-magic@https://registry.npmjs.org/unicorn-magic/-/unicorn-magic-0.3.0.tgz 0ms (cache hit)
56 http cache unicode-match-property-value-ecmascript@https://registry.npmjs.org/unicode-match-property-value-ecmascript/-/unicode-match-property-value-ecmascript-2.2.1.tgz 0ms (cache hit)
57 http cache unicode-property-aliases-ecmascript@https://registry.npmjs.org/unicode-property-aliases-ecmascript/-/unicode-property-aliases-ecmascript-2.2.0.tgz 0ms (cache hit)
58 http cache undici-types@https://registry.npmjs.org/undici-types/-/undici-types-6.21.0.tgz 0ms (cache hit)
59 http cache unicode-match-property-ecmascript@https://registry.npmjs.org/unicode-match-property-ecmascript/-/unicode-match-property-ecmascript-2.0.0.tgz 0ms (cache hit)
60 http cache unicode-canonical-property-names-ecmascript@https://registry.npmjs.org/unicode-canonical-property-names-ecmascript/-/unicode-canonical-property-names-ecmascript-2.0.1.tgz 0ms (cache hit)
61 http cache typescript@https://registry.npmjs.org/typescript/-/typescript-5.5.4.tgz 0ms (cache hit)
62 http cache ua-parser-js@https://registry.npmjs.org/ua-parser-js/-/ua-parser-js-0.7.41.tgz 0ms (cache hit)
63 http cache typed-assert@https://registry.npmjs.org/typed-assert/-/typed-assert-1.0.9.tgz 0ms (cache hit)
64 http cache type-fest@https://registry.npmjs.org/type-fest/-/type-fest-0.21.3.tgz 0ms (cache hit)
65 http cache type-is@https://registry.npmjs.org/type-is/-/type-is-1.6.18.tgz 0ms (cache hit)
66 http cache tree-kill@https://registry.npmjs.org/tree-kill/-/tree-kill-1.2.2.tgz 0ms (cache hit)
67 http cache tslib@https://registry.npmjs.org/tslib/-/tslib-2.8.1.tgz 0ms (cache hit)
68 http cache tuf-js@https://registry.npmjs.org/tuf-js/-/tuf-js-2.2.1.tgz 0ms (cache hit)
69 http cache tree-dump@https://registry.npmjs.org/tree-dump/-/tree-dump-1.1.0.tgz 0ms (cache hit)
70 http cache toidentifier@https://registry.npmjs.org/toidentifier/-/toidentifier-1.0.1.tgz 0ms (cache hit)
71 http cache to-regex-range@https://registry.npmjs.org/to-regex-range/-/to-regex-range-5.0.1.tgz 0ms (cache hit)
72 http cache thunky@https://registry.npmjs.org/thunky/-/thunky-1.1.0.tgz 0ms (cache hit)
73 http cache thingies@https://registry.npmjs.org/thingies/-/thingies-2.6.0.tgz 0ms (cache hit)
74 http cache terser-webpack-plugin@https://registry.npmjs.org/terser-webpack-plugin/-/terser-webpack-plugin-5.4.0.tgz 0ms (cache hit)
75 http cache tmp@https://registry.npmjs.org/tmp/-/tmp-0.0.33.tgz 0ms (cache hit)
76 http cache terser@https://registry.npmjs.org/terser/-/terser-5.31.6.tgz 0ms (cache hit)
77 http cache tar@https://registry.npmjs.org/tar/-/tar-6.2.1.tgz 0ms (cache hit)
78 http cache tapable@https://registry.npmjs.org/tapable/-/tapable-2.3.2.tgz 0ms (cache hit)
79 http cache symbol-observable@https://registry.npmjs.org/symbol-observable/-/symbol-observable-4.0.0.tgz 0ms (cache hit)
80 http cache supports-preserve-symlinks-flag@https://registry.npmjs.org/supports-preserve-symlinks-flag/-/supports-preserve-symlinks-flag-1.0.0.tgz 0ms (cache hit)
81 http cache supports-color@https://registry.npmjs.org/supports-color/-/supports-color-7.2.0.tgz 0ms (cache hit)
82 http cache strip-ansi-cjs@https://registry.npmjs.org/strip-ansi/-/strip-ansi-6.0.1.tgz 0ms (cache hit)
83 http cache string-width-cjs@https://registry.npmjs.org/string-width/-/string-width-4.2.3.tgz 0ms (cache hit)
84 http cache string_decoder@https://registry.npmjs.org/string_decoder/-/string_decoder-1.3.0.tgz 0ms (cache hit)
85 http cache string-width@https://registry.npmjs.org/string-width/-/string-width-7.2.0.tgz 0ms (cache hit)
86 http cache strip-ansi@https://registry.npmjs.org/strip-ansi/-/strip-ansi-6.0.1.tgz 0ms (cache hit)
87 http cache statuses@https://registry.npmjs.org/statuses/-/statuses-1.5.0.tgz 0ms (cache hit)
88 http cache ssri@https://registry.npmjs.org/ssri/-/ssri-10.0.6.tgz 0ms (cache hit)
89 http cache streamroller@https://registry.npmjs.org/streamroller/-/streamroller-3.1.5.tgz 0ms (cache hit)
90 http cache spdx-license-ids@https://registry.npmjs.org/spdx-license-ids/-/spdx-license-ids-3.0.23.tgz 0ms (cache hit)
91 http cache spdy-transport@https://registry.npmjs.org/spdy-transport/-/spdy-transport-3.0.0.tgz 0ms (cache hit)
92 http cache spdy@https://registry.npmjs.org/spdy/-/spdy-4.0.2.tgz 0ms (cache hit)
93 http cache spdx-exceptions@https://registry.npmjs.org/spdx-exceptions/-/spdx-exceptions-2.5.0.tgz 0ms (cache hit)
94 http cache spdx-expression-parse@https://registry.npmjs.org/spdx-expression-parse/-/spdx-expression-parse-3.0.1.tgz 0ms (cache hit)
95 http cache spdx-correct@https://registry.npmjs.org/spdx-correct/-/spdx-correct-3.2.0.tgz 0ms (cache hit)
96 http cache source-map-loader@https://registry.npmjs.org/source-map-loader/-/source-map-loader-5.0.0.tgz 0ms (cache hit)
97 http cache source-map-support@https://registry.npmjs.org/source-map-support/-/source-map-support-0.5.21.tgz 0ms (cache hit)
98 http cache source-map-js@https://registry.npmjs.org/source-map-js/-/source-map-js-1.2.1.tgz 0ms (cache hit)
99 http cache source-map@https://registry.npmjs.org/source-map/-/source-map-0.7.4.tgz 0ms (cache hit)
100 http cache socks@https://registry.npmjs.org/socks/-/socks-2.8.7.tgz 0ms (cache hit)
101 http cache socks-proxy-agent@https://registry.npmjs.org/socks-proxy-agent/-/socks-proxy-agent-8.0.5.tgz 0ms (cache hit)
102 http cache sockjs@https://registry.npmjs.org/sockjs/-/sockjs-0.3.24.tgz 0ms (cache hit)
103 http cache socket.io-adapter@https://registry.npmjs.org/socket.io-adapter/-/socket.io-adapter-2.5.6.tgz 0ms (cache hit)
104 http cache smart-buffer@https://registry.npmjs.org/smart-buffer/-/smart-buffer-4.2.0.tgz 0ms (cache hit)
105 http cache socket.io@https://registry.npmjs.org/socket.io/-/socket.io-4.8.3.tgz 0ms (cache hit)
106 http cache socket.io-parser@https://registry.npmjs.org/socket.io-parser/-/socket.io-parser-4.2.6.tgz 0ms (cache hit)
107 http cache slice-ansi@https://registry.npmjs.org/slice-ansi/-/slice-ansi-5.0.0.tgz 0ms (cache hit)
108 http cache signal-exit@https://registry.npmjs.org/signal-exit/-/signal-exit-4.1.0.tgz 0ms (cache hit)
109 http cache sigstore@https://registry.npmjs.org/sigstore/-/sigstore-2.3.1.tgz 0ms (cache hit)
110 http cache slash@https://registry.npmjs.org/slash/-/slash-5.1.0.tgz 0ms (cache hit)
111 http cache side-channel-weakmap@https://registry.npmjs.org/side-channel-weakmap/-/side-channel-weakmap-1.0.2.tgz 0ms (cache hit)
112 http cache side-channel-map@https://registry.npmjs.org/side-channel-map/-/side-channel-map-1.0.1.tgz 0ms (cache hit)
113 http cache shell-quote@https://registry.npmjs.org/shell-quote/-/shell-quote-1.8.3.tgz 0ms (cache hit)
114 http cache side-channel-list@https://registry.npmjs.org/side-channel-list/-/side-channel-list-1.0.0.tgz 0ms (cache hit)
115 http cache side-channel@https://registry.npmjs.org/side-channel/-/side-channel-1.1.0.tgz 0ms (cache hit)
116 http cache shebang-regex@https://registry.npmjs.org/shebang-regex/-/shebang-regex-3.0.0.tgz 0ms (cache hit)
117 http cache shebang-command@https://registry.npmjs.org/shebang-command/-/shebang-command-2.0.0.tgz 0ms (cache hit)
118 http cache shallow-clone@https://registry.npmjs.org/shallow-clone/-/shallow-clone-3.0.1.tgz 0ms (cache hit)
119 http cache serve-static@https://registry.npmjs.org/serve-static/-/serve-static-1.16.3.tgz 0ms (cache hit)
120 http cache setprototypeof@https://registry.npmjs.org/setprototypeof/-/setprototypeof-1.2.0.tgz 0ms (cache hit)
121 http cache serve-index@https://registry.npmjs.org/serve-index/-/serve-index-1.9.2.tgz 0ms (cache hit)
122 http cache semver@https://registry.npmjs.org/semver/-/semver-7.6.3.tgz 0ms (cache hit)
123 http cache serialize-javascript@https://registry.npmjs.org/serialize-javascript/-/serialize-javascript-6.0.2.tgz 0ms (cache hit)
124 http cache send@https://registry.npmjs.org/send/-/send-0.19.2.tgz 0ms (cache hit)
125 http cache selfsigned@https://registry.npmjs.org/selfsigned/-/selfsigned-2.4.1.tgz 0ms (cache hit)
126 http cache sax@https://registry.npmjs.org/sax/-/sax-1.6.0.tgz 0ms (cache hit)
127 http cache select-hose@https://registry.npmjs.org/select-hose/-/select-hose-2.0.0.tgz 0ms (cache hit)
128 http cache schema-utils@https://registry.npmjs.org/schema-utils/-/schema-utils-4.3.3.tgz 0ms (cache hit)
129 http cache sass-loader@https://registry.npmjs.org/sass-loader/-/sass-loader-16.0.0.tgz 0ms (cache hit)
130 http cache safer-buffer@https://registry.npmjs.org/safer-buffer/-/safer-buffer-2.1.2.tgz 0ms (cache hit)
131 http cache sass@https://registry.npmjs.org/sass/-/sass-1.77.6.tgz 0ms (cache hit)
132 http cache safe-buffer@https://registry.npmjs.org/safe-buffer/-/safe-buffer-5.2.1.tgz 0ms (cache hit)
133 http cache rxjs@https://registry.npmjs.org/rxjs/-/rxjs-7.8.2.tgz 0ms (cache hit)
134 http cache run-parallel@https://registry.npmjs.org/run-parallel/-/run-parallel-1.2.0.tgz 0ms (cache hit)
135 http cache safe-regex-test@https://registry.npmjs.org/safe-regex-test/-/safe-regex-test-1.1.0.tgz 0ms (cache hit)
136 http cache run-applescript@https://registry.npmjs.org/run-applescript/-/run-applescript-7.1.0.tgz 0ms (cache hit)
137 http cache rollup@https://registry.npmjs.org/rollup/-/rollup-4.22.4.tgz 0ms (cache hit)
138 http cache reusify@https://registry.npmjs.org/reusify/-/reusify-1.1.0.tgz 0ms (cache hit)
139 http cache rimraf@https://registry.npmjs.org/rimraf/-/rimraf-3.0.2.tgz 0ms (cache hit)
140 http cache rfdc@https://registry.npmjs.org/rfdc/-/rfdc-1.4.1.tgz 0ms (cache hit)
141 http cache retry@https://registry.npmjs.org/retry/-/retry-0.12.0.tgz 0ms (cache hit)
142 http cache restore-cursor@https://registry.npmjs.org/restore-cursor/-/restore-cursor-5.1.0.tgz 0ms (cache hit)
143 http cache resolve-url-loader@https://registry.npmjs.org/resolve-url-loader/-/resolve-url-loader-5.0.0.tgz 0ms (cache hit)
144 http cache resolve-from@https://registry.npmjs.org/resolve-from/-/resolve-from-4.0.0.tgz 0ms (cache hit)
145 http cache resolve@https://registry.npmjs.org/resolve/-/resolve-1.22.8.tgz 0ms (cache hit)
146 http cache requires-port@https://registry.npmjs.org/requires-port/-/requires-port-1.0.0.tgz 0ms (cache hit)
147 http cache require-from-string@https://registry.npmjs.org/require-from-string/-/require-from-string-2.0.2.tgz 0ms (cache hit)
148 http cache regjsparser@https://registry.npmjs.org/regjsparser/-/regjsparser-0.13.0.tgz 0ms (cache hit)
149 http cache regjsgen@https://registry.npmjs.org/regjsgen/-/regjsgen-0.8.0.tgz 0ms (cache hit)
150 http cache require-directory@https://registry.npmjs.org/require-directory/-/require-directory-2.1.1.tgz 0ms (cache hit)
151 http cache regex-parser@https://registry.npmjs.org/regex-parser/-/regex-parser-2.3.1.tgz 0ms (cache hit)
152 http cache regexpu-core@https://registry.npmjs.org/regexpu-core/-/regexpu-core-6.4.0.tgz 0ms (cache hit)
153 http cache regenerator-runtime@https://registry.npmjs.org/regenerator-runtime/-/regenerator-runtime-0.14.1.tgz 0ms (cache hit)
154 http cache regenerate-unicode-properties@https://registry.npmjs.org/regenerate-unicode-properties/-/regenerate-unicode-properties-10.2.2.tgz 0ms (cache hit)
155 http cache reflect-metadata@https://registry.npmjs.org/reflect-metadata/-/reflect-metadata-0.2.2.tgz 0ms (cache hit)
156 http cache regenerate@https://registry.npmjs.org/regenerate/-/regenerate-1.4.2.tgz 0ms (cache hit)
157 http cache raw-body@https://registry.npmjs.org/raw-body/-/raw-body-2.5.3.tgz 0ms (cache hit)
158 http cache readdirp@https://registry.npmjs.org/readdirp/-/readdirp-3.6.0.tgz 0ms (cache hit)
159 http cache range-parser@https://registry.npmjs.org/range-parser/-/range-parser-1.2.1.tgz 0ms (cache hit)
160 http cache randombytes@https://registry.npmjs.org/randombytes/-/randombytes-2.1.0.tgz 0ms (cache hit)
161 http cache qjobs@https://registry.npmjs.org/qjobs/-/qjobs-1.2.0.tgz 0ms (cache hit)
162 http cache qs@https://registry.npmjs.org/qs/-/qs-6.14.2.tgz 0ms (cache hit)
163 http cache queue-microtask@https://registry.npmjs.org/queue-microtask/-/queue-microtask-1.2.3.tgz 0ms (cache hit)
164 http cache readable-stream@https://registry.npmjs.org/readable-stream/-/readable-stream-3.6.2.tgz 0ms (cache hit)
165 http cache punycode@https://registry.npmjs.org/punycode/-/punycode-1.4.1.tgz 0ms (cache hit)
166 http cache prr@https://registry.npmjs.org/prr/-/prr-1.0.1.tgz 0ms (cache hit)
167 http cache promise-retry@https://registry.npmjs.org/promise-retry/-/promise-retry-2.0.1.tgz 0ms (cache hit)
168 http cache proxy-addr@https://registry.npmjs.org/proxy-addr/-/proxy-addr-2.0.7.tgz 0ms (cache hit)
169 http cache promise-inflight@https://registry.npmjs.org/promise-inflight/-/promise-inflight-1.0.1.tgz 0ms (cache hit)
170 http cache proc-log@https://registry.npmjs.org/proc-log/-/proc-log-4.2.0.tgz 0ms (cache hit)
171 http cache process-nextick-args@https://registry.npmjs.org/process-nextick-args/-/process-nextick-args-2.0.1.tgz 0ms (cache hit)
172 http cache postcss-value-parser@https://registry.npmjs.org/postcss-value-parser/-/postcss-value-parser-4.2.0.tgz 0ms (cache hit)
173 http cache postcss-selector-parser@https://registry.npmjs.org/postcss-selector-parser/-/postcss-selector-parser-7.1.1.tgz 0ms (cache hit)
174 http cache postcss-modules-extract-imports@https://registry.npmjs.org/postcss-modules-extract-imports/-/postcss-modules-extract-imports-3.1.0.tgz 0ms (cache hit)
175 http cache postcss-modules-scope@https://registry.npmjs.org/postcss-modules-scope/-/postcss-modules-scope-3.2.1.tgz 0ms (cache hit)
176 http cache postcss-modules-values@https://registry.npmjs.org/postcss-modules-values/-/postcss-modules-values-4.0.0.tgz 0ms (cache hit)
177 http cache postcss-modules-local-by-default@https://registry.npmjs.org/postcss-modules-local-by-default/-/postcss-modules-local-by-default-4.2.0.tgz 0ms (cache hit)
178 http cache postcss-media-query-parser@https://registry.npmjs.org/postcss-media-query-parser/-/postcss-media-query-parser-0.2.3.tgz 0ms (cache hit)
179 http cache postcss-loader@https://registry.npmjs.org/postcss-loader/-/postcss-loader-8.1.1.tgz 0ms (cache hit)
180 http cache pkg-dir@https://registry.npmjs.org/pkg-dir/-/pkg-dir-7.0.0.tgz 0ms (cache hit)
181 http cache postcss@https://registry.npmjs.org/postcss/-/postcss-8.4.41.tgz 0ms (cache hit)
182 http cache piscina@https://registry.npmjs.org/piscina/-/piscina-4.6.1.tgz 0ms (cache hit)
183 http cache picomatch@https://registry.npmjs.org/picomatch/-/picomatch-4.0.2.tgz 0ms (cache hit)
184 http cache pify@https://registry.npmjs.org/pify/-/pify-4.0.1.tgz 0ms (cache hit)
185 http cache path-type@https://registry.npmjs.org/path-type/-/path-type-6.0.0.tgz 0ms (cache hit)
186 http cache picocolors@https://registry.npmjs.org/picocolors/-/picocolors-1.1.1.tgz 0ms (cache hit)
187 http cache path-to-regexp@https://registry.npmjs.org/path-to-regexp/-/path-to-regexp-0.1.13.tgz 0ms (cache hit)
188 http cache path-scurry@https://registry.npmjs.org/path-scurry/-/path-scurry-1.11.1.tgz 0ms (cache hit)
189 http cache path-key@https://registry.npmjs.org/path-key/-/path-key-3.1.1.tgz 0ms (cache hit)
190 http cache path-is-absolute@https://registry.npmjs.org/path-is-absolute/-/path-is-absolute-1.0.1.tgz 0ms (cache hit)
191 http cache path-parse@https://registry.npmjs.org/path-parse/-/path-parse-1.0.7.tgz 0ms (cache hit)
192 http cache path-exists@https://registry.npmjs.org/path-exists/-/path-exists-5.0.0.tgz 0ms (cache hit)
193 http cache parseurl@https://registry.npmjs.org/parseurl/-/parseurl-1.3.3.tgz 0ms (cache hit)
194 http cache parse5@https://registry.npmjs.org/parse5/-/parse5-7.3.0.tgz 0ms (cache hit)
195 http cache parse5-sax-parser@https://registry.npmjs.org/parse5-sax-parser/-/parse5-sax-parser-7.0.0.tgz 0ms (cache hit)
196 http cache parse-node-version@https://registry.npmjs.org/parse-node-version/-/parse-node-version-1.0.1.tgz 0ms (cache hit)
197 http cache parse5-html-rewriting-stream@https://registry.npmjs.org/parse5-html-rewriting-stream/-/parse5-html-rewriting-stream-7.0.0.tgz 0ms (cache hit)
198 http cache parent-module@https://registry.npmjs.org/parent-module/-/parent-module-1.0.1.tgz 0ms (cache hit)
199 http cache parse-json@https://registry.npmjs.org/parse-json/-/parse-json-5.2.0.tgz 0ms (cache hit)
200 http cache pacote@https://registry.npmjs.org/pacote/-/pacote-18.0.6.tgz 0ms (cache hit)
201 http cache p-retry@https://registry.npmjs.org/p-retry/-/p-retry-6.2.1.tgz 0ms (cache hit)
202 http cache p-map@https://registry.npmjs.org/p-map/-/p-map-4.0.0.tgz 0ms (cache hit)
203 http cache p-locate@https://registry.npmjs.org/p-locate/-/p-locate-6.0.0.tgz 0ms (cache hit)
204 http cache package-json-from-dist@https://registry.npmjs.org/package-json-from-dist/-/package-json-from-dist-1.0.1.tgz 0ms (cache hit)
205 http cache p-limit@https://registry.npmjs.org/p-limit/-/p-limit-4.0.0.tgz 0ms (cache hit)
206 http cache ordered-binary@https://registry.npmjs.org/ordered-binary/-/ordered-binary-1.6.1.tgz 0ms (cache hit)
207 http cache os-tmpdir@https://registry.npmjs.org/os-tmpdir/-/os-tmpdir-1.0.2.tgz 0ms (cache hit)
208 http cache ora@https://registry.npmjs.org/ora/-/ora-5.4.1.tgz 0ms (cache hit)
209 http cache onetime@https://registry.npmjs.org/onetime/-/onetime-7.0.0.tgz 0ms (cache hit)
210 http cache obuf@https://registry.npmjs.org/obuf/-/obuf-1.1.2.tgz 0ms (cache hit)
211 http cache open@https://registry.npmjs.org/open/-/open-10.1.0.tgz 0ms (cache hit)
212 http cache once@https://registry.npmjs.org/once/-/once-1.4.0.tgz 0ms (cache hit)
213 http cache on-headers@https://registry.npmjs.org/on-headers/-/on-headers-1.1.0.tgz 0ms (cache hit)
214 http cache object-assign@https://registry.npmjs.org/object-assign/-/object-assign-4.1.1.tgz 0ms (cache hit)
215 http cache object-inspect@https://registry.npmjs.org/object-inspect/-/object-inspect-1.13.4.tgz 0ms (cache hit)
216 http cache on-finished@https://registry.npmjs.org/on-finished/-/on-finished-2.4.1.tgz 0ms (cache hit)
217 http cache npm-pick-manifest@https://registry.npmjs.org/npm-pick-manifest/-/npm-pick-manifest-9.1.0.tgz 0ms (cache hit)
218 http cache npm-registry-fetch@https://registry.npmjs.org/npm-registry-fetch/-/npm-registry-fetch-17.1.0.tgz 0ms (cache hit)
219 http cache npm-packlist@https://registry.npmjs.org/npm-packlist/-/npm-packlist-8.0.2.tgz 0ms (cache hit)
220 http cache nth-check@https://registry.npmjs.org/nth-check/-/nth-check-2.1.1.tgz 0ms (cache hit)
221 http cache npm-package-arg@https://registry.npmjs.org/npm-package-arg/-/npm-package-arg-11.0.3.tgz 0ms (cache hit)
222 http cache npm-normalize-package-bin@https://registry.npmjs.org/npm-normalize-package-bin/-/npm-normalize-package-bin-3.0.1.tgz 0ms (cache hit)
223 http cache npm-bundled@https://registry.npmjs.org/npm-bundled/-/npm-bundled-3.0.1.tgz 0ms (cache hit)
224 http cache normalize-range@https://registry.npmjs.org/normalize-range/-/normalize-range-0.1.2.tgz 0ms (cache hit)
225 http cache npm-install-checks@https://registry.npmjs.org/npm-install-checks/-/npm-install-checks-6.3.0.tgz 0ms (cache hit)
226 http cache normalize-path@https://registry.npmjs.org/normalize-path/-/normalize-path-3.0.0.tgz 0ms (cache hit)
227 http cache normalize-package-data@https://registry.npmjs.org/normalize-package-data/-/normalize-package-data-6.0.2.tgz 0ms (cache hit)
228 http cache node-gyp-build-optional-packages@https://registry.npmjs.org/node-gyp-build-optional-packages/-/node-gyp-build-optional-packages-5.2.2.tgz 0ms (cache hit)
229 http cache node-gyp@https://registry.npmjs.org/node-gyp/-/node-gyp-10.3.1.tgz 0ms (cache hit)
230 http cache nopt@https://registry.npmjs.org/nopt/-/nopt-7.2.1.tgz 0ms (cache hit)
231 http cache node-releases@https://registry.npmjs.org/node-releases/-/node-releases-2.0.36.tgz 0ms (cache hit)
232 http cache node-forge@https://registry.npmjs.org/node-forge/-/node-forge-1.4.0.tgz 0ms (cache hit)
233 http cache node-addon-api@https://registry.npmjs.org/node-addon-api/-/node-addon-api-6.1.0.tgz 0ms (cache hit)
234 http cache neo-async@https://registry.npmjs.org/neo-async/-/neo-async-2.6.2.tgz 0ms (cache hit)
235 http cache negotiator@https://registry.npmjs.org/negotiator/-/negotiator-0.6.4.tgz 0ms (cache hit)
236 http cache needle@https://registry.npmjs.org/needle/-/needle-3.5.0.tgz 0ms (cache hit)
237 http cache nanoid@https://registry.npmjs.org/nanoid/-/nanoid-3.3.11.tgz 0ms (cache hit)
238 http cache mute-stream@https://registry.npmjs.org/mute-stream/-/mute-stream-1.0.0.tgz 0ms (cache hit)
239 http cache msgpackr-extract@https://registry.npmjs.org/msgpackr-extract/-/msgpackr-extract-3.0.3.tgz 0ms (cache hit)
240 http cache multicast-dns@https://registry.npmjs.org/multicast-dns/-/multicast-dns-7.2.5.tgz 0ms (cache hit)
241 http cache msgpackr@https://registry.npmjs.org/msgpackr/-/msgpackr-1.11.9.tgz 0ms (cache hit)
242 http cache ms@https://registry.npmjs.org/ms/-/ms-2.1.3.tgz 0ms (cache hit)
243 http cache mrmime@https://registry.npmjs.org/mrmime/-/mrmime-2.0.0.tgz 0ms (cache hit)
244 http cache mkdirp@https://registry.npmjs.org/mkdirp/-/mkdirp-0.5.6.tgz 0ms (cache hit)
245 http cache minipass-sized@https://registry.npmjs.org/minipass-sized/-/minipass-sized-1.0.3.tgz 0ms (cache hit)
246 http cache minizlib@https://registry.npmjs.org/minizlib/-/minizlib-2.1.2.tgz 0ms (cache hit)
247 http cache minipass-pipeline@https://registry.npmjs.org/minipass-pipeline/-/minipass-pipeline-1.2.4.tgz 0ms (cache hit)
248 http cache minipass-flush@https://registry.npmjs.org/minipass-flush/-/minipass-flush-1.0.7.tgz 0ms (cache hit)
249 http cache minipass-collect@https://registry.npmjs.org/minipass-collect/-/minipass-collect-2.0.1.tgz 0ms (cache hit)
250 http cache minipass-fetch@https://registry.npmjs.org/minipass-fetch/-/minipass-fetch-3.0.5.tgz 0ms (cache hit)
251 http cache minimist@https://registry.npmjs.org/minimist/-/minimist-1.2.8.tgz 0ms (cache hit)
252 http cache minimatch@https://registry.npmjs.org/minimatch/-/minimatch-3.1.5.tgz 0ms (cache hit)
253 http cache minipass@https://registry.npmjs.org/minipass/-/minipass-7.1.3.tgz 0ms (cache hit)
254 http cache minimalistic-assert@https://registry.npmjs.org/minimalistic-assert/-/minimalistic-assert-1.0.1.tgz 0ms (cache hit)
255 http cache mimic-function@https://registry.npmjs.org/mimic-function/-/mimic-function-5.0.1.tgz 0ms (cache hit)
256 http cache mini-css-extract-plugin@https://registry.npmjs.org/mini-css-extract-plugin/-/mini-css-extract-plugin-2.9.0.tgz 0ms (cache hit)
257 http cache mimic-fn@https://registry.npmjs.org/mimic-fn/-/mimic-fn-2.1.0.tgz 0ms (cache hit)
258 http cache mime-types@https://registry.npmjs.org/mime-types/-/mime-types-2.1.35.tgz 1ms (cache hit)
259 http cache mime-db@https://registry.npmjs.org/mime-db/-/mime-db-1.52.0.tgz 0ms (cache hit)
260 http cache methods@https://registry.npmjs.org/methods/-/methods-1.1.2.tgz 0ms (cache hit)
261 http cache mime@https://registry.npmjs.org/mime/-/mime-2.6.0.tgz 0ms (cache hit)
262 http cache micromatch@https://registry.npmjs.org/micromatch/-/micromatch-4.0.8.tgz 0ms (cache hit)
263 http cache merge2@https://registry.npmjs.org/merge2/-/merge2-1.4.1.tgz 0ms (cache hit)
264 http cache merge-stream@https://registry.npmjs.org/merge-stream/-/merge-stream-2.0.0.tgz 0ms (cache hit)
265 http cache merge-descriptors@https://registry.npmjs.org/merge-descriptors/-/merge-descriptors-1.0.3.tgz 0ms (cache hit)
266 http cache media-typer@https://registry.npmjs.org/media-typer/-/media-typer-0.3.0.tgz 0ms (cache hit)
267 http cache memfs@https://registry.npmjs.org/memfs/-/memfs-4.57.1.tgz 0ms (cache hit)
268 http cache math-intrinsics@https://registry.npmjs.org/math-intrinsics/-/math-intrinsics-1.1.0.tgz 0ms (cache hit)
269 http cache make-fetch-happen@https://registry.npmjs.org/make-fetch-happen/-/make-fetch-happen-13.0.1.tgz 0ms (cache hit)
270 http cache log4js@https://registry.npmjs.org/log4js/-/log4js-6.9.1.tgz 0ms (cache hit)
271 http cache make-dir@https://registry.npmjs.org/make-dir/-/make-dir-4.0.0.tgz 0ms (cache hit)
272 http cache lru-cache@https://registry.npmjs.org/lru-cache/-/lru-cache-5.1.1.tgz 0ms (cache hit)
273 http cache magic-string@https://registry.npmjs.org/magic-string/-/magic-string-0.30.11.tgz 0ms (cache hit)
274 http cache log-update@https://registry.npmjs.org/log-update/-/log-update-6.1.0.tgz 0ms (cache hit)
275 http cache lodash.debounce@https://registry.npmjs.org/lodash.debounce/-/lodash.debounce-4.0.8.tgz 0ms (cache hit)
276 http cache log-symbols@https://registry.npmjs.org/log-symbols/-/log-symbols-4.1.0.tgz 0ms (cache hit)
277 http cache loader-utils@https://registry.npmjs.org/loader-utils/-/loader-utils-3.3.1.tgz 0ms (cache hit)
278 http cache locate-path@https://registry.npmjs.org/locate-path/-/locate-path-7.2.0.tgz 0ms (cache hit)
279 http cache lodash@https://registry.npmjs.org/lodash/-/lodash-4.17.23.tgz 0ms (cache hit)
280 http cache lmdb@https://registry.npmjs.org/lmdb/-/lmdb-3.0.13.tgz 0ms (cache hit)
281 http cache listr2@https://registry.npmjs.org/listr2/-/listr2-8.2.4.tgz 0ms (cache hit)
282 http cache lines-and-columns@https://registry.npmjs.org/lines-and-columns/-/lines-and-columns-1.2.4.tgz 0ms (cache hit)
283 http cache less-loader@https://registry.npmjs.org/less-loader/-/less-loader-12.2.0.tgz 0ms (cache hit)
284 http cache loader-runner@https://registry.npmjs.org/loader-runner/-/loader-runner-4.3.1.tgz 0ms (cache hit)
285 http cache license-webpack-plugin@https://registry.npmjs.org/license-webpack-plugin/-/license-webpack-plugin-4.0.2.tgz 0ms (cache hit)
286 http cache launch-editor@https://registry.npmjs.org/launch-editor/-/launch-editor-2.13.2.tgz 0ms (cache hit)
287 http cache kind-of@https://registry.npmjs.org/kind-of/-/kind-of-6.0.3.tgz 0ms (cache hit)
288 http cache karma-jasmine-html-reporter@https://registry.npmjs.org/karma-jasmine-html-reporter/-/karma-jasmine-html-reporter-2.1.0.tgz 0ms (cache hit)
289 http cache less@https://registry.npmjs.org/less/-/less-4.2.0.tgz 0ms (cache hit)
290 http cache karma-coverage@https://registry.npmjs.org/karma-coverage/-/karma-coverage-2.2.1.tgz 0ms (cache hit)
291 http cache karma-source-map-support@https://registry.npmjs.org/karma-source-map-support/-/karma-source-map-support-1.4.0.tgz 0ms (cache hit)
292 http cache karma-chrome-launcher@https://registry.npmjs.org/karma-chrome-launcher/-/karma-chrome-launcher-3.2.0.tgz 0ms (cache hit)
293 http cache karma-jasmine@https://registry.npmjs.org/karma-jasmine/-/karma-jasmine-5.1.0.tgz 0ms (cache hit)
294 http cache karma@https://registry.npmjs.org/karma/-/karma-6.4.4.tgz 0ms (cache hit)
295 http cache jsonc-parser@https://registry.npmjs.org/jsonc-parser/-/jsonc-parser-3.3.1.tgz 0ms (cache hit)
296 http cache jsonparse@https://registry.npmjs.org/jsonparse/-/jsonparse-1.3.1.tgz 0ms (cache hit)
297 http cache jsonfile@https://registry.npmjs.org/jsonfile/-/jsonfile-4.0.0.tgz 0ms (cache hit)
298 http cache json-schema-traverse@https://registry.npmjs.org/json-schema-traverse/-/json-schema-traverse-1.0.0.tgz 0ms (cache hit)
299 http cache js-yaml@https://registry.npmjs.org/js-yaml/-/js-yaml-4.1.1.tgz 0ms (cache hit)
300 http cache json5@https://registry.npmjs.org/json5/-/json5-2.2.3.tgz 0ms (cache hit)
301 http cache json-parse-even-better-errors@https://registry.npmjs.org/json-parse-even-better-errors/-/json-parse-even-better-errors-3.0.2.tgz 0ms (cache hit)
302 http cache jsesc@https://registry.npmjs.org/jsesc/-/jsesc-3.1.0.tgz 0ms (cache hit)
303 http cache js-tokens@https://registry.npmjs.org/js-tokens/-/js-tokens-4.0.0.tgz 0ms (cache hit)
304 http cache jiti@https://registry.npmjs.org/jiti/-/jiti-1.21.7.tgz 0ms (cache hit)
305 http cache jackspeak@https://registry.npmjs.org/jackspeak/-/jackspeak-3.4.3.tgz 0ms (cache hit)
306 http cache jasmine-core@https://registry.npmjs.org/jasmine-core/-/jasmine-core-5.2.0.tgz 0ms (cache hit)
307 http cache istanbul-reports@https://registry.npmjs.org/istanbul-reports/-/istanbul-reports-3.2.0.tgz 0ms (cache hit)
308 http cache jest-worker@https://registry.npmjs.org/jest-worker/-/jest-worker-27.5.1.tgz 0ms (cache hit)
309 http cache istanbul-lib-source-maps@https://registry.npmjs.org/istanbul-lib-source-maps/-/istanbul-lib-source-maps-4.0.1.tgz 0ms (cache hit)
310 http cache istanbul-lib-report@https://registry.npmjs.org/istanbul-lib-report/-/istanbul-lib-report-3.0.1.tgz 0ms (cache hit)
311 http cache istanbul-lib-instrument@https://registry.npmjs.org/istanbul-lib-instrument/-/istanbul-lib-instrument-6.0.3.tgz 0ms (cache hit)
312 http cache isobject@https://registry.npmjs.org/isobject/-/isobject-3.0.1.tgz 0ms (cache hit)
313 http cache isexe@https://registry.npmjs.org/isexe/-/isexe-2.0.0.tgz 0ms (cache hit)
314 http cache istanbul-lib-coverage@https://registry.npmjs.org/istanbul-lib-coverage/-/istanbul-lib-coverage-3.2.2.tgz 0ms (cache hit)
315 http cache isarray@https://registry.npmjs.org/isarray/-/isarray-1.0.0.tgz 0ms (cache hit)
316 http cache is-wsl@https://registry.npmjs.org/is-wsl/-/is-wsl-3.1.1.tgz 0ms (cache hit)
317 http cache isbinaryfile@https://registry.npmjs.org/isbinaryfile/-/isbinaryfile-4.0.10.tgz 0ms (cache hit)
318 http cache is-what@https://registry.npmjs.org/is-what/-/is-what-3.14.1.tgz 0ms (cache hit)
319 http cache is-unicode-supported@https://registry.npmjs.org/is-unicode-supported/-/is-unicode-supported-0.1.0.tgz 0ms (cache hit)
320 http cache is-number@https://registry.npmjs.org/is-number/-/is-number-7.0.0.tgz 0ms (cache hit)
321 http cache is-regex@https://registry.npmjs.org/is-regex/-/is-regex-1.2.1.tgz 0ms (cache hit)
322 http cache is-plain-obj@https://registry.npmjs.org/is-plain-obj/-/is-plain-obj-3.0.0.tgz 0ms (cache hit)
323 http cache is-network-error@https://registry.npmjs.org/is-network-error/-/is-network-error-1.3.1.tgz 0ms (cache hit)
324 http cache is-plain-object@https://registry.npmjs.org/is-plain-object/-/is-plain-object-5.0.0.tgz 0ms (cache hit)
325 http cache is-lambda@https://registry.npmjs.org/is-lambda/-/is-lambda-1.0.1.tgz 0ms (cache hit)
326 http cache is-inside-container@https://registry.npmjs.org/is-inside-container/-/is-inside-container-1.0.0.tgz 0ms (cache hit)
327 http cache is-fullwidth-code-point@https://registry.npmjs.org/is-fullwidth-code-point/-/is-fullwidth-code-point-4.0.0.tgz 0ms (cache hit)
328 http cache is-interactive@https://registry.npmjs.org/is-interactive/-/is-interactive-1.0.0.tgz 0ms (cache hit)
329 http cache is-glob@https://registry.npmjs.org/is-glob/-/is-glob-4.0.3.tgz 0ms (cache hit)
330 http cache is-core-module@https://registry.npmjs.org/is-core-module/-/is-core-module-2.16.1.tgz 0ms (cache hit)
331 http cache is-extglob@https://registry.npmjs.org/is-extglob/-/is-extglob-2.1.1.tgz 0ms (cache hit)
332 http cache is-docker@https://registry.npmjs.org/is-docker/-/is-docker-3.0.0.tgz 0ms (cache hit)
333 http cache is-arrayish@https://registry.npmjs.org/is-arrayish/-/is-arrayish-0.2.1.tgz 0ms (cache hit)
334 http cache ipaddr.js@https://registry.npmjs.org/ipaddr.js/-/ipaddr.js-2.3.0.tgz 0ms (cache hit)
335 http cache is-binary-path@https://registry.npmjs.org/is-binary-path/-/is-binary-path-2.1.0.tgz 0ms (cache hit)
336 http cache ini@https://registry.npmjs.org/ini/-/ini-4.1.3.tgz 0ms (cache hit)
337 http cache ip-address@https://registry.npmjs.org/ip-address/-/ip-address-10.1.0.tgz 0ms (cache hit)
338 http cache inherits@https://registry.npmjs.org/inherits/-/inherits-2.0.4.tgz 0ms (cache hit)
339 http cache indent-string@https://registry.npmjs.org/indent-string/-/indent-string-4.0.0.tgz 0ms (cache hit)
340 http cache inflight@https://registry.npmjs.org/inflight/-/inflight-1.0.6.tgz 0ms (cache hit)
341 http cache import-fresh@https://registry.npmjs.org/import-fresh/-/import-fresh-3.3.1.tgz 0ms (cache hit)
342 http cache immutable@https://registry.npmjs.org/immutable/-/immutable-4.3.8.tgz 0ms (cache hit)
343 http cache imurmurhash@https://registry.npmjs.org/imurmurhash/-/imurmurhash-0.1.4.tgz 0ms (cache hit)
344 http cache ignore-walk@https://registry.npmjs.org/ignore-walk/-/ignore-walk-6.0.5.tgz 0ms (cache hit)
345 http cache image-size@https://registry.npmjs.org/image-size/-/image-size-0.5.5.tgz 0ms (cache hit)
346 http cache ignore@https://registry.npmjs.org/ignore/-/ignore-7.0.5.tgz 0ms (cache hit)
347 http cache icss-utils@https://registry.npmjs.org/icss-utils/-/icss-utils-5.1.0.tgz 0ms (cache hit)
348 http cache ieee754@https://registry.npmjs.org/ieee754/-/ieee754-1.2.1.tgz 0ms (cache hit)
349 http cache iconv-lite@https://registry.npmjs.org/iconv-lite/-/iconv-lite-0.4.24.tgz 0ms (cache hit)
350 http cache https-proxy-agent@https://registry.npmjs.org/https-proxy-agent/-/https-proxy-agent-7.0.5.tgz 0ms (cache hit)
351 http cache hyperdyperid@https://registry.npmjs.org/hyperdyperid/-/hyperdyperid-1.2.0.tgz 0ms (cache hit)
352 http cache http-proxy-agent@https://registry.npmjs.org/http-proxy-agent/-/http-proxy-agent-7.0.2.tgz 0ms (cache hit)
353 http cache http-proxy@https://registry.npmjs.org/http-proxy/-/http-proxy-1.18.1.tgz 0ms (cache hit)
354 http cache http-proxy-middleware@https://registry.npmjs.org/http-proxy-middleware/-/http-proxy-middleware-3.0.5.tgz 0ms (cache hit)
355 http cache http-errors@https://registry.npmjs.org/http-errors/-/http-errors-2.0.1.tgz 0ms (cache hit)
356 http cache http-parser-js@https://registry.npmjs.org/http-parser-js/-/http-parser-js-0.5.10.tgz 0ms (cache hit)
357 http cache http-cache-semantics@https://registry.npmjs.org/http-cache-semantics/-/http-cache-semantics-4.2.0.tgz 0ms (cache hit)
358 http cache htmlparser2@https://registry.npmjs.org/htmlparser2/-/htmlparser2-8.0.2.tgz 0ms (cache hit)
359 http cache http-deceiver@https://registry.npmjs.org/http-deceiver/-/http-deceiver-1.2.7.tgz 0ms (cache hit)
360 http cache html-escaper@https://registry.npmjs.org/html-escaper/-/html-escaper-2.0.2.tgz 0ms (cache hit)
361 http cache hosted-git-info@https://registry.npmjs.org/hosted-git-info/-/hosted-git-info-7.0.2.tgz 0ms (cache hit)
362 http cache hasown@https://registry.npmjs.org/hasown/-/hasown-2.0.2.tgz 0ms (cache hit)
363 http cache has-tostringtag@https://registry.npmjs.org/has-tostringtag/-/has-tostringtag-1.0.2.tgz 0ms (cache hit)
364 http cache hpack.js@https://registry.npmjs.org/hpack.js/-/hpack.js-2.1.6.tgz 0ms (cache hit)
365 http cache has-symbols@https://registry.npmjs.org/has-symbols/-/has-symbols-1.1.0.tgz 0ms (cache hit)
366 http cache has-flag@https://registry.npmjs.org/has-flag/-/has-flag-4.0.0.tgz 0ms (cache hit)
367 http cache globby@https://registry.npmjs.org/globby/-/globby-14.1.0.tgz 0ms (cache hit)
368 http cache handle-thing@https://registry.npmjs.org/handle-thing/-/handle-thing-2.0.1.tgz 0ms (cache hit)
369 http cache gopd@https://registry.npmjs.org/gopd/-/gopd-1.2.0.tgz 0ms (cache hit)
370 http cache glob-to-regex.js@https://registry.npmjs.org/glob-to-regex.js/-/glob-to-regex.js-1.2.0.tgz 0ms (cache hit)
371 http cache graceful-fs@https://registry.npmjs.org/graceful-fs/-/graceful-fs-4.2.11.tgz 0ms (cache hit)
372 http cache glob-parent@https://registry.npmjs.org/glob-parent/-/glob-parent-6.0.2.tgz 0ms (cache hit)
373 http cache glob-to-regexp@https://registry.npmjs.org/glob-to-regexp/-/glob-to-regexp-0.4.1.tgz 0ms (cache hit)
374 http cache glob@https://registry.npmjs.org/glob/-/glob-7.2.3.tgz 0ms (cache hit)
375 http cache get-proto@https://registry.npmjs.org/get-proto/-/get-proto-1.0.1.tgz 0ms (cache hit)
376 http cache get-intrinsic@https://registry.npmjs.org/get-intrinsic/-/get-intrinsic-1.3.0.tgz 0ms (cache hit)
377 http cache get-caller-file@https://registry.npmjs.org/get-caller-file/-/get-caller-file-2.0.5.tgz 0ms (cache hit)
378 http cache get-east-asian-width@https://registry.npmjs.org/get-east-asian-width/-/get-east-asian-width-1.5.0.tgz 0ms (cache hit)
379 http cache fs.realpath@https://registry.npmjs.org/fs.realpath/-/fs.realpath-1.0.0.tgz 0ms (cache hit)
380 http cache function-bind@https://registry.npmjs.org/function-bind/-/function-bind-1.1.2.tgz 0ms (cache hit)
381 http cache gensync@https://registry.npmjs.org/gensync/-/gensync-1.0.0-beta.2.tgz 0ms (cache hit)
382 http cache fs-minipass@https://registry.npmjs.org/fs-minipass/-/fs-minipass-3.0.3.tgz 0ms (cache hit)
383 http cache fresh@https://registry.npmjs.org/fresh/-/fresh-0.5.2.tgz 0ms (cache hit)
384 http cache fs-extra@https://registry.npmjs.org/fs-extra/-/fs-extra-8.1.0.tgz 0ms (cache hit)
385 http cache fraction.js@https://registry.npmjs.org/fraction.js/-/fraction.js-4.3.7.tgz 0ms (cache hit)
386 http cache foreground-child@https://registry.npmjs.org/foreground-child/-/foreground-child-3.3.1.tgz 0ms (cache hit)
387 http cache forwarded@https://registry.npmjs.org/forwarded/-/forwarded-0.2.0.tgz 1ms (cache hit)
388 http cache flatted@https://registry.npmjs.org/flatted/-/flatted-3.4.2.tgz 0ms (cache hit)
389 http cache follow-redirects@https://registry.npmjs.org/follow-redirects/-/follow-redirects-1.15.11.tgz 0ms (cache hit)
390 http cache flat@https://registry.npmjs.org/flat/-/flat-5.0.2.tgz 0ms (cache hit)
391 http cache find-up@https://registry.npmjs.org/find-up/-/find-up-6.3.0.tgz 0ms (cache hit)
392 http cache find-cache-dir@https://registry.npmjs.org/find-cache-dir/-/find-cache-dir-4.0.0.tgz 0ms (cache hit)
393 http cache fill-range@https://registry.npmjs.org/fill-range/-/fill-range-7.1.1.tgz 0ms (cache hit)
394 http cache finalhandler@https://registry.npmjs.org/finalhandler/-/finalhandler-1.1.2.tgz 0ms (cache hit)
395 http cache fast-uri@https://registry.npmjs.org/fast-uri/-/fast-uri-3.1.0.tgz 0ms (cache hit)
396 http cache faye-websocket@https://registry.npmjs.org/faye-websocket/-/faye-websocket-0.11.4.tgz 0ms (cache hit)
397 http cache fastq@https://registry.npmjs.org/fastq/-/fastq-1.20.1.tgz 0ms (cache hit)
398 http cache fast-json-stable-stringify@https://registry.npmjs.org/fast-json-stable-stringify/-/fast-json-stable-stringify-2.1.0.tgz 0ms (cache hit)
399 http cache fast-glob@https://registry.npmjs.org/fast-glob/-/fast-glob-3.3.2.tgz 0ms (cache hit)
400 http cache fast-deep-equal@https://registry.npmjs.org/fast-deep-equal/-/fast-deep-equal-3.1.3.tgz 0ms (cache hit)
401 http cache extend@https://registry.npmjs.org/extend/-/extend-3.0.2.tgz 0ms (cache hit)
402 http cache external-editor@https://registry.npmjs.org/external-editor/-/external-editor-3.1.0.tgz 0ms (cache hit)
403 http cache express@https://registry.npmjs.org/express/-/express-4.22.1.tgz 0ms (cache hit)
404 http cache exponential-backoff@https://registry.npmjs.org/exponential-backoff/-/exponential-backoff-3.1.3.tgz 1ms (cache hit)
405 http cache events@https://registry.npmjs.org/events/-/events-3.3.0.tgz 0ms (cache hit)
406 http cache esutils@https://registry.npmjs.org/esutils/-/esutils-2.0.3.tgz 0ms (cache hit)
407 http cache etag@https://registry.npmjs.org/etag/-/etag-1.8.1.tgz 0ms (cache hit)
408 http cache eventemitter3@https://registry.npmjs.org/eventemitter3/-/eventemitter3-4.0.7.tgz 0ms (cache hit)
409 http cache esrecurse@https://registry.npmjs.org/esrecurse/-/esrecurse-4.3.0.tgz 0ms (cache hit)
410 http cache estraverse@https://registry.npmjs.org/estraverse/-/estraverse-4.3.0.tgz 0ms (cache hit)
411 http cache escalade@https://registry.npmjs.org/escalade/-/escalade-3.2.0.tgz 0ms (cache hit)
412 http cache eslint-scope@https://registry.npmjs.org/eslint-scope/-/eslint-scope-5.1.1.tgz 0ms (cache hit)
413 http cache esbuild-wasm@https://registry.npmjs.org/esbuild-wasm/-/esbuild-wasm-0.23.0.tgz 0ms (cache hit)
414 http cache escape-html@https://registry.npmjs.org/escape-html/-/escape-html-1.0.3.tgz 0ms (cache hit)
415 http cache es-module-lexer@https://registry.npmjs.org/es-module-lexer/-/es-module-lexer-1.7.0.tgz 0ms (cache hit)
416 http cache es-define-property@https://registry.npmjs.org/es-define-property/-/es-define-property-1.0.1.tgz 0ms (cache hit)
417 http cache esbuild@https://registry.npmjs.org/esbuild/-/esbuild-0.23.0.tgz 0ms (cache hit)
418 http cache es-object-atoms@https://registry.npmjs.org/es-object-atoms/-/es-object-atoms-1.1.1.tgz 0ms (cache hit)
419 http cache es-errors@https://registry.npmjs.org/es-errors/-/es-errors-1.3.0.tgz 0ms (cache hit)
420 http cache error-ex@https://registry.npmjs.org/error-ex/-/error-ex-1.3.4.tgz 0ms (cache hit)
421 http cache errno@https://registry.npmjs.org/errno/-/errno-0.1.8.tgz 0ms (cache hit)
422 http cache err-code@https://registry.npmjs.org/err-code/-/err-code-2.0.3.tgz 0ms (cache hit)
423 http cache entities@https://registry.npmjs.org/entities/-/entities-4.5.0.tgz 0ms (cache hit)
424 http cache env-paths@https://registry.npmjs.org/env-paths/-/env-paths-2.2.1.tgz 0ms (cache hit)
425 http cache ent@https://registry.npmjs.org/ent/-/ent-2.2.2.tgz 0ms (cache hit)
426 http cache environment@https://registry.npmjs.org/environment/-/environment-1.1.0.tgz 0ms (cache hit)
427 http cache engine.io-parser@https://registry.npmjs.org/engine.io-parser/-/engine.io-parser-5.2.3.tgz 0ms (cache hit)
428 http cache enhanced-resolve@https://registry.npmjs.org/enhanced-resolve/-/enhanced-resolve-5.20.1.tgz 0ms (cache hit)
429 http cache encoding@https://registry.npmjs.org/encoding/-/encoding-0.1.13.tgz 0ms (cache hit)
430 http cache encodeurl@https://registry.npmjs.org/encodeurl/-/encodeurl-1.0.2.tgz 0ms (cache hit)
431 http cache engine.io@https://registry.npmjs.org/engine.io/-/engine.io-6.6.6.tgz 0ms (cache hit)
432 http cache emojis-list@https://registry.npmjs.org/emojis-list/-/emojis-list-3.0.0.tgz 0ms (cache hit)
433 http cache emoji-regex@https://registry.npmjs.org/emoji-regex/-/emoji-regex-10.6.0.tgz 0ms (cache hit)
434 http cache ee-first@https://registry.npmjs.org/ee-first/-/ee-first-1.1.1.tgz 0ms (cache hit)
435 http cache electron-to-chromium@https://registry.npmjs.org/electron-to-chromium/-/electron-to-chromium-1.5.328.tgz 0ms (cache hit)
436 http cache eastasianwidth@https://registry.npmjs.org/eastasianwidth/-/eastasianwidth-0.2.0.tgz 0ms (cache hit)
437 http cache dunder-proto@https://registry.npmjs.org/dunder-proto/-/dunder-proto-1.0.1.tgz 0ms (cache hit)
438 http cache domhandler@https://registry.npmjs.org/domhandler/-/domhandler-5.0.3.tgz 0ms (cache hit)
439 http cache domelementtype@https://registry.npmjs.org/domelementtype/-/domelementtype-2.3.0.tgz 0ms (cache hit)
440 http cache dom-serializer@https://registry.npmjs.org/dom-serializer/-/dom-serializer-2.0.0.tgz 0ms (cache hit)
441 http cache domutils@https://registry.npmjs.org/domutils/-/domutils-3.2.2.tgz 0ms (cache hit)
442 http cache dom-serialize@https://registry.npmjs.org/dom-serialize/-/dom-serialize-2.2.1.tgz 0ms (cache hit)
443 http cache dns-packet@https://registry.npmjs.org/dns-packet/-/dns-packet-5.6.1.tgz 0ms (cache hit)
444 http cache di@https://registry.npmjs.org/di/-/di-0.0.1.tgz 0ms (cache hit)
445 http cache detect-node@https://registry.npmjs.org/detect-node/-/detect-node-2.1.0.tgz 0ms (cache hit)
446 http cache destroy@https://registry.npmjs.org/destroy/-/destroy-1.2.0.tgz 0ms (cache hit)
447 http cache detect-libc@https://registry.npmjs.org/detect-libc/-/detect-libc-2.1.2.tgz 0ms (cache hit)
448 http cache depd@https://registry.npmjs.org/depd/-/depd-2.0.0.tgz 0ms (cache hit)
449 http cache define-lazy-prop@https://registry.npmjs.org/define-lazy-prop/-/define-lazy-prop-3.0.0.tgz 0ms (cache hit)
450 http cache defaults@https://registry.npmjs.org/defaults/-/defaults-1.0.4.tgz 0ms (cache hit)
451 http cache default-browser-id@https://registry.npmjs.org/default-browser-id/-/default-browser-id-5.0.1.tgz 0ms (cache hit)
452 http cache default-browser@https://registry.npmjs.org/default-browser/-/default-browser-5.5.0.tgz 0ms (cache hit)
453 http cache debug@https://registry.npmjs.org/debug/-/debug-4.4.3.tgz 0ms (cache hit)
454 http cache date-format@https://registry.npmjs.org/date-format/-/date-format-4.0.14.tgz 0ms (cache hit)
455 http cache custom-event@https://registry.npmjs.org/custom-event/-/custom-event-1.0.1.tgz 0ms (cache hit)
456 http cache css-select@https://registry.npmjs.org/css-select/-/css-select-5.2.2.tgz 0ms (cache hit)
457 http cache cssesc@https://registry.npmjs.org/cssesc/-/cssesc-3.0.0.tgz 0ms (cache hit)
458 http cache css-loader@https://registry.npmjs.org/css-loader/-/css-loader-7.1.2.tgz 0ms (cache hit)
459 http cache css-what@https://registry.npmjs.org/css-what/-/css-what-6.2.2.tgz 0ms (cache hit)
460 http cache critters@https://registry.npmjs.org/critters/-/critters-0.0.24.tgz 0ms (cache hit)
461 http cache cross-spawn@https://registry.npmjs.org/cross-spawn/-/cross-spawn-7.0.6.tgz 0ms (cache hit)
462 http cache cosmiconfig@https://registry.npmjs.org/cosmiconfig/-/cosmiconfig-9.0.1.tgz 0ms (cache hit)
463 http cache core-util-is@https://registry.npmjs.org/core-util-is/-/core-util-is-1.0.3.tgz 0ms (cache hit)
464 http cache cors@https://registry.npmjs.org/cors/-/cors-2.8.6.tgz 0ms (cache hit)
465 http cache copy-webpack-plugin@https://registry.npmjs.org/copy-webpack-plugin/-/copy-webpack-plugin-12.0.2.tgz 0ms (cache hit)
466 http cache core-js-compat@https://registry.npmjs.org/core-js-compat/-/core-js-compat-3.49.0.tgz 0ms (cache hit)
467 http cache copy-anything@https://registry.npmjs.org/copy-anything/-/copy-anything-2.0.6.tgz 0ms (cache hit)
468 http cache cookie@https://registry.npmjs.org/cookie/-/cookie-0.7.2.tgz 0ms (cache hit)
469 http cache cookie-signature@https://registry.npmjs.org/cookie-signature/-/cookie-signature-1.0.7.tgz 0ms (cache hit)
470 http cache content-type@https://registry.npmjs.org/content-type/-/content-type-1.0.5.tgz 0ms (cache hit)
471 http cache convert-source-map@https://registry.npmjs.org/convert-source-map/-/convert-source-map-1.9.0.tgz 0ms (cache hit)
472 http cache connect-history-api-fallback@https://registry.npmjs.org/connect-history-api-fallback/-/connect-history-api-fallback-2.0.0.tgz 0ms (cache hit)
473 http cache concat-map@https://registry.npmjs.org/concat-map/-/concat-map-0.0.1.tgz 0ms (cache hit)
474 http cache content-disposition@https://registry.npmjs.org/content-disposition/-/content-disposition-0.5.4.tgz 0ms (cache hit)
475 http cache connect@https://registry.npmjs.org/connect/-/connect-3.7.0.tgz 0ms (cache hit)
476 http cache compression@https://registry.npmjs.org/compression/-/compression-1.8.1.tgz 0ms (cache hit)
477 http cache compressible@https://registry.npmjs.org/compressible/-/compressible-2.0.18.tgz 0ms (cache hit)
478 http cache common-path-prefix@https://registry.npmjs.org/common-path-prefix/-/common-path-prefix-3.0.0.tgz 0ms (cache hit)
479 http cache colorette@https://registry.npmjs.org/colorette/-/colorette-2.0.20.tgz 0ms (cache hit)
480 http cache commander@https://registry.npmjs.org/commander/-/commander-2.20.3.tgz 0ms (cache hit)
481 http cache color-convert@https://registry.npmjs.org/color-convert/-/color-convert-2.0.1.tgz 0ms (cache hit)
482 http cache clone-deep@https://registry.npmjs.org/clone-deep/-/clone-deep-4.0.1.tgz 0ms (cache hit)
483 http cache color-name@https://registry.npmjs.org/color-name/-/color-name-1.1.4.tgz 0ms (cache hit)
484 http cache cli-truncate@https://registry.npmjs.org/cli-truncate/-/cli-truncate-4.0.0.tgz 0ms (cache hit)
485 http cache clone@https://registry.npmjs.org/clone/-/clone-1.0.4.tgz 0ms (cache hit)
486 http cache cliui@https://registry.npmjs.org/cliui/-/cliui-8.0.1.tgz 0ms (cache hit)
487 http cache cli-spinners@https://registry.npmjs.org/cli-spinners/-/cli-spinners-2.9.2.tgz 0ms (cache hit)
488 http cache cli-width@https://registry.npmjs.org/cli-width/-/cli-width-4.1.0.tgz 0ms (cache hit)
489 http cache cli-cursor@https://registry.npmjs.org/cli-cursor/-/cli-cursor-5.0.0.tgz 0ms (cache hit)
490 http cache clean-stack@https://registry.npmjs.org/clean-stack/-/clean-stack-2.2.0.tgz 0ms (cache hit)
491 http cache chownr@https://registry.npmjs.org/chownr/-/chownr-2.0.0.tgz 0ms (cache hit)
492 http cache chrome-trace-event@https://registry.npmjs.org/chrome-trace-event/-/chrome-trace-event-1.0.4.tgz 0ms (cache hit)
493 http cache chokidar@https://registry.npmjs.org/chokidar/-/chokidar-3.6.0.tgz 0ms (cache hit)
494 http cache chalk@https://registry.npmjs.org/chalk/-/chalk-4.1.2.tgz 0ms (cache hit)
495 http cache callsites@https://registry.npmjs.org/callsites/-/callsites-3.1.0.tgz 0ms (cache hit)
496 http cache chardet@https://registry.npmjs.org/chardet/-/chardet-0.7.0.tgz 0ms (cache hit)
497 http cache caniuse-lite@https://registry.npmjs.org/caniuse-lite/-/caniuse-lite-1.0.30001782.tgz 0ms (cache hit)
498 http cache call-bind-apply-helpers@https://registry.npmjs.org/call-bind-apply-helpers/-/call-bind-apply-helpers-1.0.2.tgz 0ms (cache hit)
499 http cache call-bound@https://registry.npmjs.org/call-bound/-/call-bound-1.0.4.tgz 0ms (cache hit)
500 http cache cacache@https://registry.npmjs.org/cacache/-/cacache-18.0.4.tgz 0ms (cache hit)
501 http cache bytes@https://registry.npmjs.org/bytes/-/bytes-3.1.2.tgz 0ms (cache hit)
502 http cache bundle-name@https://registry.npmjs.org/bundle-name/-/bundle-name-4.1.0.tgz 0ms (cache hit)
503 http cache buffer@https://registry.npmjs.org/buffer/-/buffer-5.7.1.tgz 0ms (cache hit)
504 http cache browserslist@https://registry.npmjs.org/browserslist/-/browserslist-4.28.1.tgz 0ms (cache hit)
505 http cache buffer-from@https://registry.npmjs.org/buffer-from/-/buffer-from-1.1.2.tgz 0ms (cache hit)
506 http cache brace-expansion@https://registry.npmjs.org/brace-expansion/-/brace-expansion-1.1.13.tgz 0ms (cache hit)
507 http cache braces@https://registry.npmjs.org/braces/-/braces-3.0.3.tgz 0ms (cache hit)
508 http cache bonjour-service@https://registry.npmjs.org/bonjour-service/-/bonjour-service-1.3.0.tgz 0ms (cache hit)
509 http cache bl@https://registry.npmjs.org/bl/-/bl-4.1.0.tgz 0ms (cache hit)
510 http cache boolbase@https://registry.npmjs.org/boolbase/-/boolbase-1.0.0.tgz 0ms (cache hit)
511 http cache body-parser@https://registry.npmjs.org/body-parser/-/body-parser-1.20.4.tgz 0ms (cache hit)
512 http cache binary-extensions@https://registry.npmjs.org/binary-extensions/-/binary-extensions-2.3.0.tgz 0ms (cache hit)
513 http cache baseline-browser-mapping@https://registry.npmjs.org/baseline-browser-mapping/-/baseline-browser-mapping-2.10.12.tgz 0ms (cache hit)
514 http cache base64id@https://registry.npmjs.org/base64id/-/base64id-2.0.0.tgz 0ms (cache hit)
515 http cache big.js@https://registry.npmjs.org/big.js/-/big.js-5.2.2.tgz 0ms (cache hit)
516 http cache batch@https://registry.npmjs.org/batch/-/batch-0.6.1.tgz 0ms (cache hit)
517 http cache base64-js@https://registry.npmjs.org/base64-js/-/base64-js-1.5.1.tgz 0ms (cache hit)
518 http cache balanced-match@https://registry.npmjs.org/balanced-match/-/balanced-match-1.0.2.tgz 0ms (cache hit)
519 http cache babel-plugin-polyfill-corejs3@https://registry.npmjs.org/babel-plugin-polyfill-corejs3/-/babel-plugin-polyfill-corejs3-0.11.1.tgz 0ms (cache hit)
520 http cache babel-plugin-polyfill-regenerator@https://registry.npmjs.org/babel-plugin-polyfill-regenerator/-/babel-plugin-polyfill-regenerator-0.6.8.tgz 0ms (cache hit)
521 http cache autoprefixer@https://registry.npmjs.org/autoprefixer/-/autoprefixer-10.4.20.tgz 0ms (cache hit)
522 http cache babel-loader@https://registry.npmjs.org/babel-loader/-/babel-loader-9.1.3.tgz 0ms (cache hit)
523 http cache array-flatten@https://registry.npmjs.org/array-flatten/-/array-flatten-1.1.1.tgz 0ms (cache hit)
524 http cache babel-plugin-polyfill-corejs2@https://registry.npmjs.org/babel-plugin-polyfill-corejs2/-/babel-plugin-polyfill-corejs2-0.4.17.tgz 0ms (cache hit)
525 http cache argparse@https://registry.npmjs.org/argparse/-/argparse-2.0.1.tgz 0ms (cache hit)
526 http cache ansi-styles@https://registry.npmjs.org/ansi-styles/-/ansi-styles-4.3.0.tgz 0ms (cache hit)
527 http cache anymatch@https://registry.npmjs.org/anymatch/-/anymatch-3.1.3.tgz 0ms (cache hit)
528 http cache ansi-html-community@https://registry.npmjs.org/ansi-html-community/-/ansi-html-community-0.0.8.tgz 0ms (cache hit)
529 http cache ansi-regex@https://registry.npmjs.org/ansi-regex/-/ansi-regex-5.0.1.tgz 0ms (cache hit)
530 http cache ajv-keywords@https://registry.npmjs.org/ajv-keywords/-/ajv-keywords-5.1.0.tgz 0ms (cache hit)
531 http cache ajv-formats@https://registry.npmjs.org/ajv-formats/-/ajv-formats-3.0.1.tgz 0ms (cache hit)
532 http cache ansi-escapes@https://registry.npmjs.org/ansi-escapes/-/ansi-escapes-4.3.2.tgz 0ms (cache hit)
533 http cache ansi-colors@https://registry.npmjs.org/ansi-colors/-/ansi-colors-4.1.3.tgz 0ms (cache hit)
534 http cache ajv@https://registry.npmjs.org/ajv/-/ajv-8.17.1.tgz 0ms (cache hit)
535 http cache aggregate-error@https://registry.npmjs.org/aggregate-error/-/aggregate-error-3.1.0.tgz 0ms (cache hit)
536 http cache agent-base@https://registry.npmjs.org/agent-base/-/agent-base-7.1.4.tgz 0ms (cache hit)
537 http cache adjust-sourcemap-loader@https://registry.npmjs.org/adjust-sourcemap-loader/-/adjust-sourcemap-loader-4.0.0.tgz 0ms (cache hit)
538 http cache @yarnpkg/lockfile@https://registry.npmjs.org/@yarnpkg/lockfile/-/lockfile-1.1.0.tgz 0ms (cache hit)
539 http cache acorn-import-attributes@https://registry.npmjs.org/acorn-import-attributes/-/acorn-import-attributes-1.9.5.tgz 0ms (cache hit)
540 http cache @xtuc/long@https://registry.npmjs.org/@xtuc/long/-/long-4.2.2.tgz 0ms (cache hit)
541 http cache @xtuc/ieee754@https://registry.npmjs.org/@xtuc/ieee754/-/ieee754-1.2.0.tgz 0ms (cache hit)
542 http cache @webassemblyjs/wasm-parser@https://registry.npmjs.org/@webassemblyjs/wasm-parser/-/wasm-parser-1.14.1.tgz 0ms (cache hit)
543 http cache acorn@https://registry.npmjs.org/acorn/-/acorn-8.16.0.tgz 0ms (cache hit)
544 http cache abbrev@https://registry.npmjs.org/abbrev/-/abbrev-2.0.0.tgz 0ms (cache hit)
545 http cache accepts@https://registry.npmjs.org/accepts/-/accepts-1.3.8.tgz 0ms (cache hit)
546 http cache @webassemblyjs/wasm-gen@https://registry.npmjs.org/@webassemblyjs/wasm-gen/-/wasm-gen-1.14.1.tgz 0ms (cache hit)
547 http cache @webassemblyjs/wasm-edit@https://registry.npmjs.org/@webassemblyjs/wasm-edit/-/wasm-edit-1.14.1.tgz 0ms (cache hit)
548 http cache @webassemblyjs/wasm-opt@https://registry.npmjs.org/@webassemblyjs/wasm-opt/-/wasm-opt-1.14.1.tgz 0ms (cache hit)
549 http cache @webassemblyjs/wast-printer@https://registry.npmjs.org/@webassemblyjs/wast-printer/-/wast-printer-1.14.1.tgz 0ms (cache hit)
550 http cache @webassemblyjs/utf8@https://registry.npmjs.org/@webassemblyjs/utf8/-/utf8-1.13.2.tgz 0ms (cache hit)
551 http cache @webassemblyjs/leb128@https://registry.npmjs.org/@webassemblyjs/leb128/-/leb128-1.13.2.tgz 0ms (cache hit)
552 http cache @webassemblyjs/helper-wasm-bytecode@https://registry.npmjs.org/@webassemblyjs/helper-wasm-bytecode/-/helper-wasm-bytecode-1.13.2.tgz 0ms (cache hit)
553 http cache @webassemblyjs/ieee754@https://registry.npmjs.org/@webassemblyjs/ieee754/-/ieee754-1.13.2.tgz 0ms (cache hit)
554 http cache @vitejs/plugin-basic-ssl@https://registry.npmjs.org/@vitejs/plugin-basic-ssl/-/plugin-basic-ssl-1.1.0.tgz 0ms (cache hit)
555 http cache @webassemblyjs/helper-numbers@https://registry.npmjs.org/@webassemblyjs/helper-numbers/-/helper-numbers-1.13.2.tgz 0ms (cache hit)
556 http cache @webassemblyjs/helper-buffer@https://registry.npmjs.org/@webassemblyjs/helper-buffer/-/helper-buffer-1.14.1.tgz 0ms (cache hit)
557 http cache @webassemblyjs/helper-api-error@https://registry.npmjs.org/@webassemblyjs/helper-api-error/-/helper-api-error-1.13.2.tgz 0ms (cache hit)
558 http cache @types/ws@https://registry.npmjs.org/@types/ws/-/ws-8.18.1.tgz 0ms (cache hit)
559 http cache @webassemblyjs/floating-point-hex-parser@https://registry.npmjs.org/@webassemblyjs/floating-point-hex-parser/-/floating-point-hex-parser-1.13.2.tgz 0ms (cache hit)
560 http cache @webassemblyjs/helper-wasm-section@https://registry.npmjs.org/@webassemblyjs/helper-wasm-section/-/helper-wasm-section-1.14.1.tgz 0ms (cache hit)
561 http cache @webassemblyjs/ast@https://registry.npmjs.org/@webassemblyjs/ast/-/ast-1.14.1.tgz 0ms (cache hit)
562 http cache @types/wrap-ansi@https://registry.npmjs.org/@types/wrap-ansi/-/wrap-ansi-3.0.0.tgz 0ms (cache hit)
563 http cache @types/serve-index@https://registry.npmjs.org/@types/serve-index/-/serve-index-1.9.4.tgz 0ms (cache hit)
564 http cache @types/sockjs@https://registry.npmjs.org/@types/sockjs/-/sockjs-0.3.36.tgz 0ms (cache hit)
565 http cache @types/serve-static@https://registry.npmjs.org/@types/serve-static/-/serve-static-1.15.10.tgz 0ms (cache hit)
566 http cache @types/send@https://registry.npmjs.org/@types/send/-/send-1.2.1.tgz 0ms (cache hit)
567 http cache @types/range-parser@https://registry.npmjs.org/@types/range-parser/-/range-parser-1.2.7.tgz 0ms (cache hit)
568 http cache @types/retry@https://registry.npmjs.org/@types/retry/-/retry-0.12.2.tgz 0ms (cache hit)
569 http cache @types/qs@https://registry.npmjs.org/@types/qs/-/qs-6.15.0.tgz 0ms (cache hit)
570 http cache @types/node-forge@https://registry.npmjs.org/@types/node-forge/-/node-forge-1.3.14.tgz 0ms (cache hit)
571 http cache @types/node@https://registry.npmjs.org/@types/node/-/node-22.19.15.tgz 0ms (cache hit)
572 http cache @types/json-schema@https://registry.npmjs.org/@types/json-schema/-/json-schema-7.0.15.tgz 0ms (cache hit)
573 http cache @types/mute-stream@https://registry.npmjs.org/@types/mute-stream/-/mute-stream-0.0.4.tgz 0ms (cache hit)
574 http cache @types/mime@https://registry.npmjs.org/@types/mime/-/mime-1.3.5.tgz 0ms (cache hit)
575 http cache @types/http-errors@https://registry.npmjs.org/@types/http-errors/-/http-errors-2.0.5.tgz 0ms (cache hit)
576 http cache @types/express-serve-static-core@https://registry.npmjs.org/@types/express-serve-static-core/-/express-serve-static-core-4.19.8.tgz 0ms (cache hit)
577 http cache @types/jasmine@https://registry.npmjs.org/@types/jasmine/-/jasmine-5.1.15.tgz 0ms (cache hit)
578 http cache @types/http-proxy@https://registry.npmjs.org/@types/http-proxy/-/http-proxy-1.17.17.tgz 0ms (cache hit)
579 http cache @types/estree@https://registry.npmjs.org/@types/estree/-/estree-1.0.5.tgz 0ms (cache hit)
580 http cache @types/express@https://registry.npmjs.org/@types/express/-/express-4.17.25.tgz 0ms (cache hit)
581 http cache @types/connect-history-api-fallback@https://registry.npmjs.org/@types/connect-history-api-fallback/-/connect-history-api-fallback-1.5.4.tgz 0ms (cache hit)
582 http cache @types/cors@https://registry.npmjs.org/@types/cors/-/cors-2.8.19.tgz 0ms (cache hit)
583 http cache @socket.io/component-emitter@https://registry.npmjs.org/@socket.io/component-emitter/-/component-emitter-3.1.2.tgz 0ms (cache hit)
584 http cache @types/connect@https://registry.npmjs.org/@types/connect/-/connect-3.4.38.tgz 0ms (cache hit)
585 http cache @tufjs/models@https://registry.npmjs.org/@tufjs/models/-/models-2.0.1.tgz 0ms (cache hit)
586 http cache @tufjs/canonical-json@https://registry.npmjs.org/@tufjs/canonical-json/-/canonical-json-2.0.0.tgz 0ms (cache hit)
587 http cache @sindresorhus/merge-streams@https://registry.npmjs.org/@sindresorhus/merge-streams/-/merge-streams-2.3.0.tgz 0ms (cache hit)
588 http cache @types/body-parser@https://registry.npmjs.org/@types/body-parser/-/body-parser-1.19.6.tgz 0ms (cache hit)
589 http cache @types/bonjour@https://registry.npmjs.org/@types/bonjour/-/bonjour-3.5.13.tgz 0ms (cache hit)
590 http cache @sigstore/sign@https://registry.npmjs.org/@sigstore/sign/-/sign-2.3.2.tgz 0ms (cache hit)
591 http cache @sigstore/verify@https://registry.npmjs.org/@sigstore/verify/-/verify-1.2.1.tgz 0ms (cache hit)
592 http cache @rollup/rollup-win32-x64-msvc@https://registry.npmjs.org/@rollup/rollup-win32-x64-msvc/-/rollup-win32-x64-msvc-4.22.4.tgz 0ms (cache hit)
593 http cache @schematics/angular@https://registry.npmjs.org/@schematics/angular/-/angular-18.2.21.tgz 0ms (cache hit)
594 http cache @sigstore/core@https://registry.npmjs.org/@sigstore/core/-/core-1.1.0.tgz 0ms (cache hit)
595 http cache @sigstore/tuf@https://registry.npmjs.org/@sigstore/tuf/-/tuf-2.3.4.tgz 0ms (cache hit)
596 http cache @sigstore/protobuf-specs@https://registry.npmjs.org/@sigstore/protobuf-specs/-/protobuf-specs-0.3.3.tgz 0ms (cache hit)
597 http cache @sigstore/bundle@https://registry.npmjs.org/@sigstore/bundle/-/bundle-2.3.2.tgz 0ms (cache hit)
598 http cache @pkgjs/parseargs@https://registry.npmjs.org/@pkgjs/parseargs/-/parseargs-0.11.0.tgz 0ms (cache hit)
599 http cache @npmcli/run-script@https://registry.npmjs.org/@npmcli/run-script/-/run-script-8.1.0.tgz 0ms (cache hit)
600 http cache @npmcli/redact@https://registry.npmjs.org/@npmcli/redact/-/redact-2.0.1.tgz 0ms (cache hit)
601 http cache @nodelib/fs.walk@https://registry.npmjs.org/@nodelib/fs.walk/-/fs.walk-1.2.8.tgz 0ms (cache hit)
602 http cache @npmcli/promise-spawn@https://registry.npmjs.org/@npmcli/promise-spawn/-/promise-spawn-7.0.2.tgz 0ms (cache hit)
603 http cache @npmcli/installed-package-contents@https://registry.npmjs.org/@npmcli/installed-package-contents/-/installed-package-contents-2.1.0.tgz 0ms (cache hit)
604 http cache @npmcli/node-gyp@https://registry.npmjs.org/@npmcli/node-gyp/-/node-gyp-3.0.0.tgz 0ms (cache hit)
605 http cache @npmcli/package-json@https://registry.npmjs.org/@npmcli/package-json/-/package-json-5.2.1.tgz 0ms (cache hit)
606 http cache @npmcli/git@https://registry.npmjs.org/@npmcli/git/-/git-5.0.8.tgz 0ms (cache hit)
607 http cache @npmcli/fs@https://registry.npmjs.org/@npmcli/fs/-/fs-3.1.1.tgz 0ms (cache hit)
608 http cache @npmcli/agent@https://registry.npmjs.org/@npmcli/agent/-/agent-2.2.2.tgz 0ms (cache hit)
609 http cache @msgpackr-extract/msgpackr-extract-win32-x64@https://registry.npmjs.org/@msgpackr-extract/msgpackr-extract-win32-x64/-/msgpackr-extract-win32-x64-3.0.3.tgz 0ms (cache hit)
610 http cache @nodelib/fs.stat@https://registry.npmjs.org/@nodelib/fs.stat/-/fs.stat-2.0.5.tgz 0ms (cache hit)
611 http cache @nodelib/fs.scandir@https://registry.npmjs.org/@nodelib/fs.scandir/-/fs.scandir-2.1.5.tgz 0ms (cache hit)
612 http cache @ngtools/webpack@https://registry.npmjs.org/@ngtools/webpack/-/webpack-18.2.21.tgz 0ms (cache hit)
613 http cache @lmdb/lmdb-win32-x64@https://registry.npmjs.org/@lmdb/lmdb-win32-x64/-/lmdb-win32-x64-3.0.13.tgz 0ms (cache hit)
614 http cache @leichtgewicht/ip-codec@https://registry.npmjs.org/@leichtgewicht/ip-codec/-/ip-codec-2.0.5.tgz 0ms (cache hit)
615 http cache @listr2/prompt-adapter-inquirer@https://registry.npmjs.org/@listr2/prompt-adapter-inquirer/-/prompt-adapter-inquirer-2.0.15.tgz 0ms (cache hit)
616 http cache @jsonjoy.com/util@https://registry.npmjs.org/@jsonjoy.com/util/-/util-1.9.0.tgz 0ms (cache hit)
617 http cache @jsonjoy.com/json-pointer@https://registry.npmjs.org/@jsonjoy.com/json-pointer/-/json-pointer-1.0.2.tgz 0ms (cache hit)
618 http cache @jsonjoy.com/fs-snapshot@https://registry.npmjs.org/@jsonjoy.com/fs-snapshot/-/fs-snapshot-4.57.1.tgz 0ms (cache hit)
619 http cache @jsonjoy.com/fs-node-utils@https://registry.npmjs.org/@jsonjoy.com/fs-node-utils/-/fs-node-utils-4.57.1.tgz 0ms (cache hit)
620 http cache @jsonjoy.com/json-pack@https://registry.npmjs.org/@jsonjoy.com/json-pack/-/json-pack-1.21.0.tgz 0ms (cache hit)
621 http cache @jsonjoy.com/fs-node-to-fsa@https://registry.npmjs.org/@jsonjoy.com/fs-node-to-fsa/-/fs-node-to-fsa-4.57.1.tgz 0ms (cache hit)
622 http cache @jsonjoy.com/fs-node-builtins@https://registry.npmjs.org/@jsonjoy.com/fs-node-builtins/-/fs-node-builtins-4.57.1.tgz 0ms (cache hit)
623 http cache @jsonjoy.com/fs-print@https://registry.npmjs.org/@jsonjoy.com/fs-print/-/fs-print-4.57.1.tgz 0ms (cache hit)
624 http cache @jsonjoy.com/fs-fsa@https://registry.npmjs.org/@jsonjoy.com/fs-fsa/-/fs-fsa-4.57.1.tgz 0ms (cache hit)
625 http cache @jsonjoy.com/fs-node@https://registry.npmjs.org/@jsonjoy.com/fs-node/-/fs-node-4.57.1.tgz 0ms (cache hit)
626 http cache @jsonjoy.com/fs-core@https://registry.npmjs.org/@jsonjoy.com/fs-core/-/fs-core-4.57.1.tgz 0ms (cache hit)
627 http cache @jsonjoy.com/codegen@https://registry.npmjs.org/@jsonjoy.com/codegen/-/codegen-1.0.0.tgz 0ms (cache hit)
628 http cache @jsonjoy.com/buffers@https://registry.npmjs.org/@jsonjoy.com/buffers/-/buffers-17.67.0.tgz 0ms (cache hit)
629 http cache @jridgewell/trace-mapping@https://registry.npmjs.org/@jridgewell/trace-mapping/-/trace-mapping-0.3.31.tgz 0ms (cache hit)
630 http cache @jsonjoy.com/base64@https://registry.npmjs.org/@jsonjoy.com/base64/-/base64-1.1.2.tgz 0ms (cache hit)
631 http cache @istanbuljs/schema@https://registry.npmjs.org/@istanbuljs/schema/-/schema-0.1.3.tgz 0ms (cache hit)
632 http cache @jridgewell/sourcemap-codec@https://registry.npmjs.org/@jridgewell/sourcemap-codec/-/sourcemap-codec-1.5.5.tgz 0ms (cache hit)
633 http cache @jridgewell/gen-mapping@https://registry.npmjs.org/@jridgewell/gen-mapping/-/gen-mapping-0.3.13.tgz 0ms (cache hit)
634 http cache @jridgewell/source-map@https://registry.npmjs.org/@jridgewell/source-map/-/source-map-0.3.11.tgz 0ms (cache hit)
635 http cache @jridgewell/resolve-uri@https://registry.npmjs.org/@jridgewell/resolve-uri/-/resolve-uri-3.1.2.tgz 0ms (cache hit)
636 http cache @isaacs/cliui@https://registry.npmjs.org/@isaacs/cliui/-/cliui-8.0.2.tgz 0ms (cache hit)
637 http cache @inquirer/type@https://registry.npmjs.org/@inquirer/type/-/type-1.5.5.tgz 0ms (cache hit)
638 http cache @inquirer/rawlist@https://registry.npmjs.org/@inquirer/rawlist/-/rawlist-2.3.0.tgz 0ms (cache hit)
639 http cache @inquirer/select@https://registry.npmjs.org/@inquirer/select/-/select-2.5.0.tgz 0ms (cache hit)
640 http cache @inquirer/search@https://registry.npmjs.org/@inquirer/search/-/search-1.1.0.tgz 0ms (cache hit)
641 http cache @inquirer/number@https://registry.npmjs.org/@inquirer/number/-/number-1.1.0.tgz 0ms (cache hit)
642 http cache @inquirer/prompts@https://registry.npmjs.org/@inquirer/prompts/-/prompts-5.3.8.tgz 0ms (cache hit)
643 http cache @inquirer/password@https://registry.npmjs.org/@inquirer/password/-/password-2.2.0.tgz 0ms (cache hit)
644 http cache @inquirer/figures@https://registry.npmjs.org/@inquirer/figures/-/figures-1.0.15.tgz 0ms (cache hit)
645 http cache @inquirer/input@https://registry.npmjs.org/@inquirer/input/-/input-2.3.0.tgz 0ms (cache hit)
646 http cache @inquirer/expand@https://registry.npmjs.org/@inquirer/expand/-/expand-2.3.0.tgz 0ms (cache hit)
647 http cache @esbuild/win32-x64@https://registry.npmjs.org/@esbuild/win32-x64/-/win32-x64-0.23.0.tgz 0ms (cache hit)
648 http cache @inquirer/editor@https://registry.npmjs.org/@inquirer/editor/-/editor-2.2.0.tgz 0ms (cache hit)
649 http cache @inquirer/core@https://registry.npmjs.org/@inquirer/core/-/core-9.2.1.tgz 0ms (cache hit)
650 http cache @inquirer/checkbox@https://registry.npmjs.org/@inquirer/checkbox/-/checkbox-2.5.0.tgz 0ms (cache hit)
651 http cache @colors/colors@https://registry.npmjs.org/@colors/colors/-/colors-1.5.0.tgz 0ms (cache hit)
652 http cache @discoveryjs/json-ext@https://registry.npmjs.org/@discoveryjs/json-ext/-/json-ext-0.6.1.tgz 0ms (cache hit)
653 http cache @inquirer/confirm@https://registry.npmjs.org/@inquirer/confirm/-/confirm-3.1.22.tgz 0ms (cache hit)
654 http cache @babel/traverse@https://registry.npmjs.org/@babel/traverse/-/traverse-7.29.0.tgz 0ms (cache hit)
655 http cache @babel/types@https://registry.npmjs.org/@babel/types/-/types-7.29.0.tgz 0ms (cache hit)
656 http cache @babel/template@https://registry.npmjs.org/@babel/template/-/template-7.28.6.tgz 0ms (cache hit)
657 http cache @babel/runtime@https://registry.npmjs.org/@babel/runtime/-/runtime-7.26.10.tgz 0ms (cache hit)
658 http cache @babel/preset-modules@https://registry.npmjs.org/@babel/preset-modules/-/preset-modules-0.1.6-no-external-plugins.tgz 0ms (cache hit)
659 http cache @babel/preset-env@https://registry.npmjs.org/@babel/preset-env/-/preset-env-7.26.9.tgz 0ms (cache hit)
660 http cache @babel/plugin-transform-unicode-regex@https://registry.npmjs.org/@babel/plugin-transform-unicode-regex/-/plugin-transform-unicode-regex-7.27.1.tgz 0ms (cache hit)
661 http cache @babel/plugin-transform-unicode-sets-regex@https://registry.npmjs.org/@babel/plugin-transform-unicode-sets-regex/-/plugin-transform-unicode-sets-regex-7.28.6.tgz 0ms (cache hit)
662 http cache @babel/plugin-transform-unicode-property-regex@https://registry.npmjs.org/@babel/plugin-transform-unicode-property-regex/-/plugin-transform-unicode-property-regex-7.28.6.tgz 0ms (cache hit)
663 http cache @babel/plugin-transform-unicode-escapes@https://registry.npmjs.org/@babel/plugin-transform-unicode-escapes/-/plugin-transform-unicode-escapes-7.27.1.tgz 0ms (cache hit)
664 http cache @babel/plugin-transform-typeof-symbol@https://registry.npmjs.org/@babel/plugin-transform-typeof-symbol/-/plugin-transform-typeof-symbol-7.27.1.tgz 0ms (cache hit)
665 http cache @babel/plugin-transform-spread@https://registry.npmjs.org/@babel/plugin-transform-spread/-/plugin-transform-spread-7.28.6.tgz 0ms (cache hit)
666 http cache @babel/plugin-transform-template-literals@https://registry.npmjs.org/@babel/plugin-transform-template-literals/-/plugin-transform-template-literals-7.27.1.tgz 0ms (cache hit)
667 http cache @babel/plugin-transform-sticky-regex@https://registry.npmjs.org/@babel/plugin-transform-sticky-regex/-/plugin-transform-sticky-regex-7.27.1.tgz 0ms (cache hit)
668 http cache @babel/plugin-transform-runtime@https://registry.npmjs.org/@babel/plugin-transform-runtime/-/plugin-transform-runtime-7.26.10.tgz 0ms (cache hit)
669 http cache @babel/plugin-transform-reserved-words@https://registry.npmjs.org/@babel/plugin-transform-reserved-words/-/plugin-transform-reserved-words-7.27.1.tgz 0ms (cache hit)
670 http cache @babel/plugin-transform-regexp-modifiers@https://registry.npmjs.org/@babel/plugin-transform-regexp-modifiers/-/plugin-transform-regexp-modifiers-7.28.6.tgz 0ms (cache hit)
671 http cache @babel/plugin-transform-shorthand-properties@https://registry.npmjs.org/@babel/plugin-transform-shorthand-properties/-/plugin-transform-shorthand-properties-7.27.1.tgz 0ms (cache hit)
672 http cache @babel/plugin-transform-private-property-in-object@https://registry.npmjs.org/@babel/plugin-transform-private-property-in-object/-/plugin-transform-private-property-in-object-7.28.6.tgz 0ms (cache hit)
673 http cache @babel/plugin-transform-property-literals@https://registry.npmjs.org/@babel/plugin-transform-property-literals/-/plugin-transform-property-literals-7.27.1.tgz 0ms (cache hit)
674 http cache @babel/plugin-transform-regenerator@https://registry.npmjs.org/@babel/plugin-transform-regenerator/-/plugin-transform-regenerator-7.29.0.tgz 0ms (cache hit)
675 http cache @babel/plugin-transform-private-methods@https://registry.npmjs.org/@babel/plugin-transform-private-methods/-/plugin-transform-private-methods-7.28.6.tgz 0ms (cache hit)
676 http cache @babel/plugin-transform-parameters@https://registry.npmjs.org/@babel/plugin-transform-parameters/-/plugin-transform-parameters-7.27.7.tgz 0ms (cache hit)
677 http cache @babel/plugin-transform-optional-catch-binding@https://registry.npmjs.org/@babel/plugin-transform-optional-catch-binding/-/plugin-transform-optional-catch-binding-7.28.6.tgz 0ms (cache hit)
678 http cache @babel/plugin-transform-object-rest-spread@https://registry.npmjs.org/@babel/plugin-transform-object-rest-spread/-/plugin-transform-object-rest-spread-7.28.6.tgz 0ms (cache hit)
679 http cache @babel/plugin-transform-object-super@https://registry.npmjs.org/@babel/plugin-transform-object-super/-/plugin-transform-object-super-7.27.1.tgz 0ms (cache hit)
680 http cache @babel/plugin-transform-optional-chaining@https://registry.npmjs.org/@babel/plugin-transform-optional-chaining/-/plugin-transform-optional-chaining-7.28.6.tgz 0ms (cache hit)
681 http cache @babel/plugin-transform-numeric-separator@https://registry.npmjs.org/@babel/plugin-transform-numeric-separator/-/plugin-transform-numeric-separator-7.28.6.tgz 0ms (cache hit)
682 http cache @babel/plugin-transform-named-capturing-groups-regex@https://registry.npmjs.org/@babel/plugin-transform-named-capturing-groups-regex/-/plugin-transform-named-capturing-groups-regex-7.29.0.tgz 0ms (cache hit)
683 http cache @babel/plugin-transform-nullish-coalescing-operator@https://registry.npmjs.org/@babel/plugin-transform-nullish-coalescing-operator/-/plugin-transform-nullish-coalescing-operator-7.28.6.tgz 0ms (cache hit)
684 http cache @babel/plugin-transform-new-target@https://registry.npmjs.org/@babel/plugin-transform-new-target/-/plugin-transform-new-target-7.27.1.tgz 0ms (cache hit)
685 http cache @babel/plugin-transform-modules-umd@https://registry.npmjs.org/@babel/plugin-transform-modules-umd/-/plugin-transform-modules-umd-7.27.1.tgz 0ms (cache hit)
686 http cache @babel/plugin-transform-modules-systemjs@https://registry.npmjs.org/@babel/plugin-transform-modules-systemjs/-/plugin-transform-modules-systemjs-7.29.0.tgz 0ms (cache hit)
687 http cache @babel/plugin-transform-modules-commonjs@https://registry.npmjs.org/@babel/plugin-transform-modules-commonjs/-/plugin-transform-modules-commonjs-7.28.6.tgz 0ms (cache hit)
688 http cache @babel/plugin-transform-member-expression-literals@https://registry.npmjs.org/@babel/plugin-transform-member-expression-literals/-/plugin-transform-member-expression-literals-7.27.1.tgz 0ms (cache hit)
689 http cache @babel/plugin-transform-modules-amd@https://registry.npmjs.org/@babel/plugin-transform-modules-amd/-/plugin-transform-modules-amd-7.27.1.tgz 0ms (cache hit)
690 http cache @babel/plugin-transform-logical-assignment-operators@https://registry.npmjs.org/@babel/plugin-transform-logical-assignment-operators/-/plugin-transform-logical-assignment-operators-7.28.6.tgz 0ms (cache hit)
691 http cache @babel/plugin-transform-literals@https://registry.npmjs.org/@babel/plugin-transform-literals/-/plugin-transform-literals-7.27.1.tgz 0ms (cache hit)
692 http cache @babel/plugin-transform-for-of@https://registry.npmjs.org/@babel/plugin-transform-for-of/-/plugin-transform-for-of-7.27.1.tgz 0ms (cache hit)
693 http cache @babel/plugin-transform-function-name@https://registry.npmjs.org/@babel/plugin-transform-function-name/-/plugin-transform-function-name-7.27.1.tgz 0ms (cache hit)
694 http cache @babel/plugin-transform-json-strings@https://registry.npmjs.org/@babel/plugin-transform-json-strings/-/plugin-transform-json-strings-7.28.6.tgz 0ms (cache hit)
695 http cache @babel/plugin-transform-exponentiation-operator@https://registry.npmjs.org/@babel/plugin-transform-exponentiation-operator/-/plugin-transform-exponentiation-operator-7.28.6.tgz 0ms (cache hit)
696 http cache @babel/plugin-transform-export-namespace-from@https://registry.npmjs.org/@babel/plugin-transform-export-namespace-from/-/plugin-transform-export-namespace-from-7.27.1.tgz 0ms (cache hit)
697 http cache @babel/plugin-transform-dynamic-import@https://registry.npmjs.org/@babel/plugin-transform-dynamic-import/-/plugin-transform-dynamic-import-7.27.1.tgz 0ms (cache hit)
698 http cache @babel/plugin-transform-duplicate-keys@https://registry.npmjs.org/@babel/plugin-transform-duplicate-keys/-/plugin-transform-duplicate-keys-7.27.1.tgz 0ms (cache hit)
699 http cache @babel/plugin-transform-duplicate-named-capturing-groups-regex@https://registry.npmjs.org/@babel/plugin-transform-duplicate-named-capturing-groups-regex/-/plugin-transform-duplicate-named-capturing-groups-regex-7.29.0.tgz 0ms (cache hit)
700 http cache @babel/plugin-transform-dotall-regex@https://registry.npmjs.org/@babel/plugin-transform-dotall-regex/-/plugin-transform-dotall-regex-7.28.6.tgz 0ms (cache hit)
701 http cache @babel/plugin-transform-computed-properties@https://registry.npmjs.org/@babel/plugin-transform-computed-properties/-/plugin-transform-computed-properties-7.28.6.tgz 0ms (cache hit)
702 http cache @babel/plugin-transform-classes@https://registry.npmjs.org/@babel/plugin-transform-classes/-/plugin-transform-classes-7.28.6.tgz 0ms (cache hit)
703 http cache @babel/plugin-transform-destructuring@https://registry.npmjs.org/@babel/plugin-transform-destructuring/-/plugin-transform-destructuring-7.28.5.tgz 0ms (cache hit)
704 http cache @babel/plugin-transform-class-static-block@https://registry.npmjs.org/@babel/plugin-transform-class-static-block/-/plugin-transform-class-static-block-7.28.6.tgz 0ms (cache hit)
705 http cache @babel/plugin-transform-block-scoped-functions@https://registry.npmjs.org/@babel/plugin-transform-block-scoped-functions/-/plugin-transform-block-scoped-functions-7.27.1.tgz 0ms (cache hit)
706 http cache @babel/plugin-transform-block-scoping@https://registry.npmjs.org/@babel/plugin-transform-block-scoping/-/plugin-transform-block-scoping-7.28.6.tgz 0ms (cache hit)
707 http cache @babel/plugin-transform-class-properties@https://registry.npmjs.org/@babel/plugin-transform-class-properties/-/plugin-transform-class-properties-7.28.6.tgz 0ms (cache hit)
708 http cache @babel/plugin-transform-async-to-generator@https://registry.npmjs.org/@babel/plugin-transform-async-to-generator/-/plugin-transform-async-to-generator-7.25.9.tgz 0ms (cache hit)
709 http cache @babel/plugin-transform-arrow-functions@https://registry.npmjs.org/@babel/plugin-transform-arrow-functions/-/plugin-transform-arrow-functions-7.27.1.tgz 0ms (cache hit)
710 http cache @babel/plugin-transform-async-generator-functions@https://registry.npmjs.org/@babel/plugin-transform-async-generator-functions/-/plugin-transform-async-generator-functions-7.26.8.tgz 0ms (cache hit)
711 http cache @babel/plugin-syntax-unicode-sets-regex@https://registry.npmjs.org/@babel/plugin-syntax-unicode-sets-regex/-/plugin-syntax-unicode-sets-regex-7.18.6.tgz 0ms (cache hit)
712 http cache @babel/plugin-syntax-import-attributes@https://registry.npmjs.org/@babel/plugin-syntax-import-attributes/-/plugin-syntax-import-attributes-7.24.7.tgz 0ms (cache hit)
713 http cache @babel/plugin-syntax-import-assertions@https://registry.npmjs.org/@babel/plugin-syntax-import-assertions/-/plugin-syntax-import-assertions-7.28.6.tgz 0ms (cache hit)
714 http cache @babel/plugin-bugfix-v8-static-class-fields-redefine-readonly@https://registry.npmjs.org/@babel/plugin-bugfix-v8-static-class-fields-redefine-readonly/-/plugin-bugfix-v8-static-class-fields-redefine-readonly-7.28.6.tgz 0ms (cache hit)
715 http cache @babel/plugin-proposal-private-property-in-object@https://registry.npmjs.org/@babel/plugin-proposal-private-property-in-object/-/plugin-proposal-private-property-in-object-7.21.0-placeholder-for-preset-env.2.tgz 0ms (cache hit)
716 http cache @babel/plugin-bugfix-v8-spread-parameters-in-optional-chaining@https://registry.npmjs.org/@babel/plugin-bugfix-v8-spread-parameters-in-optional-chaining/-/plugin-bugfix-v8-spread-parameters-in-optional-chaining-7.27.1.tgz 0ms (cache hit)
717 http cache @babel/helpers@https://registry.npmjs.org/@babel/helpers/-/helpers-7.29.2.tgz 0ms (cache hit)
718 http cache @babel/plugin-bugfix-safari-id-destructuring-collision-in-function-expression@https://registry.npmjs.org/@babel/plugin-bugfix-safari-id-destructuring-collision-in-function-expression/-/plugin-bugfix-safari-id-destructuring-collision-in-function-expression-7.27.1.tgz 0ms (cache hit)
719 http cache @babel/plugin-bugfix-safari-class-field-initializer-scope@https://registry.npmjs.org/@babel/plugin-bugfix-safari-class-field-initializer-scope/-/plugin-bugfix-safari-class-field-initializer-scope-7.27.1.tgz 0ms (cache hit)
720 http cache @babel/plugin-bugfix-firefox-class-in-computed-class-key@https://registry.npmjs.org/@babel/plugin-bugfix-firefox-class-in-computed-class-key/-/plugin-bugfix-firefox-class-in-computed-class-key-7.28.5.tgz 0ms (cache hit)
721 http cache @babel/parser@https://registry.npmjs.org/@babel/parser/-/parser-7.29.2.tgz 0ms (cache hit)
722 http cache @babel/helper-wrap-function@https://registry.npmjs.org/@babel/helper-wrap-function/-/helper-wrap-function-7.28.6.tgz 0ms (cache hit)
723 http cache @babel/helper-validator-identifier@https://registry.npmjs.org/@babel/helper-validator-identifier/-/helper-validator-identifier-7.28.5.tgz 0ms (cache hit)
724 http cache @babel/helper-validator-option@https://registry.npmjs.org/@babel/helper-validator-option/-/helper-validator-option-7.27.1.tgz 0ms (cache hit)
725 http cache @babel/helper-string-parser@https://registry.npmjs.org/@babel/helper-string-parser/-/helper-string-parser-7.27.1.tgz 0ms (cache hit)
726 http cache @babel/helper-split-export-declaration@https://registry.npmjs.org/@babel/helper-split-export-declaration/-/helper-split-export-declaration-7.24.7.tgz 0ms (cache hit)
727 http cache @babel/helper-skip-transparent-expression-wrappers@https://registry.npmjs.org/@babel/helper-skip-transparent-expression-wrappers/-/helper-skip-transparent-expression-wrappers-7.27.1.tgz 0ms (cache hit)
728 http cache @babel/helper-optimise-call-expression@https://registry.npmjs.org/@babel/helper-optimise-call-expression/-/helper-optimise-call-expression-7.27.1.tgz 0ms (cache hit)
729 http cache @babel/helper-remap-async-to-generator@https://registry.npmjs.org/@babel/helper-remap-async-to-generator/-/helper-remap-async-to-generator-7.27.1.tgz 0ms (cache hit)
730 http cache @babel/helper-replace-supers@https://registry.npmjs.org/@babel/helper-replace-supers/-/helper-replace-supers-7.28.6.tgz 0ms (cache hit)
731 http cache @babel/helper-plugin-utils@https://registry.npmjs.org/@babel/helper-plugin-utils/-/helper-plugin-utils-7.28.6.tgz 0ms (cache hit)
732 http cache @babel/helper-module-transforms@https://registry.npmjs.org/@babel/helper-module-transforms/-/helper-module-transforms-7.28.6.tgz 0ms (cache hit)
733 http cache @babel/helper-member-expression-to-functions@https://registry.npmjs.org/@babel/helper-member-expression-to-functions/-/helper-member-expression-to-functions-7.28.5.tgz 0ms (cache hit)
734 http cache @babel/helper-module-imports@https://registry.npmjs.org/@babel/helper-module-imports/-/helper-module-imports-7.28.6.tgz 0ms (cache hit)
735 http cache @babel/helper-globals@https://registry.npmjs.org/@babel/helper-globals/-/helper-globals-7.28.0.tgz 0ms (cache hit)
736 http cache @babel/helper-define-polyfill-provider@https://registry.npmjs.org/@babel/helper-define-polyfill-provider/-/helper-define-polyfill-provider-0.6.8.tgz 0ms (cache hit)
737 http cache @babel/helper-create-regexp-features-plugin@https://registry.npmjs.org/@babel/helper-create-regexp-features-plugin/-/helper-create-regexp-features-plugin-7.28.5.tgz 0ms (cache hit)
738 http cache @babel/helper-compilation-targets@https://registry.npmjs.org/@babel/helper-compilation-targets/-/helper-compilation-targets-7.28.6.tgz 0ms (cache hit)
739 http cache @babel/helper-create-class-features-plugin@https://registry.npmjs.org/@babel/helper-create-class-features-plugin/-/helper-create-class-features-plugin-7.28.6.tgz 0ms (cache hit)
740 http cache @babel/code-frame@https://registry.npmjs.org/@babel/code-frame/-/code-frame-7.29.0.tgz 0ms (cache hit)
741 http cache @babel/helper-annotate-as-pure@https://registry.npmjs.org/@babel/helper-annotate-as-pure/-/helper-annotate-as-pure-7.25.9.tgz 0ms (cache hit)
742 http cache @angular/router@https://registry.npmjs.org/@angular/router/-/router-18.2.14.tgz 0ms (cache hit)
743 http cache @angular/platform-browser-dynamic@https://registry.npmjs.org/@angular/platform-browser-dynamic/-/platform-browser-dynamic-18.2.14.tgz 0ms (cache hit)
744 http cache @babel/compat-data@https://registry.npmjs.org/@babel/compat-data/-/compat-data-7.29.0.tgz 0ms (cache hit)
745 http cache @babel/generator@https://registry.npmjs.org/@babel/generator/-/generator-7.26.10.tgz 0ms (cache hit)
746 http cache @babel/core@https://registry.npmjs.org/@babel/core/-/core-7.26.10.tgz 0ms (cache hit)
747 http cache @angular/platform-browser@https://registry.npmjs.org/@angular/platform-browser/-/platform-browser-18.2.14.tgz 0ms (cache hit)
748 http cache @angular/forms@https://registry.npmjs.org/@angular/forms/-/forms-18.2.14.tgz 0ms (cache hit)
749 http cache @angular/compiler-cli@https://registry.npmjs.org/@angular/compiler-cli/-/compiler-cli-18.2.14.tgz 0ms (cache hit)
750 http cache @angular-devkit/schematics@https://registry.npmjs.org/@angular-devkit/schematics/-/schematics-18.2.21.tgz 0ms (cache hit)
751 http cache @angular/core@https://registry.npmjs.org/@angular/core/-/core-18.2.14.tgz 0ms (cache hit)
752 http cache @angular/common@https://registry.npmjs.org/@angular/common/-/common-18.2.14.tgz 0ms (cache hit)
753 http cache @angular/compiler@https://registry.npmjs.org/@angular/compiler/-/compiler-18.2.14.tgz 0ms (cache hit)
754 http cache @angular/cli@https://registry.npmjs.org/@angular/cli/-/cli-18.2.21.tgz 0ms (cache hit)
755 http cache @angular/build@https://registry.npmjs.org/@angular/build/-/build-18.2.21.tgz 0ms (cache hit)
756 http cache @angular/animations@https://registry.npmjs.org/@angular/animations/-/animations-18.2.14.tgz 0ms (cache hit)
757 http cache @ampproject/remapping@https://registry.npmjs.org/@ampproject/remapping/-/remapping-2.3.0.tgz 0ms (cache hit)
758 http cache @angular-devkit/core@https://registry.npmjs.org/@angular-devkit/core/-/core-18.2.21.tgz 0ms (cache hit)
759 http cache string-width@https://registry.npmjs.org/string-width/-/string-width-4.2.3.tgz 0ms (cache hit)
760 http cache @angular-devkit/build-webpack@https://registry.npmjs.org/@angular-devkit/build-webpack/-/build-webpack-0.1802.21.tgz 0ms (cache hit)
761 http cache emoji-regex@https://registry.npmjs.org/emoji-regex/-/emoji-regex-8.0.0.tgz 0ms (cache hit)
762 http cache @angular-devkit/build-angular@https://registry.npmjs.org/@angular-devkit/build-angular/-/build-angular-18.2.21.tgz 0ms (cache hit)
763 http cache @angular-devkit/architect@https://registry.npmjs.org/@angular-devkit/architect/-/architect-0.1802.21.tgz 0ms (cache hit)
764 http cache string-width@https://registry.npmjs.org/string-width/-/string-width-4.2.3.tgz 0ms (cache hit)
765 http cache is-fullwidth-code-point@https://registry.npmjs.org/is-fullwidth-code-point/-/is-fullwidth-code-point-3.0.0.tgz 0ms (cache hit)
766 http cache emoji-regex@https://registry.npmjs.org/emoji-regex/-/emoji-regex-8.0.0.tgz 0ms (cache hit)
767 http cache is-fullwidth-code-point@https://registry.npmjs.org/is-fullwidth-code-point/-/is-fullwidth-code-point-3.0.0.tgz 0ms (cache hit)
768 http cache http-proxy-middleware@https://registry.npmjs.org/http-proxy-middleware/-/http-proxy-middleware-2.0.9.tgz 0ms (cache hit)
769 http cache schema-utils@https://registry.npmjs.org/schema-utils/-/schema-utils-3.3.0.tgz 0ms (cache hit)
770 http cache is-fullwidth-code-point@https://registry.npmjs.org/is-fullwidth-code-point/-/is-fullwidth-code-point-3.0.0.tgz 0ms (cache hit)
771 http cache string-width@https://registry.npmjs.org/string-width/-/string-width-4.2.3.tgz 0ms (cache hit)
772 http cache postcss@https://registry.npmjs.org/postcss/-/postcss-8.5.8.tgz 0ms (cache hit)
773 http cache emoji-regex@https://registry.npmjs.org/emoji-regex/-/emoji-regex-8.0.0.tgz 0ms (cache hit)
774 http cache json-parse-even-better-errors@https://registry.npmjs.org/json-parse-even-better-errors/-/json-parse-even-better-errors-2.3.1.tgz 0ms (cache hit)
775 http cache punycode@https://registry.npmjs.org/punycode/-/punycode-2.3.1.tgz 0ms (cache hit)
776 http cache json-schema-traverse@https://registry.npmjs.org/json-schema-traverse/-/json-schema-traverse-0.4.1.tgz 0ms (cache hit)
777 http cache ajv-keywords@https://registry.npmjs.org/ajv-keywords/-/ajv-keywords-3.5.2.tgz 0ms (cache hit)
778 http cache ajv@https://registry.npmjs.org/ajv/-/ajv-6.14.0.tgz 0ms (cache hit)
779 http cache esbuild@https://registry.npmjs.org/esbuild/-/esbuild-0.21.5.tgz 0ms (cache hit)
780 http cache @esbuild/win32-x64@https://registry.npmjs.org/@esbuild/win32-x64/-/win32-x64-0.21.5.tgz 0ms (cache hit)
781 http cache minipass@https://registry.npmjs.org/minipass/-/minipass-5.0.0.tgz 0ms (cache hit)
782 http cache yallist@https://registry.npmjs.org/yallist/-/yallist-4.0.0.tgz 0ms (cache hit)
783 http cache mkdirp@https://registry.npmjs.org/mkdirp/-/mkdirp-1.0.4.tgz 0ms (cache hit)
784 http cache fs-minipass@https://registry.npmjs.org/fs-minipass/-/fs-minipass-2.1.0.tgz 0ms (cache hit)
785 http cache minipass@https://registry.npmjs.org/minipass/-/minipass-3.3.6.tgz 0ms (cache hit)
786 http cache iconv-lite@https://registry.npmjs.org/iconv-lite/-/iconv-lite-0.6.3.tgz 0ms (cache hit)
787 http cache is-fullwidth-code-point@https://registry.npmjs.org/is-fullwidth-code-point/-/is-fullwidth-code-point-3.0.0.tgz 0ms (cache hit)
788 http cache emoji-regex@https://registry.npmjs.org/emoji-regex/-/emoji-regex-8.0.0.tgz 0ms (cache hit)
789 http cache source-map@https://registry.npmjs.org/source-map/-/source-map-0.6.1.tgz 0ms (cache hit)
790 http cache ansi-styles@https://registry.npmjs.org/ansi-styles/-/ansi-styles-6.2.3.tgz 0ms (cache hit)
791 http cache ansi-regex@https://registry.npmjs.org/ansi-regex/-/ansi-regex-6.2.2.tgz 0ms (cache hit)
792 http cache encodeurl@https://registry.npmjs.org/encodeurl/-/encodeurl-2.0.0.tgz 0ms (cache hit)
793 http cache strip-ansi@https://registry.npmjs.org/strip-ansi/-/strip-ansi-7.2.0.tgz 0ms (cache hit)
794 http cache statuses@https://registry.npmjs.org/statuses/-/statuses-2.0.2.tgz 0ms (cache hit)
795 http cache ms@https://registry.npmjs.org/ms/-/ms-2.0.0.tgz 0ms (cache hit)
796 http cache http-errors@https://registry.npmjs.org/http-errors/-/http-errors-1.8.1.tgz 0ms (cache hit)
797 http cache ajv-formats@https://registry.npmjs.org/ajv-formats/-/ajv-formats-2.1.1.tgz 0ms (cache hit)
798 http cache depd@https://registry.npmjs.org/depd/-/depd-1.1.2.tgz 0ms (cache hit)
799 http cache mime@https://registry.npmjs.org/mime/-/mime-1.6.0.tgz 0ms (cache hit)
800 http cache ms@https://registry.npmjs.org/ms/-/ms-2.0.0.tgz 0ms (cache hit)
801 http cache debug@https://registry.npmjs.org/debug/-/debug-2.6.9.tgz 0ms (cache hit)
802 http cache debug@https://registry.npmjs.org/debug/-/debug-2.6.9.tgz 0ms (cache hit)
803 http cache encodeurl@https://registry.npmjs.org/encodeurl/-/encodeurl-2.0.0.tgz 0ms (cache hit)
804 http cache source-map@https://registry.npmjs.org/source-map/-/source-map-0.6.1.tgz 0ms (cache hit)
805 http cache loader-utils@https://registry.npmjs.org/loader-utils/-/loader-utils-2.0.4.tgz 0ms (cache hit)
806 http cache picomatch@https://registry.npmjs.org/picomatch/-/picomatch-2.3.2.tgz 0ms (cache hit)
807 http cache ipaddr.js@https://registry.npmjs.org/ipaddr.js/-/ipaddr.js-1.9.1.tgz 0ms (cache hit)
808 http cache entities@https://registry.npmjs.org/entities/-/entities-6.0.1.tgz 0ms (cache hit)
809 http cache lru-cache@https://registry.npmjs.org/lru-cache/-/lru-cache-10.4.3.tgz 0ms (cache hit)
810 http cache retry@https://registry.npmjs.org/retry/-/retry-0.13.1.tgz 0ms (cache hit)
811 http cache json-parse-even-better-errors@https://registry.npmjs.org/json-parse-even-better-errors/-/json-parse-even-better-errors-2.3.1.tgz 0ms (cache hit)
812 http cache cli-cursor@https://registry.npmjs.org/cli-cursor/-/cli-cursor-3.1.0.tgz 0ms (cache hit)
813 http cache restore-cursor@https://registry.npmjs.org/restore-cursor/-/restore-cursor-3.1.0.tgz 0ms (cache hit)
814 http cache signal-exit@https://registry.npmjs.org/signal-exit/-/signal-exit-3.0.7.tgz 0ms (cache hit)
815 http cache onetime@https://registry.npmjs.org/onetime/-/onetime-5.1.2.tgz 0ms (cache hit)
816 http cache which@https://registry.npmjs.org/which/-/which-4.0.0.tgz 0ms (cache hit)
817 http cache iconv-lite@https://registry.npmjs.org/iconv-lite/-/iconv-lite-0.6.3.tgz 0ms (cache hit)
818 http cache isexe@https://registry.npmjs.org/isexe/-/isexe-3.1.5.tgz 0ms (cache hit)
819 http cache glob@https://registry.npmjs.org/glob/-/glob-10.5.0.tgz 0ms (cache hit)
820 http cache brace-expansion@https://registry.npmjs.org/brace-expansion/-/brace-expansion-2.0.3.tgz 0ms (cache hit)
821 http cache minimatch@https://registry.npmjs.org/minimatch/-/minimatch-9.0.9.tgz 0ms (cache hit)
822 http cache yallist@https://registry.npmjs.org/yallist/-/yallist-4.0.0.tgz 0ms (cache hit)
823 http cache minipass@https://registry.npmjs.org/minipass/-/minipass-3.3.6.tgz 1ms (cache hit)
824 http cache minipass@https://registry.npmjs.org/minipass/-/minipass-3.3.6.tgz 0ms (cache hit)
825 http cache minipass@https://registry.npmjs.org/minipass/-/minipass-3.3.6.tgz 0ms (cache hit)
826 http cache yallist@https://registry.npmjs.org/yallist/-/yallist-4.0.0.tgz 0ms (cache hit)
827 http cache yallist@https://registry.npmjs.org/yallist/-/yallist-4.0.0.tgz 0ms (cache hit)
828 http cache picomatch@https://registry.npmjs.org/picomatch/-/picomatch-2.3.2.tgz 0ms (cache hit)
829 http cache minipass@https://registry.npmjs.org/minipass/-/minipass-3.3.6.tgz 0ms (cache hit)
830 http cache yallist@https://registry.npmjs.org/yallist/-/yallist-4.0.0.tgz 0ms (cache hit)
831 http cache strip-ansi@https://registry.npmjs.org/strip-ansi/-/strip-ansi-7.2.0.tgz 0ms (cache hit)
832 http cache slice-ansi@https://registry.npmjs.org/slice-ansi/-/slice-ansi-7.1.2.tgz 0ms (cache hit)
833 http cache wrap-ansi@https://registry.npmjs.org/wrap-ansi/-/wrap-ansi-9.0.2.tgz 0ms (cache hit)
834 http cache wrap-ansi@https://registry.npmjs.org/wrap-ansi/-/wrap-ansi-9.0.2.tgz 0ms (cache hit)
835 http cache ansi-styles@https://registry.npmjs.org/ansi-styles/-/ansi-styles-6.2.3.tgz 0ms (cache hit)
836 http cache is-fullwidth-code-point@https://registry.npmjs.org/is-fullwidth-code-point/-/is-fullwidth-code-point-5.1.0.tgz 0ms (cache hit)
837 http cache strip-ansi@https://registry.npmjs.org/strip-ansi/-/strip-ansi-7.2.0.tgz 0ms (cache hit)
838 http cache ansi-escapes@https://registry.npmjs.org/ansi-escapes/-/ansi-escapes-7.3.0.tgz 0ms (cache hit)
839 http cache source-map@https://registry.npmjs.org/source-map/-/source-map-0.6.1.tgz 0ms (cache hit)
840 http cache ansi-regex@https://registry.npmjs.org/ansi-regex/-/ansi-regex-6.2.2.tgz 0ms (cache hit)
841 http cache jasmine-core@https://registry.npmjs.org/jasmine-core/-/jasmine-core-4.6.1.tgz 0ms (cache hit)
842 http cache semver@https://registry.npmjs.org/semver/-/semver-5.7.2.tgz 0ms (cache hit)
843 http cache eventemitter3@https://registry.npmjs.org/eventemitter3/-/eventemitter3-5.0.4.tgz 0ms (cache hit)
844 http cache ansi-styles@https://registry.npmjs.org/ansi-styles/-/ansi-styles-6.2.3.tgz 0ms (cache hit)
845 http cache ansi-regex@https://registry.npmjs.org/ansi-regex/-/ansi-regex-6.2.2.tgz 0ms (cache hit)
846 http cache yargs@https://registry.npmjs.org/yargs/-/yargs-16.2.0.tgz 0ms (cache hit)
847 http cache istanbul-lib-instrument@https://registry.npmjs.org/istanbul-lib-instrument/-/istanbul-lib-instrument-5.2.1.tgz 0ms (cache hit)
848 http cache mime@https://registry.npmjs.org/mime/-/mime-1.6.0.tgz 0ms (cache hit)
849 http cache make-dir@https://registry.npmjs.org/make-dir/-/make-dir-2.1.0.tgz 0ms (cache hit)
850 http cache semver@https://registry.npmjs.org/semver/-/semver-6.3.1.tgz 0ms (cache hit)
851 http cache yargs-parser@https://registry.npmjs.org/yargs-parser/-/yargs-parser-20.2.9.tgz 0ms (cache hit)
852 http cache wrap-ansi@https://registry.npmjs.org/wrap-ansi/-/wrap-ansi-7.0.0.tgz 0ms (cache hit)
853 http cache tmp@https://registry.npmjs.org/tmp/-/tmp-0.2.5.tgz 0ms (cache hit)
854 http cache string-width@https://registry.npmjs.org/string-width/-/string-width-4.2.3.tgz 0ms (cache hit)
855 http cache source-map@https://registry.npmjs.org/source-map/-/source-map-0.6.1.tgz 0ms (cache hit)
856 http cache source-map@https://registry.npmjs.org/source-map/-/source-map-0.6.1.tgz 0ms (cache hit)
857 http cache supports-color@https://registry.npmjs.org/supports-color/-/supports-color-8.1.1.tgz 0ms (cache hit)
858 http cache cliui@https://registry.npmjs.org/cliui/-/cliui-7.0.4.tgz 0ms (cache hit)
859 http cache minimatch@https://registry.npmjs.org/minimatch/-/minimatch-9.0.9.tgz 0ms (cache hit)
860 http cache emoji-regex@https://registry.npmjs.org/emoji-regex/-/emoji-regex-8.0.0.tgz 0ms (cache hit)
861 http cache statuses@https://registry.npmjs.org/statuses/-/statuses-2.0.2.tgz 0ms (cache hit)
862 http cache is-fullwidth-code-point@https://registry.npmjs.org/is-fullwidth-code-point/-/is-fullwidth-code-point-3.0.0.tgz 0ms (cache hit)
863 http cache brace-expansion@https://registry.npmjs.org/brace-expansion/-/brace-expansion-2.0.3.tgz 0ms (cache hit)
864 http cache glob-parent@https://registry.npmjs.org/glob-parent/-/glob-parent-5.1.2.tgz 0ms (cache hit)
865 http cache lru-cache@https://registry.npmjs.org/lru-cache/-/lru-cache-10.4.3.tgz 0ms (cache hit)
866 http cache string_decoder@https://registry.npmjs.org/string_decoder/-/string_decoder-1.1.1.tgz 0ms (cache hit)
867 http cache safe-buffer@https://registry.npmjs.org/safe-buffer/-/safe-buffer-5.1.2.tgz 0ms (cache hit)
868 http cache fast-glob@https://registry.npmjs.org/fast-glob/-/fast-glob-3.3.3.tgz 0ms (cache hit)
869 http cache readable-stream@https://registry.npmjs.org/readable-stream/-/readable-stream-2.3.8.tgz 0ms (cache hit)
870 http cache ms@https://registry.npmjs.org/ms/-/ms-2.0.0.tgz 0ms (cache hit)
871 http cache glob-parent@https://registry.npmjs.org/glob-parent/-/glob-parent-5.1.2.tgz 0ms (cache hit)
872 http cache debug@https://registry.npmjs.org/debug/-/debug-2.6.9.tgz 0ms (cache hit)
873 http cache on-finished@https://registry.npmjs.org/on-finished/-/on-finished-2.3.0.tgz 0ms (cache hit)
874 http cache statuses@https://registry.npmjs.org/statuses/-/statuses-2.0.2.tgz 0ms (cache hit)
875 http cache ms@https://registry.npmjs.org/ms/-/ms-2.0.0.tgz 0ms (cache hit)
876 http cache estraverse@https://registry.npmjs.org/estraverse/-/estraverse-5.3.0.tgz 0ms (cache hit)
877 http cache iconv-lite@https://registry.npmjs.org/iconv-lite/-/iconv-lite-0.6.3.tgz 0ms (cache hit)
878 http cache finalhandler@https://registry.npmjs.org/finalhandler/-/finalhandler-1.3.2.tgz 0ms (cache hit)
879 http cache encodeurl@https://registry.npmjs.org/encodeurl/-/encodeurl-2.0.0.tgz 0ms (cache hit)
880 http cache debug@https://registry.npmjs.org/debug/-/debug-2.6.9.tgz 0ms (cache hit)
881 http cache which@https://registry.npmjs.org/which/-/which-2.0.2.tgz 0ms (cache hit)
882 http cache debug@https://registry.npmjs.org/debug/-/debug-2.6.9.tgz 0ms (cache hit)
883 http cache is-plain-object@https://registry.npmjs.org/is-plain-object/-/is-plain-object-2.0.4.tgz 0ms (cache hit)
884 http cache glob-parent@https://registry.npmjs.org/glob-parent/-/glob-parent-5.1.2.tgz 0ms (cache hit)
885 http cache wrap-ansi@https://registry.npmjs.org/wrap-ansi/-/wrap-ansi-7.0.0.tgz 0ms (cache hit)
886 http cache ms@https://registry.npmjs.org/ms/-/ms-2.0.0.tgz 0ms (cache hit)
887 http cache ms@https://registry.npmjs.org/ms/-/ms-2.0.0.tgz 0ms (cache hit)
888 http cache is-fullwidth-code-point@https://registry.npmjs.org/is-fullwidth-code-point/-/is-fullwidth-code-point-3.0.0.tgz 0ms (cache hit)
889 http cache debug@https://registry.npmjs.org/debug/-/debug-2.6.9.tgz 0ms (cache hit)
890 http cache minimatch@https://registry.npmjs.org/minimatch/-/minimatch-9.0.9.tgz 0ms (cache hit)
891 http cache ms@https://registry.npmjs.org/ms/-/ms-2.0.0.tgz 0ms (cache hit)
892 http cache emoji-regex@https://registry.npmjs.org/emoji-regex/-/emoji-regex-8.0.0.tgz 0ms (cache hit)
893 http cache debug@https://registry.npmjs.org/debug/-/debug-2.6.9.tgz 0ms (cache hit)
894 http cache string-width@https://registry.npmjs.org/string-width/-/string-width-4.2.3.tgz 0ms (cache hit)
895 http cache negotiator@https://registry.npmjs.org/negotiator/-/negotiator-0.6.3.tgz 0ms (cache hit)
896 http cache lru-cache@https://registry.npmjs.org/lru-cache/-/lru-cache-10.4.3.tgz 0ms (cache hit)
897 http cache brace-expansion@https://registry.npmjs.org/brace-expansion/-/brace-expansion-2.0.3.tgz 0ms (cache hit)
898 http cache picomatch@https://registry.npmjs.org/picomatch/-/picomatch-2.3.2.tgz 0ms (cache hit)
899 http cache glob@https://registry.npmjs.org/glob/-/glob-10.5.0.tgz 0ms (cache hit)
900 http cache loader-utils@https://registry.npmjs.org/loader-utils/-/loader-utils-2.0.4.tgz 0ms (cache hit)
901 http cache semver@https://registry.npmjs.org/semver/-/semver-6.3.1.tgz 0ms (cache hit)
902 http cache minimatch@https://registry.npmjs.org/minimatch/-/minimatch-9.0.9.tgz 0ms (cache hit)
903 http cache @types/send@https://registry.npmjs.org/@types/send/-/send-0.17.6.tgz 0ms (cache hit)
904 http cache isexe@https://registry.npmjs.org/isexe/-/isexe-3.1.5.tgz 0ms (cache hit)
905 http cache brace-expansion@https://registry.npmjs.org/brace-expansion/-/brace-expansion-2.0.3.tgz 0ms (cache hit)
906 http cache which@https://registry.npmjs.org/which/-/which-4.0.0.tgz 0ms (cache hit)
907 http cache which@https://registry.npmjs.org/which/-/which-4.0.0.tgz 0ms (cache hit)
908 http cache which@https://registry.npmjs.org/which/-/which-4.0.0.tgz 0ms (cache hit)
909 http cache minimatch@https://registry.npmjs.org/minimatch/-/minimatch-9.0.9.tgz 0ms (cache hit)
910 http cache isexe@https://registry.npmjs.org/isexe/-/isexe-3.1.5.tgz 0ms (cache hit)
911 http cache glob@https://registry.npmjs.org/glob/-/glob-10.5.0.tgz 0ms (cache hit)
912 http cache lru-cache@https://registry.npmjs.org/lru-cache/-/lru-cache-10.4.3.tgz 0ms (cache hit)
913 http cache brace-expansion@https://registry.npmjs.org/brace-expansion/-/brace-expansion-2.0.3.tgz 0ms (cache hit)
914 http cache isexe@https://registry.npmjs.org/isexe/-/isexe-3.1.5.tgz 0ms (cache hit)
915 http cache lru-cache@https://registry.npmjs.org/lru-cache/-/lru-cache-10.4.3.tgz 0ms (cache hit)
916 http cache @jsonjoy.com/buffers@https://registry.npmjs.org/@jsonjoy.com/buffers/-/buffers-1.2.1.tgz 0ms (cache hit)
917 http cache @jsonjoy.com/buffers@https://registry.npmjs.org/@jsonjoy.com/buffers/-/buffers-1.2.1.tgz 0ms (cache hit)
918 http cache @jsonjoy.com/json-pack@https://registry.npmjs.org/@jsonjoy.com/json-pack/-/json-pack-17.67.0.tgz 0ms (cache hit)
919 http cache @jsonjoy.com/util@https://registry.npmjs.org/@jsonjoy.com/util/-/util-17.67.0.tgz 0ms (cache hit)
920 http cache wrap-ansi@https://registry.npmjs.org/wrap-ansi/-/wrap-ansi-8.1.0.tgz 0ms (cache hit)
921 http cache string-width@https://registry.npmjs.org/string-width/-/string-width-5.1.2.tgz 0ms (cache hit)
922 http cache @jsonjoy.com/json-pointer@https://registry.npmjs.org/@jsonjoy.com/json-pointer/-/json-pointer-17.67.0.tgz 0ms (cache hit)
923 http cache @jsonjoy.com/base64@https://registry.npmjs.org/@jsonjoy.com/base64/-/base64-17.67.0.tgz 0ms (cache hit)
924 http cache @jsonjoy.com/codegen@https://registry.npmjs.org/@jsonjoy.com/codegen/-/codegen-17.67.0.tgz 0ms (cache hit)
925 http cache strip-ansi@https://registry.npmjs.org/strip-ansi/-/strip-ansi-7.2.0.tgz 0ms (cache hit)
926 http cache @inquirer/type@https://registry.npmjs.org/@inquirer/type/-/type-2.0.0.tgz 0ms (cache hit)
927 http cache @babel/generator@https://registry.npmjs.org/@babel/generator/-/generator-7.29.1.tgz 0ms (cache hit)
928 http cache ansi-styles@https://registry.npmjs.org/ansi-styles/-/ansi-styles-6.2.3.tgz 0ms (cache hit)
929 http cache semver@https://registry.npmjs.org/semver/-/semver-6.3.1.tgz 0ms (cache hit)
930 http cache @babel/plugin-syntax-import-attributes@https://registry.npmjs.org/@babel/plugin-syntax-import-attributes/-/plugin-syntax-import-attributes-7.28.6.tgz 0ms (cache hit)
931 http cache semver@https://registry.npmjs.org/semver/-/semver-6.3.1.tgz 0ms (cache hit)
932 http cache emoji-regex@https://registry.npmjs.org/emoji-regex/-/emoji-regex-9.2.2.tgz 0ms (cache hit)
933 http cache ansi-regex@https://registry.npmjs.org/ansi-regex/-/ansi-regex-6.2.2.tgz 0ms (cache hit)
934 http cache resolve@https://registry.npmjs.org/resolve/-/resolve-1.22.11.tgz 0ms (cache hit)
935 http cache semver@https://registry.npmjs.org/semver/-/semver-6.3.1.tgz 0ms (cache hit)
936 http cache @babel/helper-annotate-as-pure@https://registry.npmjs.org/@babel/helper-annotate-as-pure/-/helper-annotate-as-pure-7.27.3.tgz 0ms (cache hit)
937 http cache @babel/helper-annotate-as-pure@https://registry.npmjs.org/@babel/helper-annotate-as-pure/-/helper-annotate-as-pure-7.27.3.tgz 0ms (cache hit)
938 http cache @babel/helper-annotate-as-pure@https://registry.npmjs.org/@babel/helper-annotate-as-pure/-/helper-annotate-as-pure-7.27.3.tgz 0ms (cache hit)
939 http cache semver@https://registry.npmjs.org/semver/-/semver-6.3.1.tgz 0ms (cache hit)
940 http cache @babel/helper-annotate-as-pure@https://registry.npmjs.org/@babel/helper-annotate-as-pure/-/helper-annotate-as-pure-7.27.3.tgz 0ms (cache hit)
941 http cache @babel/helper-annotate-as-pure@https://registry.npmjs.org/@babel/helper-annotate-as-pure/-/helper-annotate-as-pure-7.27.3.tgz 0ms (cache hit)
942 http cache semver@https://registry.npmjs.org/semver/-/semver-6.3.1.tgz 0ms (cache hit)
943 http cache semver@https://registry.npmjs.org/semver/-/semver-6.3.1.tgz 0ms (cache hit)
944 http cache semver@https://registry.npmjs.org/semver/-/semver-6.3.1.tgz 0ms (cache hit)
945 http cache convert-source-map@https://registry.npmjs.org/convert-source-map/-/convert-source-map-2.0.0.tgz 0ms (cache hit)
946 http cache convert-source-map@https://registry.npmjs.org/convert-source-map/-/convert-source-map-2.0.0.tgz 0ms (cache hit)
947 http cache readdirp@https://registry.npmjs.org/readdirp/-/readdirp-4.1.2.tgz 0ms (cache hit)
948 http cache @babel/core@https://registry.npmjs.org/@babel/core/-/core-7.25.2.tgz 0ms (cache hit)
949 http cache chokidar@https://registry.npmjs.org/chokidar/-/chokidar-4.0.3.tgz 0ms (cache hit)
950 http cache @babel/helper-annotate-as-pure@https://registry.npmjs.org/@babel/helper-annotate-as-pure/-/helper-annotate-as-pure-7.24.7.tgz 0ms (cache hit)
951 http cache @babel/core@https://registry.npmjs.org/@babel/core/-/core-7.25.2.tgz 0ms (cache hit)
952 http cache convert-source-map@https://registry.npmjs.org/convert-source-map/-/convert-source-map-2.0.0.tgz 0ms (cache hit)
953 http cache rxjs@https://registry.npmjs.org/rxjs/-/rxjs-7.8.1.tgz 0ms (cache hit)
954 http cache semver@https://registry.npmjs.org/semver/-/semver-6.3.1.tgz 0ms (cache hit)
955 http cache rxjs@https://registry.npmjs.org/rxjs/-/rxjs-7.8.1.tgz 0ms (cache hit)
956 http cache tslib@https://registry.npmjs.org/tslib/-/tslib-2.6.3.tgz 0ms (cache hit)
957 http cache rxjs@https://registry.npmjs.org/rxjs/-/rxjs-7.8.1.tgz 0ms (cache hit)
958 http cache rxjs@https://registry.npmjs.org/rxjs/-/rxjs-7.8.1.tgz 0ms (cache hit)
959 http cache rxjs@https://registry.npmjs.org/rxjs/-/rxjs-7.8.1.tgz 0ms (cache hit)
960 warn deprecated inflight@1.0.6: This module is not supported, and leaks memory. Do not use it. Check out lru-cache if you want a good and tested way to coalesce async requests by a key value, which is much more comprehensive and powerful.
961 warn deprecated rimraf@3.0.2: Rimraf versions prior to v4 are no longer supported
962 warn deprecated glob@7.2.3: Old versions of glob are not supported, and contain widely publicized security vulnerabilities, which have been fixed in the current version. Please update. Support for old versions may be purchased (at exorbitant rates) by contacting i@izs.me
963 warn deprecated critters@0.0.24: Ownership of Critters has moved to the Nuxt team, who will be maintaining the project going forward. If you'd like to keep using Critters, please switch to the actively-maintained fork at https://github.com/danielroe/beasties
964 warn deprecated tar@6.2.1: Old versions of tar are not supported, and contain widely publicized security vulnerabilities, which have been fixed in the current version. Please update. Support for old versions may be purchased (at exorbitant rates) by contacting i@izs.me
965 warn deprecated glob@10.5.0: Old versions of glob are not supported, and contain widely publicized security vulnerabilities, which have been fixed in the current version. Please update. Support for old versions may be purchased (at exorbitant rates) by contacting i@izs.me
966 warn deprecated glob@10.5.0: Old versions of glob are not supported, and contain widely publicized security vulnerabilities, which have been fixed in the current version. Please update. Support for old versions may be purchased (at exorbitant rates) by contacting i@izs.me
967 warn deprecated glob@10.5.0: Old versions of glob are not supported, and contain widely publicized security vulnerabilities, which have been fixed in the current version. Please update. Support for old versions may be purchased (at exorbitant rates) by contacting i@izs.me
968 info run lmdb@3.0.13 install node_modules/lmdb node-gyp-build-optional-packages
969 info run msgpackr-extract@3.0.3 install node_modules/msgpackr-extract node-gyp-build-optional-packages
970 info run lmdb@3.0.13 install { code: 0, signal: null }
971 info run msgpackr-extract@3.0.3 install { code: 0, signal: null }
972 info run esbuild@0.23.0 postinstall node_modules/esbuild node install.js
973 info run esbuild@0.21.5 postinstall node_modules/vite/node_modules/esbuild node install.js
974 info run esbuild@0.23.0 postinstall { code: 0, signal: null }
975 info run esbuild@0.21.5 postinstall { code: 0, signal: null }
976 silly ADD node_modules/zone.js
977 silly ADD node_modules/yoctocolors-cjs
978 silly ADD node_modules/yocto-queue
979 silly ADD node_modules/yargs-parser
980 silly ADD node_modules/yargs
981 silly ADD node_modules/yargs/node_modules/string-width
982 silly ADD node_modules/yargs/node_modules/is-fullwidth-code-point
983 silly ADD node_modules/yargs/node_modules/emoji-regex
984 silly ADD node_modules/yallist
985 silly ADD node_modules/y18n
986 silly ADD node_modules/ws
987 silly ADD node_modules/wrappy
988 silly ADD node_modules/wrap-ansi-cjs
989 silly ADD node_modules/wrap-ansi-cjs/node_modules/string-width
990 silly ADD node_modules/wrap-ansi-cjs/node_modules/is-fullwidth-code-point
991 silly ADD node_modules/wrap-ansi-cjs/node_modules/emoji-regex
992 silly ADD node_modules/wrap-ansi
993 silly ADD node_modules/wrap-ansi/node_modules/string-width
994 silly ADD node_modules/wrap-ansi/node_modules/is-fullwidth-code-point
995 silly ADD node_modules/wrap-ansi/node_modules/emoji-regex
996 silly ADD node_modules/wildcard
997 silly ADD node_modules/which
998 silly ADD node_modules/websocket-extensions
999 silly ADD node_modules/websocket-driver
1000 silly ADD node_modules/webpack-subresource-integrity
1001 silly ADD node_modules/webpack-sources
1002 silly ADD node_modules/webpack-merge
1003 silly ADD node_modules/webpack-dev-server
1004 silly ADD node_modules/webpack-dev-server/node_modules/http-proxy-middleware
1005 silly ADD node_modules/webpack-dev-middleware
1006 silly ADD node_modules/webpack
1007 silly ADD node_modules/webpack/node_modules/schema-utils
1008 silly ADD node_modules/webpack/node_modules/json-schema-traverse
1009 silly ADD node_modules/webpack/node_modules/json-parse-even-better-errors
1010 silly ADD node_modules/webpack/node_modules/ajv-keywords
1011 silly ADD node_modules/webpack/node_modules/ajv
1012 silly ADD node_modules/weak-lru-cache
1013 silly ADD node_modules/wcwidth
1014 silly ADD node_modules/wbuf
1015 silly ADD node_modules/watchpack
1016 silly ADD node_modules/void-elements
1017 silly ADD node_modules/vite
1018 silly ADD node_modules/vite/node_modules/postcss
1019 silly ADD node_modules/vite/node_modules/esbuild
1020 silly ADD node_modules/vite/node_modules/@esbuild/win32-x64
1021 silly ADD node_modules/vary
1022 silly ADD node_modules/validate-npm-package-name
1023 silly ADD node_modules/validate-npm-package-license
1024 silly ADD node_modules/uuid
1025 silly ADD node_modules/utils-merge
1026 silly ADD node_modules/util-deprecate
1027 silly ADD node_modules/uri-js
1028 silly ADD node_modules/uri-js/node_modules/punycode
1029 silly ADD node_modules/update-browserslist-db
1030 silly ADD node_modules/unpipe
1031 silly ADD node_modules/universalify
1032 silly ADD node_modules/unique-slug
1033 silly ADD node_modules/unique-filename
1034 silly ADD node_modules/unicorn-magic
1035 silly ADD node_modules/unicode-property-aliases-ecmascript
1036 silly ADD node_modules/unicode-match-property-value-ecmascript
1037 silly ADD node_modules/unicode-match-property-ecmascript
1038 silly ADD node_modules/unicode-canonical-property-names-ecmascript
1039 silly ADD node_modules/undici-types
1040 silly ADD node_modules/ua-parser-js
1041 silly ADD node_modules/typescript
1042 silly ADD node_modules/typed-assert
1043 silly ADD node_modules/type-is
1044 silly ADD node_modules/type-fest
1045 silly ADD node_modules/tuf-js
1046 silly ADD node_modules/tslib
1047 silly ADD node_modules/tree-kill
1048 silly ADD node_modules/tree-dump
1049 silly ADD node_modules/toidentifier
1050 silly ADD node_modules/to-regex-range
1051 silly ADD node_modules/tmp
1052 silly ADD node_modules/thunky
1053 silly ADD node_modules/thingies
1054 silly ADD node_modules/terser-webpack-plugin
1055 silly ADD node_modules/terser
1056 silly ADD node_modules/tar
1057 silly ADD node_modules/tar/node_modules/yallist
1058 silly ADD node_modules/tar/node_modules/mkdirp
1059 silly ADD node_modules/tar/node_modules/minipass
1060 silly ADD node_modules/tar/node_modules/fs-minipass
1061 silly ADD node_modules/tar/node_modules/fs-minipass/node_modules/minipass
1062 silly ADD node_modules/tapable
1063 silly ADD node_modules/symbol-observable
1064 silly ADD node_modules/supports-preserve-symlinks-flag
1065 silly ADD node_modules/supports-color
1066 silly ADD node_modules/strip-ansi-cjs
1067 silly ADD node_modules/strip-ansi
1068 silly ADD node_modules/string-width-cjs
1069 silly ADD node_modules/string-width-cjs/node_modules/is-fullwidth-code-point
1070 silly ADD node_modules/string-width-cjs/node_modules/emoji-regex
1071 silly ADD node_modules/string-width
1072 silly ADD node_modules/string-width/node_modules/strip-ansi
1073 silly ADD node_modules/string-width/node_modules/ansi-regex
1074 silly ADD node_modules/string_decoder
1075 silly ADD node_modules/streamroller
1076 silly ADD node_modules/statuses
1077 silly ADD node_modules/ssri
1078 silly ADD node_modules/spdy-transport
1079 silly ADD node_modules/spdy
1080 silly ADD node_modules/spdx-license-ids
1081 silly ADD node_modules/spdx-expression-parse
1082 silly ADD node_modules/spdx-exceptions
1083 silly ADD node_modules/spdx-correct
1084 silly ADD node_modules/source-map-support
1085 silly ADD node_modules/source-map-support/node_modules/source-map
1086 silly ADD node_modules/source-map-loader
1087 silly ADD node_modules/source-map-loader/node_modules/iconv-lite
1088 silly ADD node_modules/source-map-js
1089 silly ADD node_modules/source-map
1090 silly ADD node_modules/socks-proxy-agent
1091 silly ADD node_modules/socks
1092 silly ADD node_modules/sockjs
1093 silly ADD node_modules/socket.io-parser
1094 silly ADD node_modules/socket.io-adapter
1095 silly ADD node_modules/socket.io
1096 silly ADD node_modules/smart-buffer
1097 silly ADD node_modules/slice-ansi
1098 silly ADD node_modules/slice-ansi/node_modules/ansi-styles
1099 silly ADD node_modules/slash
1100 silly ADD node_modules/sigstore
1101 silly ADD node_modules/signal-exit
1102 silly ADD node_modules/side-channel-weakmap
1103 silly ADD node_modules/side-channel-map
1104 silly ADD node_modules/side-channel-list
1105 silly ADD node_modules/side-channel
1106 silly ADD node_modules/shell-quote
1107 silly ADD node_modules/shebang-regex
1108 silly ADD node_modules/shebang-command
1109 silly ADD node_modules/shallow-clone
1110 silly ADD node_modules/setprototypeof
1111 silly ADD node_modules/serve-static
1112 silly ADD node_modules/serve-static/node_modules/encodeurl
1113 silly ADD node_modules/serve-index
1114 silly ADD node_modules/serve-index/node_modules/ms
1115 silly ADD node_modules/serve-index/node_modules/http-errors
1116 silly ADD node_modules/serve-index/node_modules/depd
1117 silly ADD node_modules/serve-index/node_modules/debug
1118 silly ADD node_modules/serialize-javascript
1119 silly ADD node_modules/send
1120 silly ADD node_modules/send/node_modules/statuses
1121 silly ADD node_modules/send/node_modules/mime
1122 silly ADD node_modules/send/node_modules/encodeurl
1123 silly ADD node_modules/send/node_modules/debug
1124 silly ADD node_modules/send/node_modules/debug/node_modules/ms
1125 silly ADD node_modules/semver
1126 silly ADD node_modules/selfsigned
1127 silly ADD node_modules/select-hose
1128 silly ADD node_modules/schema-utils
1129 silly ADD node_modules/schema-utils/node_modules/ajv-formats
1130 silly ADD node_modules/sax
1131 silly ADD node_modules/sass-loader
1132 silly ADD node_modules/sass
1133 silly ADD node_modules/safer-buffer
1134 silly ADD node_modules/safe-regex-test
1135 silly ADD node_modules/safe-buffer
1136 silly ADD node_modules/rxjs
1137 silly ADD node_modules/run-parallel
1138 silly ADD node_modules/run-applescript
1139 silly ADD node_modules/rollup
1140 silly ADD node_modules/rimraf
1141 silly ADD node_modules/rfdc
1142 silly ADD node_modules/reusify
1143 silly ADD node_modules/retry
1144 silly ADD node_modules/restore-cursor
1145 silly ADD node_modules/resolve-url-loader
1146 silly ADD node_modules/resolve-url-loader/node_modules/source-map
1147 silly ADD node_modules/resolve-url-loader/node_modules/loader-utils
1148 silly ADD node_modules/resolve-from
1149 silly ADD node_modules/resolve
1150 silly ADD node_modules/requires-port
1151 silly ADD node_modules/require-from-string
1152 silly ADD node_modules/require-directory
1153 silly ADD node_modules/regjsparser
1154 silly ADD node_modules/regjsgen
1155 silly ADD node_modules/regexpu-core
1156 silly ADD node_modules/regex-parser
1157 silly ADD node_modules/regenerator-runtime
1158 silly ADD node_modules/regenerate-unicode-properties
1159 silly ADD node_modules/regenerate
1160 silly ADD node_modules/reflect-metadata
1161 silly ADD node_modules/readdirp
1162 silly ADD node_modules/readdirp/node_modules/picomatch
1163 silly ADD node_modules/readable-stream
1164 silly ADD node_modules/raw-body
1165 silly ADD node_modules/range-parser
1166 silly ADD node_modules/randombytes
1167 silly ADD node_modules/queue-microtask
1168 silly ADD node_modules/qs
1169 silly ADD node_modules/qjobs
1170 silly ADD node_modules/punycode
1171 silly ADD node_modules/prr
1172 silly ADD node_modules/proxy-addr
1173 silly ADD node_modules/proxy-addr/node_modules/ipaddr.js
1174 silly ADD node_modules/promise-retry
1175 silly ADD node_modules/promise-inflight
1176 silly ADD node_modules/process-nextick-args
1177 silly ADD node_modules/proc-log
1178 silly ADD node_modules/postcss-value-parser
1179 silly ADD node_modules/postcss-selector-parser
1180 silly ADD node_modules/postcss-modules-values
1181 silly ADD node_modules/postcss-modules-scope
1182 silly ADD node_modules/postcss-modules-local-by-default
1183 silly ADD node_modules/postcss-modules-extract-imports
1184 silly ADD node_modules/postcss-media-query-parser
1185 silly ADD node_modules/postcss-loader
1186 silly ADD node_modules/postcss
1187 silly ADD node_modules/pkg-dir
1188 silly ADD node_modules/piscina
1189 silly ADD node_modules/pify
1190 silly ADD node_modules/picomatch
1191 silly ADD node_modules/picocolors
1192 silly ADD node_modules/path-type
1193 silly ADD node_modules/path-to-regexp
1194 silly ADD node_modules/path-scurry
1195 silly ADD node_modules/path-scurry/node_modules/lru-cache
1196 silly ADD node_modules/path-parse
1197 silly ADD node_modules/path-key
1198 silly ADD node_modules/path-is-absolute
1199 silly ADD node_modules/path-exists
1200 silly ADD node_modules/parseurl
1201 silly ADD node_modules/parse5-sax-parser
1202 silly ADD node_modules/parse5-html-rewriting-stream
1203 silly ADD node_modules/parse5
1204 silly ADD node_modules/parse5/node_modules/entities
1205 silly ADD node_modules/parse-node-version
1206 silly ADD node_modules/parse-json
1207 silly ADD node_modules/parse-json/node_modules/json-parse-even-better-errors
1208 silly ADD node_modules/parent-module
1209 silly ADD node_modules/pacote
1210 silly ADD node_modules/package-json-from-dist
1211 silly ADD node_modules/p-retry
1212 silly ADD node_modules/p-retry/node_modules/retry
1213 silly ADD node_modules/p-map
1214 silly ADD node_modules/p-locate
1215 silly ADD node_modules/p-limit
1216 silly ADD node_modules/os-tmpdir
1217 silly ADD node_modules/ordered-binary
1218 silly ADD node_modules/ora
1219 silly ADD node_modules/ora/node_modules/signal-exit
1220 silly ADD node_modules/ora/node_modules/restore-cursor
1221 silly ADD node_modules/ora/node_modules/onetime
1222 silly ADD node_modules/ora/node_modules/cli-cursor
1223 silly ADD node_modules/open
1224 silly ADD node_modules/onetime
1225 silly ADD node_modules/once
1226 silly ADD node_modules/on-headers
1227 silly ADD node_modules/on-finished
1228 silly ADD node_modules/obuf
1229 silly ADD node_modules/object-inspect
1230 silly ADD node_modules/object-assign
1231 silly ADD node_modules/nth-check
1232 silly ADD node_modules/npm-registry-fetch
1233 silly ADD node_modules/npm-pick-manifest
1234 silly ADD node_modules/npm-packlist
1235 silly ADD node_modules/npm-package-arg
1236 silly ADD node_modules/npm-normalize-package-bin
1237 silly ADD node_modules/npm-install-checks
1238 silly ADD node_modules/npm-bundled
1239 silly ADD node_modules/normalize-range
1240 silly ADD node_modules/normalize-path
1241 silly ADD node_modules/normalize-package-data
1242 silly ADD node_modules/nopt
1243 silly ADD node_modules/node-releases
1244 silly ADD node_modules/node-gyp-build-optional-packages
1245 silly ADD node_modules/node-gyp
1246 silly ADD node_modules/node-gyp/node_modules/which
1247 silly ADD node_modules/node-gyp/node_modules/minimatch
1248 silly ADD node_modules/node-gyp/node_modules/isexe
1249 silly ADD node_modules/node-gyp/node_modules/glob
1250 silly ADD node_modules/node-gyp/node_modules/brace-expansion
1251 silly ADD node_modules/node-forge
1252 silly ADD node_modules/node-addon-api
1253 silly ADD node_modules/neo-async
1254 silly ADD node_modules/negotiator
1255 silly ADD node_modules/needle
1256 silly ADD node_modules/needle/node_modules/iconv-lite
1257 silly ADD node_modules/nanoid
1258 silly ADD node_modules/mute-stream
1259 silly ADD node_modules/multicast-dns
1260 silly ADD node_modules/msgpackr-extract
1261 silly ADD node_modules/msgpackr
1262 silly ADD node_modules/ms
1263 silly ADD node_modules/mrmime
1264 silly ADD node_modules/mkdirp
1265 silly ADD node_modules/minizlib
1266 silly ADD node_modules/minizlib/node_modules/yallist
1267 silly ADD node_modules/minizlib/node_modules/minipass
1268 silly ADD node_modules/minipass-sized
1269 silly ADD node_modules/minipass-sized/node_modules/yallist
1270 silly ADD node_modules/minipass-sized/node_modules/minipass
1271 silly ADD node_modules/minipass-pipeline
1272 silly ADD node_modules/minipass-pipeline/node_modules/yallist
1273 silly ADD node_modules/minipass-pipeline/node_modules/minipass
1274 silly ADD node_modules/minipass-flush
1275 silly ADD node_modules/minipass-flush/node_modules/yallist
1276 silly ADD node_modules/minipass-flush/node_modules/minipass
1277 silly ADD node_modules/minipass-fetch
1278 silly ADD node_modules/minipass-collect
1279 silly ADD node_modules/minipass
1280 silly ADD node_modules/minimist
1281 silly ADD node_modules/minimatch
1282 silly ADD node_modules/minimalistic-assert
1283 silly ADD node_modules/mini-css-extract-plugin
1284 silly ADD node_modules/mimic-function
1285 silly ADD node_modules/mimic-fn
1286 silly ADD node_modules/mime-types
1287 silly ADD node_modules/mime-db
1288 silly ADD node_modules/mime
1289 silly ADD node_modules/micromatch
1290 silly ADD node_modules/micromatch/node_modules/picomatch
1291 silly ADD node_modules/methods
1292 silly ADD node_modules/merge2
1293 silly ADD node_modules/merge-stream
1294 silly ADD node_modules/merge-descriptors
1295 silly ADD node_modules/memfs
1296 silly ADD node_modules/media-typer
1297 silly ADD node_modules/math-intrinsics
1298 silly ADD node_modules/make-fetch-happen
1299 silly ADD node_modules/make-dir
1300 silly ADD node_modules/magic-string
1301 silly ADD node_modules/lru-cache
1302 silly ADD node_modules/log4js
1303 silly ADD node_modules/log-update
1304 silly ADD node_modules/log-update/node_modules/wrap-ansi
1305 silly ADD node_modules/log-update/node_modules/strip-ansi
1306 silly ADD node_modules/log-update/node_modules/slice-ansi
1307 silly ADD node_modules/log-update/node_modules/is-fullwidth-code-point
1308 silly ADD node_modules/log-update/node_modules/ansi-styles
1309 silly ADD node_modules/log-update/node_modules/ansi-regex
1310 silly ADD node_modules/log-update/node_modules/ansi-escapes
1311 silly ADD node_modules/log-symbols
1312 silly ADD node_modules/lodash.debounce
1313 silly ADD node_modules/lodash
1314 silly ADD node_modules/locate-path
1315 silly ADD node_modules/loader-utils
1316 silly ADD node_modules/loader-runner
1317 silly ADD node_modules/lmdb
1318 silly ADD node_modules/listr2
1319 silly ADD node_modules/listr2/node_modules/wrap-ansi
1320 silly ADD node_modules/listr2/node_modules/strip-ansi
1321 silly ADD node_modules/listr2/node_modules/eventemitter3
1322 silly ADD node_modules/listr2/node_modules/ansi-styles
1323 silly ADD node_modules/listr2/node_modules/ansi-regex
1324 silly ADD node_modules/lines-and-columns
1325 silly ADD node_modules/license-webpack-plugin
1326 silly ADD node_modules/less-loader
1327 silly ADD node_modules/less
1328 silly ADD node_modules/less/node_modules/source-map
1329 silly ADD node_modules/less/node_modules/semver
1330 silly ADD node_modules/less/node_modules/mime
1331 silly ADD node_modules/less/node_modules/make-dir
1332 silly ADD node_modules/launch-editor
1333 silly ADD node_modules/kind-of
1334 silly ADD node_modules/karma-source-map-support
1335 silly ADD node_modules/karma-jasmine-html-reporter
1336 silly ADD node_modules/karma-jasmine
1337 silly ADD node_modules/karma-jasmine/node_modules/jasmine-core
1338 silly ADD node_modules/karma-coverage
1339 silly ADD node_modules/karma-coverage/node_modules/semver
1340 silly ADD node_modules/karma-coverage/node_modules/istanbul-lib-instrument
1341 silly ADD node_modules/karma-chrome-launcher
1342 silly ADD node_modules/karma
1343 silly ADD node_modules/karma/node_modules/yargs-parser
1344 silly ADD node_modules/karma/node_modules/yargs
1345 silly ADD node_modules/karma/node_modules/wrap-ansi
1346 silly ADD node_modules/karma/node_modules/tmp
1347 silly ADD node_modules/karma/node_modules/string-width
1348 silly ADD node_modules/karma/node_modules/source-map
1349 silly ADD node_modules/karma/node_modules/is-fullwidth-code-point
1350 silly ADD node_modules/karma/node_modules/emoji-regex
1351 silly ADD node_modules/karma/node_modules/cliui
1352 silly ADD node_modules/jsonparse
1353 silly ADD node_modules/jsonfile
1354 silly ADD node_modules/jsonc-parser
1355 silly ADD node_modules/json5
1356 silly ADD node_modules/json-schema-traverse
1357 silly ADD node_modules/json-parse-even-better-errors
1358 silly ADD node_modules/jsesc
1359 silly ADD node_modules/js-yaml
1360 silly ADD node_modules/js-tokens
1361 silly ADD node_modules/jiti
1362 silly ADD node_modules/jest-worker
1363 silly ADD node_modules/jest-worker/node_modules/supports-color
1364 silly ADD node_modules/jasmine-core
1365 silly ADD node_modules/jackspeak
1366 silly ADD node_modules/istanbul-reports
1367 silly ADD node_modules/istanbul-lib-source-maps
1368 silly ADD node_modules/istanbul-lib-source-maps/node_modules/source-map
1369 silly ADD node_modules/istanbul-lib-report
1370 silly ADD node_modules/istanbul-lib-instrument
1371 silly ADD node_modules/istanbul-lib-coverage
1372 silly ADD node_modules/isobject
1373 silly ADD node_modules/isexe
1374 silly ADD node_modules/isbinaryfile
1375 silly ADD node_modules/isarray
1376 silly ADD node_modules/is-wsl
1377 silly ADD node_modules/is-what
1378 silly ADD node_modules/is-unicode-supported
1379 silly ADD node_modules/is-regex
1380 silly ADD node_modules/is-plain-object
1381 silly ADD node_modules/is-plain-obj
1382 silly ADD node_modules/is-number
1383 silly ADD node_modules/is-network-error
1384 silly ADD node_modules/is-lambda
1385 silly ADD node_modules/is-interactive
1386 silly ADD node_modules/is-inside-container
1387 silly ADD node_modules/is-glob
1388 silly ADD node_modules/is-fullwidth-code-point
1389 silly ADD node_modules/is-extglob
1390 silly ADD node_modules/is-docker
1391 silly ADD node_modules/is-core-module
1392 silly ADD node_modules/is-binary-path
1393 silly ADD node_modules/is-arrayish
1394 silly ADD node_modules/ipaddr.js
1395 silly ADD node_modules/ip-address
1396 silly ADD node_modules/ini
1397 silly ADD node_modules/inherits
1398 silly ADD node_modules/inflight
1399 silly ADD node_modules/indent-string
1400 silly ADD node_modules/imurmurhash
1401 silly ADD node_modules/import-fresh
1402 silly ADD node_modules/immutable
1403 silly ADD node_modules/image-size
1404 silly ADD node_modules/ignore-walk
1405 silly ADD node_modules/ignore-walk/node_modules/minimatch
1406 silly ADD node_modules/ignore-walk/node_modules/brace-expansion
1407 silly ADD node_modules/ignore
1408 silly ADD node_modules/ieee754
1409 silly ADD node_modules/icss-utils
1410 silly ADD node_modules/iconv-lite
1411 silly ADD node_modules/hyperdyperid
1412 silly ADD node_modules/https-proxy-agent
1413 silly ADD node_modules/http-proxy-middleware
1414 silly ADD node_modules/http-proxy-agent
1415 silly ADD node_modules/http-proxy
1416 silly ADD node_modules/http-parser-js
1417 silly ADD node_modules/http-errors
1418 silly ADD node_modules/http-errors/node_modules/statuses
1419 silly ADD node_modules/http-deceiver
1420 silly ADD node_modules/http-cache-semantics
1421 silly ADD node_modules/htmlparser2
1422 silly ADD node_modules/html-escaper
1423 silly ADD node_modules/hpack.js
1424 silly ADD node_modules/hpack.js/node_modules/string_decoder
1425 silly ADD node_modules/hpack.js/node_modules/safe-buffer
1426 silly ADD node_modules/hpack.js/node_modules/readable-stream
1427 silly ADD node_modules/hosted-git-info
1428 silly ADD node_modules/hosted-git-info/node_modules/lru-cache
1429 silly ADD node_modules/hasown
1430 silly ADD node_modules/has-tostringtag
1431 silly ADD node_modules/has-symbols
1432 silly ADD node_modules/has-flag
1433 silly ADD node_modules/handle-thing
1434 silly ADD node_modules/graceful-fs
1435 silly ADD node_modules/gopd
1436 silly ADD node_modules/globby
1437 silly ADD node_modules/globby/node_modules/glob-parent
1438 silly ADD node_modules/globby/node_modules/fast-glob
1439 silly ADD node_modules/glob-to-regexp
1440 silly ADD node_modules/glob-to-regex.js
1441 silly ADD node_modules/glob-parent
1442 silly ADD node_modules/glob
1443 silly ADD node_modules/get-proto
1444 silly ADD node_modules/get-intrinsic
1445 silly ADD node_modules/get-east-asian-width
1446 silly ADD node_modules/get-caller-file
1447 silly ADD node_modules/gensync
1448 silly ADD node_modules/function-bind
1449 silly ADD node_modules/fs.realpath
1450 silly ADD node_modules/fs-minipass
1451 silly ADD node_modules/fs-extra
1452 silly ADD node_modules/fresh
1453 silly ADD node_modules/fraction.js
1454 silly ADD node_modules/forwarded
1455 silly ADD node_modules/foreground-child
1456 silly ADD node_modules/follow-redirects
1457 silly ADD node_modules/flatted
1458 silly ADD node_modules/flat
1459 silly ADD node_modules/find-up
1460 silly ADD node_modules/find-cache-dir
1461 silly ADD node_modules/finalhandler
1462 silly ADD node_modules/finalhandler/node_modules/on-finished
1463 silly ADD node_modules/finalhandler/node_modules/ms
1464 silly ADD node_modules/finalhandler/node_modules/debug
1465 silly ADD node_modules/fill-range
1466 silly ADD node_modules/faye-websocket
1467 silly ADD node_modules/fastq
1468 silly ADD node_modules/fast-uri
1469 silly ADD node_modules/fast-json-stable-stringify
1470 silly ADD node_modules/fast-glob
1471 silly ADD node_modules/fast-glob/node_modules/glob-parent
1472 silly ADD node_modules/fast-deep-equal
1473 silly ADD node_modules/external-editor
1474 silly ADD node_modules/extend
1475 silly ADD node_modules/express
1476 silly ADD node_modules/express/node_modules/statuses
1477 silly ADD node_modules/express/node_modules/ms
1478 silly ADD node_modules/express/node_modules/finalhandler
1479 silly ADD node_modules/express/node_modules/encodeurl
1480 silly ADD node_modules/express/node_modules/debug
1481 silly ADD node_modules/exponential-backoff
1482 silly ADD node_modules/events
1483 silly ADD node_modules/eventemitter3
1484 silly ADD node_modules/etag
1485 silly ADD node_modules/esutils
1486 silly ADD node_modules/estraverse
1487 silly ADD node_modules/esrecurse
1488 silly ADD node_modules/esrecurse/node_modules/estraverse
1489 silly ADD node_modules/eslint-scope
1490 silly ADD node_modules/escape-html
1491 silly ADD node_modules/escalade
1492 silly ADD node_modules/esbuild-wasm
1493 silly ADD node_modules/esbuild
1494 silly ADD node_modules/es-object-atoms
1495 silly ADD node_modules/es-module-lexer
1496 silly ADD node_modules/es-errors
1497 silly ADD node_modules/es-define-property
1498 silly ADD node_modules/error-ex
1499 silly ADD node_modules/errno
1500 silly ADD node_modules/err-code
1501 silly ADD node_modules/environment
1502 silly ADD node_modules/env-paths
1503 silly ADD node_modules/entities
1504 silly ADD node_modules/ent
1505 silly ADD node_modules/enhanced-resolve
1506 silly ADD node_modules/engine.io-parser
1507 silly ADD node_modules/engine.io
1508 silly ADD node_modules/encoding
1509 silly ADD node_modules/encoding/node_modules/iconv-lite
1510 silly ADD node_modules/encodeurl
1511 silly ADD node_modules/emojis-list
1512 silly ADD node_modules/emoji-regex
1513 silly ADD node_modules/electron-to-chromium
1514 silly ADD node_modules/ee-first
1515 silly ADD node_modules/eastasianwidth
1516 silly ADD node_modules/dunder-proto
1517 silly ADD node_modules/domutils
1518 silly ADD node_modules/domhandler
1519 silly ADD node_modules/domelementtype
1520 silly ADD node_modules/dom-serializer
1521 silly ADD node_modules/dom-serialize
1522 silly ADD node_modules/dns-packet
1523 silly ADD node_modules/di
1524 silly ADD node_modules/detect-node
1525 silly ADD node_modules/detect-libc
1526 silly ADD node_modules/destroy
1527 silly ADD node_modules/depd
1528 silly ADD node_modules/define-lazy-prop
1529 silly ADD node_modules/defaults
1530 silly ADD node_modules/default-browser-id
1531 silly ADD node_modules/default-browser
1532 silly ADD node_modules/debug
1533 silly ADD node_modules/date-format
1534 silly ADD node_modules/custom-event
1535 silly ADD node_modules/cssesc
1536 silly ADD node_modules/css-what
1537 silly ADD node_modules/css-select
1538 silly ADD node_modules/css-loader
1539 silly ADD node_modules/cross-spawn
1540 silly ADD node_modules/cross-spawn/node_modules/which
1541 silly ADD node_modules/critters
1542 silly ADD node_modules/cosmiconfig
1543 silly ADD node_modules/cors
1544 silly ADD node_modules/core-util-is
1545 silly ADD node_modules/core-js-compat
1546 silly ADD node_modules/copy-webpack-plugin
1547 silly ADD node_modules/copy-anything
1548 silly ADD node_modules/cookie-signature
1549 silly ADD node_modules/cookie
1550 silly ADD node_modules/convert-source-map
1551 silly ADD node_modules/content-type
1552 silly ADD node_modules/content-disposition
1553 silly ADD node_modules/connect-history-api-fallback
1554 silly ADD node_modules/connect
1555 silly ADD node_modules/connect/node_modules/ms
1556 silly ADD node_modules/connect/node_modules/debug
1557 silly ADD node_modules/concat-map
1558 silly ADD node_modules/compression
1559 silly ADD node_modules/compression/node_modules/ms
1560 silly ADD node_modules/compression/node_modules/debug
1561 silly ADD node_modules/compressible
1562 silly ADD node_modules/common-path-prefix
1563 silly ADD node_modules/commander
1564 silly ADD node_modules/colorette
1565 silly ADD node_modules/color-name
1566 silly ADD node_modules/color-convert
1567 silly ADD node_modules/clone-deep
1568 silly ADD node_modules/clone-deep/node_modules/is-plain-object
1569 silly ADD node_modules/clone
1570 silly ADD node_modules/cliui
1571 silly ADD node_modules/cliui/node_modules/wrap-ansi
1572 silly ADD node_modules/cliui/node_modules/string-width
1573 silly ADD node_modules/cliui/node_modules/is-fullwidth-code-point
1574 silly ADD node_modules/cliui/node_modules/emoji-regex
1575 silly ADD node_modules/cli-width
1576 silly ADD node_modules/cli-truncate
1577 silly ADD node_modules/cli-spinners
1578 silly ADD node_modules/cli-cursor
1579 silly ADD node_modules/clean-stack
1580 silly ADD node_modules/chrome-trace-event
1581 silly ADD node_modules/chownr
1582 silly ADD node_modules/chokidar
1583 silly ADD node_modules/chokidar/node_modules/glob-parent
1584 silly ADD node_modules/chardet
1585 silly ADD node_modules/chalk
1586 silly ADD node_modules/caniuse-lite
1587 silly ADD node_modules/callsites
1588 silly ADD node_modules/call-bound
1589 silly ADD node_modules/call-bind-apply-helpers
1590 silly ADD node_modules/cacache
1591 silly ADD node_modules/cacache/node_modules/minimatch
1592 silly ADD node_modules/cacache/node_modules/lru-cache
1593 silly ADD node_modules/cacache/node_modules/glob
1594 silly ADD node_modules/cacache/node_modules/brace-expansion
1595 silly ADD node_modules/bytes
1596 silly ADD node_modules/bundle-name
1597 silly ADD node_modules/buffer-from
1598 silly ADD node_modules/buffer
1599 silly ADD node_modules/browserslist
1600 silly ADD node_modules/braces
1601 silly ADD node_modules/brace-expansion
1602 silly ADD node_modules/boolbase
1603 silly ADD node_modules/bonjour-service
1604 silly ADD node_modules/body-parser
1605 silly ADD node_modules/body-parser/node_modules/ms
1606 silly ADD node_modules/body-parser/node_modules/debug
1607 silly ADD node_modules/bl
1608 silly ADD node_modules/binary-extensions
1609 silly ADD node_modules/big.js
1610 silly ADD node_modules/batch
1611 silly ADD node_modules/baseline-browser-mapping
1612 silly ADD node_modules/base64id
1613 silly ADD node_modules/base64-js
1614 silly ADD node_modules/balanced-match
1615 silly ADD node_modules/babel-plugin-polyfill-regenerator
1616 silly ADD node_modules/babel-plugin-polyfill-corejs3
1617 silly ADD node_modules/babel-plugin-polyfill-corejs2
1618 silly ADD node_modules/babel-plugin-polyfill-corejs2/node_modules/semver
1619 silly ADD node_modules/babel-loader
1620 silly ADD node_modules/autoprefixer
1621 silly ADD node_modules/array-flatten
1622 silly ADD node_modules/argparse
1623 silly ADD node_modules/anymatch
1624 silly ADD node_modules/anymatch/node_modules/picomatch
1625 silly ADD node_modules/ansi-styles
1626 silly ADD node_modules/ansi-regex
1627 silly ADD node_modules/ansi-html-community
1628 silly ADD node_modules/ansi-escapes
1629 silly ADD node_modules/ansi-colors
1630 silly ADD node_modules/ajv-keywords
1631 silly ADD node_modules/ajv-formats
1632 silly ADD node_modules/ajv
1633 silly ADD node_modules/aggregate-error
1634 silly ADD node_modules/agent-base
1635 silly ADD node_modules/adjust-sourcemap-loader
1636 silly ADD node_modules/adjust-sourcemap-loader/node_modules/loader-utils
1637 silly ADD node_modules/acorn-import-attributes
1638 silly ADD node_modules/acorn
1639 silly ADD node_modules/accepts
1640 silly ADD node_modules/accepts/node_modules/negotiator
1641 silly ADD node_modules/abbrev
1642 silly ADD node_modules/@yarnpkg/lockfile
1643 silly ADD node_modules/@xtuc/long
1644 silly ADD node_modules/@xtuc/ieee754
1645 silly ADD node_modules/@webassemblyjs/wast-printer
1646 silly ADD node_modules/@webassemblyjs/wasm-parser
1647 silly ADD node_modules/@webassemblyjs/wasm-opt
1648 silly ADD node_modules/@webassemblyjs/wasm-gen
1649 silly ADD node_modules/@webassemblyjs/wasm-edit
1650 silly ADD node_modules/@webassemblyjs/utf8
1651 silly ADD node_modules/@webassemblyjs/leb128
1652 silly ADD node_modules/@webassemblyjs/ieee754
1653 silly ADD node_modules/@webassemblyjs/helper-wasm-section
1654 silly ADD node_modules/@webassemblyjs/helper-wasm-bytecode
1655 silly ADD node_modules/@webassemblyjs/helper-numbers
1656 silly ADD node_modules/@webassemblyjs/helper-buffer
1657 silly ADD node_modules/@webassemblyjs/helper-api-error
1658 silly ADD node_modules/@webassemblyjs/floating-point-hex-parser
1659 silly ADD node_modules/@webassemblyjs/ast
1660 silly ADD node_modules/@vitejs/plugin-basic-ssl
1661 silly ADD node_modules/@types/ws
1662 silly ADD node_modules/@types/wrap-ansi
1663 silly ADD node_modules/@types/sockjs
1664 silly ADD node_modules/@types/serve-static
1665 silly ADD node_modules/@types/serve-static/node_modules/@types/send
1666 silly ADD node_modules/@types/serve-index
1667 silly ADD node_modules/@types/send
1668 silly ADD node_modules/@types/retry
1669 silly ADD node_modules/@types/range-parser
1670 silly ADD node_modules/@types/qs
1671 silly ADD node_modules/@types/node-forge
1672 silly ADD node_modules/@types/node
1673 silly ADD node_modules/@types/mute-stream
1674 silly ADD node_modules/@types/mime
1675 silly ADD node_modules/@types/json-schema
1676 silly ADD node_modules/@types/jasmine
1677 silly ADD node_modules/@types/http-proxy
1678 silly ADD node_modules/@types/http-errors
1679 silly ADD node_modules/@types/express-serve-static-core
1680 silly ADD node_modules/@types/express
1681 silly ADD node_modules/@types/estree
1682 silly ADD node_modules/@types/cors
1683 silly ADD node_modules/@types/connect-history-api-fallback
1684 silly ADD node_modules/@types/connect
1685 silly ADD node_modules/@types/bonjour
1686 silly ADD node_modules/@types/body-parser
1687 silly ADD node_modules/@tufjs/models
1688 silly ADD node_modules/@tufjs/models/node_modules/minimatch
1689 silly ADD node_modules/@tufjs/models/node_modules/brace-expansion
1690 silly ADD node_modules/@tufjs/canonical-json
1691 silly ADD node_modules/@socket.io/component-emitter
1692 silly ADD node_modules/@sindresorhus/merge-streams
1693 silly ADD node_modules/@sigstore/verify
1694 silly ADD node_modules/@sigstore/tuf
1695 silly ADD node_modules/@sigstore/sign
1696 silly ADD node_modules/@sigstore/protobuf-specs
1697 silly ADD node_modules/@sigstore/core
1698 silly ADD node_modules/@sigstore/bundle
1699 silly ADD node_modules/@schematics/angular
1700 silly ADD node_modules/@rollup/rollup-win32-x64-msvc
1701 silly ADD node_modules/@pkgjs/parseargs
1702 silly ADD node_modules/@npmcli/run-script
1703 silly ADD node_modules/@npmcli/run-script/node_modules/which
1704 silly ADD node_modules/@npmcli/run-script/node_modules/isexe
1705 silly ADD node_modules/@npmcli/redact
1706 silly ADD node_modules/@npmcli/promise-spawn
1707 silly ADD node_modules/@npmcli/promise-spawn/node_modules/which
1708 silly ADD node_modules/@npmcli/promise-spawn/node_modules/isexe
1709 silly ADD node_modules/@npmcli/package-json
1710 silly ADD node_modules/@npmcli/package-json/node_modules/minimatch
1711 silly ADD node_modules/@npmcli/package-json/node_modules/glob
1712 silly ADD node_modules/@npmcli/package-json/node_modules/brace-expansion
1713 silly ADD node_modules/@npmcli/node-gyp
1714 silly ADD node_modules/@npmcli/installed-package-contents
1715 silly ADD node_modules/@npmcli/git
1716 silly ADD node_modules/@npmcli/git/node_modules/which
1717 silly ADD node_modules/@npmcli/git/node_modules/lru-cache
1718 silly ADD node_modules/@npmcli/git/node_modules/isexe
1719 silly ADD node_modules/@npmcli/fs
1720 silly ADD node_modules/@npmcli/agent
1721 silly ADD node_modules/@npmcli/agent/node_modules/lru-cache
1722 silly ADD node_modules/@nodelib/fs.walk
1723 silly ADD node_modules/@nodelib/fs.stat
1724 silly ADD node_modules/@nodelib/fs.scandir
1725 silly ADD node_modules/@ngtools/webpack
1726 silly ADD node_modules/@msgpackr-extract/msgpackr-extract-win32-x64
1727 silly ADD node_modules/@lmdb/lmdb-win32-x64
1728 silly ADD node_modules/@listr2/prompt-adapter-inquirer
1729 silly ADD node_modules/@leichtgewicht/ip-codec
1730 silly ADD node_modules/@jsonjoy.com/util
1731 silly ADD node_modules/@jsonjoy.com/util/node_modules/@jsonjoy.com/buffers
1732 silly ADD node_modules/@jsonjoy.com/json-pointer
1733 silly ADD node_modules/@jsonjoy.com/json-pack
1734 silly ADD node_modules/@jsonjoy.com/json-pack/node_modules/@jsonjoy.com/buffers
1735 silly ADD node_modules/@jsonjoy.com/fs-snapshot
1736 silly ADD node_modules/@jsonjoy.com/fs-snapshot/node_modules/@jsonjoy.com/util
1737 silly ADD node_modules/@jsonjoy.com/fs-snapshot/node_modules/@jsonjoy.com/json-pointer
1738 silly ADD node_modules/@jsonjoy.com/fs-snapshot/node_modules/@jsonjoy.com/json-pack
1739 silly ADD node_modules/@jsonjoy.com/fs-snapshot/node_modules/@jsonjoy.com/codegen
1740 silly ADD node_modules/@jsonjoy.com/fs-snapshot/node_modules/@jsonjoy.com/base64
1741 silly ADD node_modules/@jsonjoy.com/fs-print
1742 silly ADD node_modules/@jsonjoy.com/fs-node-utils
1743 silly ADD node_modules/@jsonjoy.com/fs-node-to-fsa
1744 silly ADD node_modules/@jsonjoy.com/fs-node-builtins
1745 silly ADD node_modules/@jsonjoy.com/fs-node
1746 silly ADD node_modules/@jsonjoy.com/fs-fsa
1747 silly ADD node_modules/@jsonjoy.com/fs-core
1748 silly ADD node_modules/@jsonjoy.com/codegen
1749 silly ADD node_modules/@jsonjoy.com/buffers
1750 silly ADD node_modules/@jsonjoy.com/base64
1751 silly ADD node_modules/@jridgewell/trace-mapping
1752 silly ADD node_modules/@jridgewell/sourcemap-codec
1753 silly ADD node_modules/@jridgewell/source-map
1754 silly ADD node_modules/@jridgewell/resolve-uri
1755 silly ADD node_modules/@jridgewell/gen-mapping
1756 silly ADD node_modules/@istanbuljs/schema
1757 silly ADD node_modules/@isaacs/cliui
1758 silly ADD node_modules/@isaacs/cliui/node_modules/wrap-ansi
1759 silly ADD node_modules/@isaacs/cliui/node_modules/strip-ansi
1760 silly ADD node_modules/@isaacs/cliui/node_modules/string-width
1761 silly ADD node_modules/@isaacs/cliui/node_modules/emoji-regex
1762 silly ADD node_modules/@isaacs/cliui/node_modules/ansi-styles
1763 silly ADD node_modules/@isaacs/cliui/node_modules/ansi-regex
1764 silly ADD node_modules/@inquirer/type
1765 silly ADD node_modules/@inquirer/select
1766 silly ADD node_modules/@inquirer/search
1767 silly ADD node_modules/@inquirer/rawlist
1768 silly ADD node_modules/@inquirer/prompts
1769 silly ADD node_modules/@inquirer/password
1770 silly ADD node_modules/@inquirer/number
1771 silly ADD node_modules/@inquirer/input
1772 silly ADD node_modules/@inquirer/figures
1773 silly ADD node_modules/@inquirer/expand
1774 silly ADD node_modules/@inquirer/editor
1775 silly ADD node_modules/@inquirer/core
1776 silly ADD node_modules/@inquirer/core/node_modules/@inquirer/type
1777 silly ADD node_modules/@inquirer/confirm
1778 silly ADD node_modules/@inquirer/checkbox
1779 silly ADD node_modules/@esbuild/win32-x64
1780 silly ADD node_modules/@discoveryjs/json-ext
1781 silly ADD node_modules/@colors/colors
1782 silly ADD node_modules/@babel/types
1783 silly ADD node_modules/@babel/traverse
1784 silly ADD node_modules/@babel/traverse/node_modules/@babel/generator
1785 silly ADD node_modules/@babel/template
1786 silly ADD node_modules/@babel/runtime
1787 silly ADD node_modules/@babel/preset-modules
1788 silly ADD node_modules/@babel/preset-env
1789 silly ADD node_modules/@babel/preset-env/node_modules/semver
1790 silly ADD node_modules/@babel/preset-env/node_modules/@babel/plugin-syntax-import-attributes
1791 silly ADD node_modules/@babel/plugin-transform-unicode-sets-regex
1792 silly ADD node_modules/@babel/plugin-transform-unicode-regex
1793 silly ADD node_modules/@babel/plugin-transform-unicode-property-regex
1794 silly ADD node_modules/@babel/plugin-transform-unicode-escapes
1795 silly ADD node_modules/@babel/plugin-transform-typeof-symbol
1796 silly ADD node_modules/@babel/plugin-transform-template-literals
1797 silly ADD node_modules/@babel/plugin-transform-sticky-regex
1798 silly ADD node_modules/@babel/plugin-transform-spread
1799 silly ADD node_modules/@babel/plugin-transform-shorthand-properties
1800 silly ADD node_modules/@babel/plugin-transform-runtime
1801 silly ADD node_modules/@babel/plugin-transform-runtime/node_modules/semver
1802 silly ADD node_modules/@babel/plugin-transform-reserved-words
1803 silly ADD node_modules/@babel/plugin-transform-regexp-modifiers
1804 silly ADD node_modules/@babel/plugin-transform-regenerator
1805 silly ADD node_modules/@babel/plugin-transform-property-literals
1806 silly ADD node_modules/@babel/plugin-transform-private-property-in-object
1807 silly ADD node_modules/@babel/plugin-transform-private-property-in-object/node_modules/@babel/helper-annotate-as-pure
1808 silly ADD node_modules/@babel/plugin-transform-private-methods
1809 silly ADD node_modules/@babel/plugin-transform-parameters
1810 silly ADD node_modules/@babel/plugin-transform-optional-chaining
1811 silly ADD node_modules/@babel/plugin-transform-optional-catch-binding
1812 silly ADD node_modules/@babel/plugin-transform-object-super
1813 silly ADD node_modules/@babel/plugin-transform-object-rest-spread
1814 silly ADD node_modules/@babel/plugin-transform-numeric-separator
1815 silly ADD node_modules/@babel/plugin-transform-nullish-coalescing-operator
1816 silly ADD node_modules/@babel/plugin-transform-new-target
1817 silly ADD node_modules/@babel/plugin-transform-named-capturing-groups-regex
1818 silly ADD node_modules/@babel/plugin-transform-modules-umd
1819 silly ADD node_modules/@babel/plugin-transform-modules-systemjs
1820 silly ADD node_modules/@babel/plugin-transform-modules-commonjs
1821 silly ADD node_modules/@babel/plugin-transform-modules-amd
1822 silly ADD node_modules/@babel/plugin-transform-member-expression-literals
1823 silly ADD node_modules/@babel/plugin-transform-logical-assignment-operators
1824 silly ADD node_modules/@babel/plugin-transform-literals
1825 silly ADD node_modules/@babel/plugin-transform-json-strings
1826 silly ADD node_modules/@babel/plugin-transform-function-name
1827 silly ADD node_modules/@babel/plugin-transform-for-of
1828 silly ADD node_modules/@babel/plugin-transform-export-namespace-from
1829 silly ADD node_modules/@babel/plugin-transform-exponentiation-operator
1830 silly ADD node_modules/@babel/plugin-transform-dynamic-import
1831 silly ADD node_modules/@babel/plugin-transform-duplicate-named-capturing-groups-regex
1832 silly ADD node_modules/@babel/plugin-transform-duplicate-keys
1833 silly ADD node_modules/@babel/plugin-transform-dotall-regex
1834 silly ADD node_modules/@babel/plugin-transform-destructuring
1835 silly ADD node_modules/@babel/plugin-transform-computed-properties
1836 silly ADD node_modules/@babel/plugin-transform-classes
1837 silly ADD node_modules/@babel/plugin-transform-classes/node_modules/@babel/helper-annotate-as-pure
1838 silly ADD node_modules/@babel/plugin-transform-class-static-block
1839 silly ADD node_modules/@babel/plugin-transform-class-properties
1840 silly ADD node_modules/@babel/plugin-transform-block-scoping
1841 silly ADD node_modules/@babel/plugin-transform-block-scoped-functions
1842 silly ADD node_modules/@babel/plugin-transform-async-to-generator
1843 silly ADD node_modules/@babel/plugin-transform-async-generator-functions
1844 silly ADD node_modules/@babel/plugin-transform-arrow-functions
1845 silly ADD node_modules/@babel/plugin-syntax-unicode-sets-regex
1846 silly ADD node_modules/@babel/plugin-syntax-import-attributes
1847 silly ADD node_modules/@babel/plugin-syntax-import-assertions
1848 silly ADD node_modules/@babel/plugin-proposal-private-property-in-object
1849 silly ADD node_modules/@babel/plugin-bugfix-v8-static-class-fields-redefine-readonly
1850 silly ADD node_modules/@babel/plugin-bugfix-v8-spread-parameters-in-optional-chaining
1851 silly ADD node_modules/@babel/plugin-bugfix-safari-id-destructuring-collision-in-function-expression
1852 silly ADD node_modules/@babel/plugin-bugfix-safari-class-field-initializer-scope
1853 silly ADD node_modules/@babel/plugin-bugfix-firefox-class-in-computed-class-key
1854 silly ADD node_modules/@babel/parser
1855 silly ADD node_modules/@babel/helpers
1856 silly ADD node_modules/@babel/helper-wrap-function
1857 silly ADD node_modules/@babel/helper-validator-option
1858 silly ADD node_modules/@babel/helper-validator-identifier
1859 silly ADD node_modules/@babel/helper-string-parser
1860 silly ADD node_modules/@babel/helper-split-export-declaration
1861 silly ADD node_modules/@babel/helper-skip-transparent-expression-wrappers
1862 silly ADD node_modules/@babel/helper-replace-supers
1863 silly ADD node_modules/@babel/helper-remap-async-to-generator
1864 silly ADD node_modules/@babel/helper-remap-async-to-generator/node_modules/@babel/helper-annotate-as-pure
1865 silly ADD node_modules/@babel/helper-plugin-utils
1866 silly ADD node_modules/@babel/helper-optimise-call-expression
1867 silly ADD node_modules/@babel/helper-module-transforms
1868 silly ADD node_modules/@babel/helper-module-imports
1869 silly ADD node_modules/@babel/helper-member-expression-to-functions
1870 silly ADD node_modules/@babel/helper-globals
1871 silly ADD node_modules/@babel/helper-define-polyfill-provider
1872 silly ADD node_modules/@babel/helper-define-polyfill-provider/node_modules/resolve
1873 silly ADD node_modules/@babel/helper-create-regexp-features-plugin
1874 silly ADD node_modules/@babel/helper-create-regexp-features-plugin/node_modules/semver
1875 silly ADD node_modules/@babel/helper-create-regexp-features-plugin/node_modules/@babel/helper-annotate-as-pure
1876 silly ADD node_modules/@babel/helper-create-class-features-plugin
1877 silly ADD node_modules/@babel/helper-create-class-features-plugin/node_modules/semver
1878 silly ADD node_modules/@babel/helper-create-class-features-plugin/node_modules/@babel/helper-annotate-as-pure
1879 silly ADD node_modules/@babel/helper-compilation-targets
1880 silly ADD node_modules/@babel/helper-compilation-targets/node_modules/semver
1881 silly ADD node_modules/@babel/helper-annotate-as-pure
1882 silly ADD node_modules/@babel/generator
1883 silly ADD node_modules/@babel/core
1884 silly ADD node_modules/@babel/core/node_modules/semver
1885 silly ADD node_modules/@babel/core/node_modules/convert-source-map
1886 silly ADD node_modules/@babel/compat-data
1887 silly ADD node_modules/@babel/code-frame
1888 silly ADD node_modules/@angular/router
1889 silly ADD node_modules/@angular/platform-browser-dynamic
1890 silly ADD node_modules/@angular/platform-browser
1891 silly ADD node_modules/@angular/forms
1892 silly ADD node_modules/@angular/core
1893 silly ADD node_modules/@angular/compiler-cli
1894 silly ADD node_modules/@angular/compiler-cli/node_modules/readdirp
1895 silly ADD node_modules/@angular/compiler-cli/node_modules/chokidar
1896 silly ADD node_modules/@angular/compiler-cli/node_modules/@babel/core
1897 silly ADD node_modules/@angular/compiler-cli/node_modules/@babel/core/node_modules/semver
1898 silly ADD node_modules/@angular/compiler-cli/node_modules/@babel/core/node_modules/convert-source-map
1899 silly ADD node_modules/@angular/compiler
1900 silly ADD node_modules/@angular/common
1901 silly ADD node_modules/@angular/cli
1902 silly ADD node_modules/@angular/build
1903 silly ADD node_modules/@angular/build/node_modules/convert-source-map
1904 silly ADD node_modules/@angular/build/node_modules/@babel/helper-annotate-as-pure
1905 silly ADD node_modules/@angular/build/node_modules/@babel/core
1906 silly ADD node_modules/@angular/build/node_modules/@babel/core/node_modules/semver
1907 silly ADD node_modules/@angular/animations
1908 silly ADD node_modules/@angular-devkit/schematics
1909 silly ADD node_modules/@angular-devkit/schematics/node_modules/rxjs
1910 silly ADD node_modules/@angular-devkit/core
1911 silly ADD node_modules/@angular-devkit/core/node_modules/rxjs
1912 silly ADD node_modules/@angular-devkit/build-webpack
1913 silly ADD node_modules/@angular-devkit/build-webpack/node_modules/rxjs
1914 silly ADD node_modules/@angular-devkit/build-angular
1915 silly ADD node_modules/@angular-devkit/build-angular/node_modules/tslib
1916 silly ADD node_modules/@angular-devkit/build-angular/node_modules/rxjs
1917 silly ADD node_modules/@angular-devkit/architect
1918 silly ADD node_modules/@angular-devkit/architect/node_modules/rxjs
1919 silly ADD node_modules/@ampproject/remapping
1920 verbose cwd D:\Users\coding\hr_frontend
1921 verbose os Windows_NT 10.0.26200
1922 verbose node v25.2.1
1923 verbose npm  v11.6.3
1924 verbose exit 0
1925 info ok
